{"text":"Gelatinase-A (MMP-2), gelatinase-B (MMP-9) and membrane type matrix metalloproteinase-1 (MT1-MMP) are involved in different aspects of the pathophysiology of malignant gliomas.\nMatrix metalloproteinases (MMPs) have been implicated as important factors in gliomas since they may both facilitate invasion into the surrounding brain and participate in neovascularization. We have tested the hypothesis that deregulated expression of gelatinase-A or B, or an activator of gelatinase-A, MT1-MMP, may contribute directly to human gliomas by quantifying the expression of these MMPs in 46 brain tumour specimens and seven control tissues. Quantitative RT-PCR and gelatin zymography showed that gelatinase-A in glioma specimens was higher than in normal tissue; these were significantly elevated in low grade gliomas and remained elevated in GBMs. Gelatinase-B transcript and activity levels were also higher than in normal brain and more strongly correlated with tumour grade. We did not see a close relationship between the levels of expression of MT1-MMP mRNA and amounts of activated gelatinase-A. In situ hybridization localized gelatinase-A and MT1-MMP transcripts to normal neuronal and glia, malignant glioma cells and blood vessels. In contrast, gelatinase-B showed a more restricted pattern of expression; it was strongly expressed in blood vessels at proliferating margins, as well as tumour cells in some cases. These data suggest that gelatinase-A, -B and MT1-MMP are important in the pathophysiology of human gliomas. The primary role of gelatinase-B may lie in remodelling associated with neovascularization, whereas gelatinase-A and MT1-MMP may be involved in both glial invasion and angiogenesis.\n","denotations":[{"id":"T1","span":{"begin":0,"end":176},"obj":"DRI_Background"},{"id":"T2","span":{"begin":177,"end":368},"obj":"DRI_Approach"},{"id":"T3","span":{"begin":369,"end":631},"obj":"DRI_Approach"},{"id":"T4","span":{"begin":632,"end":839},"obj":"DRI_Background"},{"id":"T5","span":{"begin":840,"end":969},"obj":"DRI_Background"},{"id":"T6","span":{"begin":970,"end":1093},"obj":"DRI_Approach"},{"id":"T7","span":{"begin":1094,"end":1233},"obj":"DRI_Background"},{"id":"T8","span":{"begin":1234,"end":1415},"obj":"DRI_Outcome"},{"id":"T9","span":{"begin":1416,"end":1523},"obj":"DRI_Outcome"},{"id":"T10","span":{"begin":1524,"end":1705},"obj":"DRI_Challenge"}],"relations":[]}