{"text":"Rank-order of potencies for inhibition of the secretion of abeta40 and abeta42 suggests that both are generated by a single gamma-secretase.\nThe Alzheimer's disease amyloid peptide Abeta has a heterogeneous COOH terminus, as variants 40 and 42 residues long are found in neuritic plaques and are secreted constitutively by cultured cells. The proteolytic activity that liberates the Abeta COOH terminus from the beta-amyloid precursor protein is called gamma-secretase. It could be one protease with dual specificity or two distinct enzymes. By using enzyme-linked immunosorbent assays selective for Abeta40 or Abeta42, we have measured Abeta secretion by a HeLa cell line, and we have examined the dose responses for a panel of five structurally diverse gamma-secretase inhibitors. The inhibitors lowered Abeta and p3 secretion and increased levels of the COOH-terminal 99-residue beta-amyloid precursor protein derivative that is the precursor for Abeta but did not alter secretion of beta-amyloid precursor protein derivatives generated by other secretases, indicating that the inhibitors blocked the gamma-secretase processing step. The dose-dependent inhibition of Abeta42 was unusual, as the compounds elevated Abeta42 secretion at sub-inhibitory doses and then inhibited secretion at higher doses. A compound was identified that elevated Abeta42 secretion at a low concentration without inhibiting Abeta42 or Abeta40 at high concentrations, demonstrating that these phenomena are separable pharmacologically. Using either of two methods, IC50 values for inhibition of Abeta42 and Abeta40 were found to have the same rank-order and fall on a trend line with near-unit slope. These results favor the hypothesis that Abeta variants ending at residue 40 or 42 are generated by a single gamma-secretase.\n","denotations":[{"id":"T1","span":{"begin":0,"end":140},"obj":"DRI_Background"},{"id":"T2","span":{"begin":141,"end":338},"obj":"DRI_Background"},{"id":"T3","span":{"begin":339,"end":469},"obj":"DRI_Outcome"},{"id":"T4","span":{"begin":470,"end":541},"obj":"DRI_Outcome"},{"id":"T5","span":{"begin":542,"end":782},"obj":"DRI_Approach"},{"id":"T6","span":{"begin":783,"end":856},"obj":"DRI_Background"},{"id":"T7","span":{"begin":857,"end":894},"obj":"Token_Label.OUTSIDE"},{"id":"T8","span":{"begin":895,"end":1136},"obj":"DRI_Background"},{"id":"T9","span":{"begin":1137,"end":1304},"obj":"DRI_Background"},{"id":"T10","span":{"begin":1305,"end":1515},"obj":"DRI_Background"},{"id":"T11","span":{"begin":1516,"end":1680},"obj":"DRI_Background"},{"id":"T12","span":{"begin":1681,"end":1805},"obj":"DRI_Background"}],"relations":[]}