{"text":"Transgenic mice expressing mutated full-length HD cDNA: a paradigm for locomotor changes and selective neuronal loss in Huntington's disease.\nHuntington's disease (HD) is a progressive neurodegenerative disorder characterized clinically by motor and psychiatric disturbances and pathologically by neuronal loss and gliosis (reactive astrocytosis) particularly in the striatum and cerebral cortex. We have recently created HD full-length cDNA transgenic mouse models that may serve as a paradigm for HD. A more detailed characterization of these models is presented here. The transgene encoding normal huntingtin consists of 9417 bp of the huntingtin coding sequences including 16 tandem CAGs coding for polyglutamines as part of exon 1. The transgene is driven by a heterologous cytomegalovirus promoter. Five independent transgenic mouse lines were obtained using this construct. An additional six transgenic lines were obtained using full-length HD constructs that have been modified to include either 48 or 89 CAG repeat expansions. Southern blot and densitometric analyses indicated unique integration sites for the transgene in each of the lines with a copy number ranging from two to 22 copies. Widespread expression of the transgene in brain, heart, spleen, kidney, lung, liver and gonads from each line was determined by Western blot analyses. In the brain, transgene expression was found in cerebral cortex, striatum, hippocampus and cerebellum. Expression of the transgene was as much as five times the endogenous mouse huntingtin level. Phenotypically, only mice expressing 48 or 89 CAG repeats manifested progressive behavioural and motor dysfunction. Early behavioural abnormalities were characterized by trunk curling and clasping of both fore- and hindlimbs when the animals were suspended by their tails. Subsequently, these mice exhibited hyperkinetic movements, including heightened exploratory activities, unidirectional rotational behaviour, backflipping and excessive grooming that lasted for several weeks. Eventually, the animals progressed to a hypokinetic phase consisting of slowed movements and lack of response to sensory stimuli. Urine retention or incontinence was also a prominent feature of the hypokinetic phase. At the end stage of the disease process, HD48(B,D) and HD89(A-C) mice became akinetic just prior to death. Neuropathological examination of mice at various stages indicated that it was only during the hypokinetic phase and thereafter when selective neuronal loss was most apparent. Regions of neurodegeneration and loss included the striatum, cerebral cortex, thalamus and hippocampus. TUNEL staining indicated an apoptotic mode of cell death in these brain regions. Comparative neuronal counts after Nissl staining showed as much as 20% loss of small and medium neurons in the striatum in mice at the hypokinetic and akinetic stages. Reactive astrocytosis accompanied the areas of neurodegeneration and loss. Polyglutamine aggregates in the form of neuronal intranuclear inclusions and diffuse nuclear and perinuclear aggregations were found in a small percentage of neurons, including those in brain regions that are typically spared in HD. This observation suggests that polyglutamine aggregates may not be sufficient to cause neuronal loss in HD. In both behavioural and neuropathological analyses, wild-type and transgenic animals with 16 CAG repeats were indistinguishable from each other and do not exhibit the changes observed for mice carrying the 48 and 89 CAG repeat mutations. Thus, animals expressing the CAG repeat expansions appear to represent clinically analogous models for HD pathogenesis, and may also provide insights into the underlying pathophysiological mechanisms of other triplet repeat disorders.\n","denotations":[{"id":"T1","span":{"begin":0,"end":141},"obj":"DRI_Challenge"},{"id":"T2","span":{"begin":142,"end":396},"obj":"DRI_Challenge"},{"id":"T3","span":{"begin":397,"end":502},"obj":"DRI_Approach"},{"id":"T4","span":{"begin":503,"end":570},"obj":"DRI_Background"},{"id":"T5","span":{"begin":571,"end":736},"obj":"DRI_Background"},{"id":"T6","span":{"begin":737,"end":804},"obj":"DRI_Approach"},{"id":"T7","span":{"begin":805,"end":880},"obj":"DRI_Approach"},{"id":"T8","span":{"begin":881,"end":1035},"obj":"DRI_Approach"},{"id":"T9","span":{"begin":1036,"end":1200},"obj":"DRI_Outcome"},{"id":"T10","span":{"begin":1201,"end":1351},"obj":"DRI_Background"},{"id":"T11","span":{"begin":1352,"end":1454},"obj":"DRI_Background"},{"id":"T12","span":{"begin":1455,"end":1547},"obj":"DRI_Outcome"},{"id":"T13","span":{"begin":1548,"end":1663},"obj":"DRI_Outcome"},{"id":"T14","span":{"begin":1664,"end":1820},"obj":"DRI_Background"},{"id":"T15","span":{"begin":1821,"end":2028},"obj":"DRI_Background"},{"id":"T16","span":{"begin":2029,"end":2158},"obj":"DRI_Background"},{"id":"T17","span":{"begin":2159,"end":2245},"obj":"DRI_Background"},{"id":"T18","span":{"begin":2246,"end":2352},"obj":"DRI_Approach"},{"id":"T19","span":{"begin":2353,"end":2527},"obj":"DRI_Background"},{"id":"T20","span":{"begin":2528,"end":2631},"obj":"DRI_Background"},{"id":"T21","span":{"begin":2632,"end":2712},"obj":"DRI_Background"},{"id":"T22","span":{"begin":2713,"end":2880},"obj":"DRI_Outcome"},{"id":"T23","span":{"begin":2881,"end":2955},"obj":"DRI_Background"},{"id":"T24","span":{"begin":2956,"end":3188},"obj":"DRI_Background"},{"id":"T25","span":{"begin":3189,"end":3296},"obj":"DRI_Outcome"},{"id":"T26","span":{"begin":3297,"end":3534},"obj":"DRI_Outcome"},{"id":"T27","span":{"begin":3535,"end":3769},"obj":"DRI_Challenge"}],"relations":[]}