{"text":"Sentinel node biopsy in ductal carcinoma in situ patients.\nSentinel lymph node (SLN) mapping is an effective and accurate method of evaluating the regional lymph nodes in breast cancer patients. The SLN is the first node that receives lymphatic drainage from the primary tumor. Patients with micrometastatic disease, previously undetected by routine hematoxylin and eosin (HandE) stains, are now being detected with the new technology of SLN biopsy, followed by a more detailed examination of the SLN that includes serial sectioning and cytokeratin immunohistochemical (CK IHC) staining of the nodes. At Moffitt Cancer Center, 87 patients with newly diagnosed pure ductal carcinoma in situ (DCIS) lesions were evaluated by using CK IHC staining of the SLN. Patients with any focus of microinvasive disease, detected on diagnostic breast biopsy by routine HandE, were excluded from this study. DCIS patients, with biopsy-proven in situ tumor by routine HandE stains, underwent intraoperative lymphatic mapping, using a combination of vital blue dye and technetium-labeled sulfur colloid. The excised SLNs were examined grossly, by imprint cytology, by standard HandE histology, and by IHC stains for CK. All SLNs that had only CK-positive cells were subsequently confirmed malignant by a more detailed histological examination of the nodes. CK IHC staining was performed on 177 SLNs in 87 DCIS breast cancer patients. Five of the 87 DCIS patients (6%) had positive SLNs. Three of these patients were only CK positive and two were both HandE and CK positive. Therefore, routine HandE staining missed microinvasive disease in three of five DCIS patients with positive SLNs. In addition, DCIS patients with occult micrometastatic disease to the SLN underwent a complete axillary lymph node dissection, and the SLNs were the only nodes found to have metastatic disease. Of interest, four of the five node-positive patients had comedo carcinoma associated with the DCIS lesion, and one patient had a large 9.5-cm low grade cribriform and micropapillary type of DCIS. This study confirms that lymphatic mapping in breast cancer patients with DCIS lesions is a technically feasible and a highly accurate method of staging patients with undetected micrometastatic disease to the regional lymphatic basin. This procedure can be performed with minimal morbidity, because only one or two SLNs, which are at highest risk for containing metastatic disease, are removed. This allows the pathologist to examine the one or two lymph nodes with greater detail by using serial sectioning and CK IHC staining of the SLNs. Because most patients with DCIS lesions detected by routine HandE stains do not have regional lymph node metastases, these patients can safely avoid the complications associated with a complete axillary lymph node dissection and systemic chemotherapy. However, DCIS patients with occult micrometastases of the regional lymphatic basin can be staged with higher accuracy and treated in a more selective fashion.\n","denotations":[{"id":"T1","span":{"begin":0,"end":58},"obj":"DRI_Background"},{"id":"T2","span":{"begin":59,"end":194},"obj":"DRI_Outcome"},{"id":"T3","span":{"begin":195,"end":277},"obj":"DRI_Outcome"},{"id":"T4","span":{"begin":278,"end":600},"obj":"DRI_Unspecified"},{"id":"T5","span":{"begin":601,"end":756},"obj":"DRI_Background"},{"id":"T6","span":{"begin":757,"end":892},"obj":"DRI_Approach"},{"id":"T7","span":{"begin":893,"end":1086},"obj":"DRI_Background"},{"id":"T8","span":{"begin":1087,"end":1202},"obj":"DRI_Background"},{"id":"T9","span":{"begin":1203,"end":1339},"obj":"DRI_Outcome"},{"id":"T10","span":{"begin":1340,"end":1416},"obj":"DRI_Approach"},{"id":"T11","span":{"begin":1417,"end":1469},"obj":"DRI_Background"},{"id":"T12","span":{"begin":1470,"end":1556},"obj":"DRI_Approach"},{"id":"T13","span":{"begin":1557,"end":1670},"obj":"DRI_Approach"},{"id":"T14","span":{"begin":1671,"end":1864},"obj":"DRI_Outcome"},{"id":"T15","span":{"begin":1865,"end":2060},"obj":"DRI_Outcome"},{"id":"T16","span":{"begin":2061,"end":2295},"obj":"DRI_Challenge"},{"id":"T17","span":{"begin":2296,"end":2455},"obj":"DRI_Outcome"},{"id":"T18","span":{"begin":2456,"end":2601},"obj":"DRI_Outcome"},{"id":"T19","span":{"begin":2602,"end":2853},"obj":"DRI_Approach"},{"id":"T20","span":{"begin":2854,"end":3012},"obj":"DRI_Background"}],"relations":[]}