{"text":"Neurons regulate extracellular levels of amyloid beta-protein via proteolysis by insulin-degrading enzyme.\nProgressive cerebral accumulation of amyloid beta-protein (Abeta) is an early and invariant feature of Alzheimer's disease. Little is known about how Abeta, after being secreted, is degraded and cleared from the extracellular space of the brain. Defective Abeta degradation could be a risk factor for the development of Alzheimer's disease in some subjects. We reported previously that microglial cells release substantial amounts of an Abeta-degrading protease that, after purification, is indistinguishable from insulin-degrading enzyme (IDE). Here we searched for and characterized a role for IDE in Abeta degradation by neurons, the principal cell type that produces Abeta. Whole cultures of differentiated pheochromocytoma (PC12) cells and primary rat cortical neurons actively degraded endogenously secreted Abeta via IDE. However, unlike that in microglia, IDE in differentiated neurons was not released but localized to the cell surface, as demonstrated by biotinylation. Undifferentiated PC12 cells released IDE into their medium, whereas after differentiation, IDE was cell associated but still degraded Abeta in the medium. Overexpression of IDE in mammalian cells markedly reduced the steady-state levels of extracellular Abeta(40) and Abeta(42), and the catalytic site mutation (E111Q) abolished this effect. We observed a novel membrane-associated form of IDE that is approximately 5 kDa larger than the known cytosolic form in a variety of cells, including differentiated PC12 cells. Our results support a principal role for membrane-associated and secreted IDE isoforms in the degradation and clearance of naturally secreted Abeta by neurons and microglia.\n","denotations":[{"id":"T1","span":{"begin":0,"end":106},"obj":"DRI_Background"},{"id":"T2","span":{"begin":107,"end":230},"obj":"DRI_Background"},{"id":"T3","span":{"begin":231,"end":352},"obj":"DRI_Background"},{"id":"T4","span":{"begin":353,"end":464},"obj":"DRI_Challenge"},{"id":"T5","span":{"begin":465,"end":652},"obj":"DRI_Outcome"},{"id":"T6","span":{"begin":653,"end":784},"obj":"DRI_Approach"},{"id":"T7","span":{"begin":785,"end":935},"obj":"DRI_Background"},{"id":"T8","span":{"begin":936,"end":1086},"obj":"DRI_Outcome"},{"id":"T9","span":{"begin":1087,"end":1241},"obj":"DRI_Background"},{"id":"T10","span":{"begin":1242,"end":1428},"obj":"DRI_Outcome"},{"id":"T11","span":{"begin":1429,"end":1605},"obj":"DRI_Challenge"},{"id":"T12","span":{"begin":1606,"end":1779},"obj":"DRI_Outcome"}],"relations":[]}