{"text":"Arm trajectory and representation of movement processing in motor cortical activity.\nWe review experiments in which single-cell primary motor cortical activity was recorded from Rhesus monkeys (Macaca mulatta) while they performed reaching and drawing tasks. The directional tuning curves generated during reaching were modulated by the speed of movement and this was reflected in the magnitude of population vectors calculated from firing rates of a large population of cells. Directional and speed representation in the firing rates of these cells is robust across both reaching and drawing. Several behavioural invariants related to the speed of drawing were represented in the time-series of population vectors. This high fidelity neural representation of velocity found in motor cortex can be used to visualize the dynamics of motor cortical activity during drawing and suggests that the cost function governing the rate of drawing is bound by neural processing.\n","denotations":[{"id":"T1","span":{"begin":0,"end":84},"obj":"DRI_Approach"},{"id":"T2","span":{"begin":85,"end":258},"obj":"DRI_Approach"},{"id":"T3","span":{"begin":259,"end":477},"obj":"DRI_Outcome"},{"id":"T4","span":{"begin":478,"end":593},"obj":"DRI_Outcome"},{"id":"T5","span":{"begin":594,"end":715},"obj":"DRI_Background"},{"id":"T6","span":{"begin":716,"end":967},"obj":"DRI_Challenge"}],"relations":[]}