{"text":"In vivo migration of transplanted myoblasts requires matrix metalloproteinase activity.\nMuscle cell migration and extracellular matrix remodeling are essential aspects of muscle development and regeneration. In this study, using a new technique to assess in vivo myoblast migration, we have confirmed previous results showing that the C(2)C(12) myoblast cell line exhibits a higher migratory capacity than primary myoblasts. To test the hypothesis that matrix metalloproteinases (MMPs) are required for the migration of C(2)C(12) myoblasts, we determined whether a synthetic metalloproteinase inhibitor, BB94 (Batimastat), inhibited this process in vivo. Pretreatment with BB94 for 3 days decreased the C(2)C(12) migration at 2 days after cell injection. Since MMP expression is thus necessary for myoblast migration, we have undertaken the identification and characterization of the MMPs expressed by the C(2)C(12) cell line. An RT-PCR assay was used to determine the pattern of MMP mRNA expression by the C(2)C(12) cell line. The proteolytic activities of the MMPs secreted in the culture medium were also assessed by gelatin zymography. The results showed that MMP2 (gelatinase A, 72-kDa type IV collagenase) and MT1-MMP transcripts were expressed by this cell line; however, only MMP2 was secreted and was able to be activated in the extracellular environment. This cell line failed to express MMP9 (gelatinase B, 92-kDa type IV collagenase), stromelysine 2, or stromelysine 3. Our observation that the membrane type MMP (MT1-MMP) transcript is also expressed by the C(2)C(12) suggests that the MMP2 proform (pro-MMP2), may be activated by the MT1-MMP. This possibility is supported by our observation that the pretreatment of C(2)C(12) with concanavalin A (which is known to induce the expression of MT1-MMP) resulted in the processing of pro-MMP2 to its mature form, in a dose-dependent manner. Overexpression and activation of MMP2 in normal myoblasts showed significant increased migration of mouse myoblasts in vivo. Our finding that MMP2 and MT1-MMP gene are coexpressed by C(2)C(12) myoblasts could account for the high migratory capacity of C(2)C(12). Together these results supported the importance of MMP2 and its activation by MT1-MMP for myoblast migration.\n","denotations":[{"id":"T1","span":{"begin":0,"end":87},"obj":"DRI_Background"},{"id":"T2","span":{"begin":88,"end":207},"obj":"DRI_Background"},{"id":"T3","span":{"begin":208,"end":424},"obj":"DRI_Approach"},{"id":"T4","span":{"begin":425,"end":654},"obj":"DRI_Approach"},{"id":"T5","span":{"begin":655,"end":754},"obj":"DRI_Approach"},{"id":"T6","span":{"begin":755,"end":926},"obj":"DRI_Approach"},{"id":"T7","span":{"begin":927,"end":1027},"obj":"DRI_Background"},{"id":"T8","span":{"begin":1028,"end":1139},"obj":"DRI_Background"},{"id":"T9","span":{"begin":1140,"end":1364},"obj":"DRI_Outcome"},{"id":"T10","span":{"begin":1365,"end":1481},"obj":"DRI_Approach"},{"id":"T11","span":{"begin":1482,"end":1598},"obj":"DRI_Approach"},{"id":"T12","span":{"begin":1599,"end":1611},"obj":"Token_Label.OUTSIDE"},{"id":"T13","span":{"begin":1612,"end":1656},"obj":"DRI_Approach"},{"id":"T14","span":{"begin":1657,"end":1900},"obj":"DRI_Approach"},{"id":"T15","span":{"begin":1901,"end":2025},"obj":"DRI_Background"},{"id":"T16","span":{"begin":2026,"end":2163},"obj":"DRI_Approach"},{"id":"T17","span":{"begin":2164,"end":2273},"obj":"DRI_Unspecified"}],"relations":[]}