{"text":"Gender of the embryo contributes to CAG instability in transgenic mice containing a Huntington's disease gene.\nGender is known to influence the transmission of trinucleotide repeats in human disease. However, the molecular basis for the parent-of-origin effect associated with trinucleotide repeat expansion is not known. We have followed, during transmission, the fate of the CAG trinucleotide repeat in a transgene containing the exon 1 portion of the human Huntington's disease (HD) gene. Similar to humans, the mouse transmits expansions predominantly through the male germ line. Surprisingly, we find that the CAG repeat size of the mutant human HD gene is different in male and female progeny from identical fathers. Males predominantly expand the repeat whereas females predominantly contract the repeat. In contrast to the classic definition of imprinting, CAG expansion is influenced by the gender of the embryo. Our results raise the possibility that there are X- or Y-encoded factors that influence repair or replication of DNA in the embryo. Gender dependence in the embryo may explain why expansion in HD from premutation to disease primarily occurs through the paternal line.\n","denotations":[{"id":"T1","span":{"begin":0,"end":110},"obj":"DRI_Outcome"},{"id":"T2","span":{"begin":111,"end":199},"obj":"DRI_Background"},{"id":"T3","span":{"begin":200,"end":321},"obj":"DRI_Approach"},{"id":"T4","span":{"begin":322,"end":491},"obj":"DRI_Approach"},{"id":"T5","span":{"begin":492,"end":583},"obj":"DRI_Background"},{"id":"T6","span":{"begin":584,"end":722},"obj":"DRI_Outcome"},{"id":"T7","span":{"begin":723,"end":811},"obj":"DRI_Approach"},{"id":"T8","span":{"begin":812,"end":921},"obj":"DRI_Approach"},{"id":"T9","span":{"begin":922,"end":1053},"obj":"DRI_Outcome"},{"id":"T10","span":{"begin":1054,"end":1189},"obj":"DRI_Background"}],"relations":[]}