{"text":"Chronic nicotine exposure reduces N-methyl-D-aspartate receptor-mediated damage in the hippocampus without altering calcium accumulation or extrusion: evidence of calbindin-D28K overexpression.\nNeuronal accumulation of excess Ca2+ has been implicated in cellular death following several forms of physical and chemotoxic insult. Recent studies have suggested that exposure to agonists at brain nicotinic acetylcholine receptors reduces cytotoxic consequences of increased intracellular Ca2+ following some insults. In the present study, the ability of chronic exposure to (-)-nicotine to reduce cytotoxicity and attenuate increases in intracellular Ca2+ caused by exposure to N-methyl-D-aspartate were examined in organotypic cultures of rat hippocampus. Cultures were exposed to nicotine (0.1-10.0 microM) for five days prior to excitotoxic insult with N-methyl-D-aspartate. Exposure to N-methyl-D-aspartate produced concentration-dependent increases in both accumulation of 45Ca and in early and delayed cell death in the CA1, CA3 and dentate gyrus regions of cultures. The CA1 region of the hippocampus displayed the greatest sensitivity to cytotoxic effects of N-methyl-D-aspartate exposure; however, this regional difference was not associated with increased accumulation of 45Ca. Prior exposure to nicotine markedly attenuated N-methyl-D-aspartate-induced early and delayed cell death in each hippocampal region at concentrations as low as 0.1microM. However, nicotine did not alter the initial N-methyl-D-aspartate-stimulated influx of 45Ca or enhance extrusion of accumulated 45Ca measured at several time-points after insult. Five days of exposure to nicotine markedly increased immunoreactivity of the Ca2+ binding protein calbindin-D28K in each region of hippocampal cultures, effects reduced by mecamylamine co-exposure. These findings suggest that the potent protective effects of chronic nicotine exposure against neuronal overexcitation are not likely attributable to attenuations of Ca2+ accumulation, but are likely related to increased buffering of accumulated Ca2+.\n","denotations":[{"id":"T1","span":{"begin":0,"end":193},"obj":"DRI_Background"},{"id":"T2","span":{"begin":194,"end":327},"obj":"DRI_Background"},{"id":"T3","span":{"begin":328,"end":513},"obj":"DRI_Background"},{"id":"T4","span":{"begin":514,"end":753},"obj":"DRI_Challenge"},{"id":"T5","span":{"begin":754,"end":789},"obj":"DRI_Background"},{"id":"T6","span":{"begin":789,"end":804},"obj":"Token_Label.OUTSIDE"},{"id":"T7","span":{"begin":804,"end":874},"obj":"DRI_Background"},{"id":"T8","span":{"begin":875,"end":1070},"obj":"DRI_Background"},{"id":"T9","span":{"begin":1071,"end":1284},"obj":"DRI_Outcome"},{"id":"T10","span":{"begin":1285,"end":1455},"obj":"DRI_Background"},{"id":"T11","span":{"begin":1456,"end":1633},"obj":"DRI_Background"},{"id":"T12","span":{"begin":1634,"end":1805},"obj":"DRI_Background"},{"id":"T13","span":{"begin":1806,"end":1830},"obj":"Token_Label.OUTSIDE"},{"id":"T14","span":{"begin":1830,"end":1831},"obj":"DRI_Background"},{"id":"T15","span":{"begin":1832,"end":2083},"obj":"DRI_Challenge"}],"relations":[]}