{"text":"Immunohistochemistry of matrix metalloproteinases in reperfusion injury to rat brain: activation of MMP-9 linked to stromelysin-1 and microglia in cell cultures.\nReperfusion damages the blood-brain barrier (BBB). Matrix metalloproteinases (MMPs) are associated with the opening of the BBB, but their cellular localization and activation mechanisms are uncertain. We used immunohistochemistry to determine the cellular localization of the MMPs in reperfused rat brain, and cell cultures to study their activation. Spontaneously hypertensive rats (SHR) had a 90 min middle cerebral artery occlusion (MCAO) followed by reperfusion for times from 3 h to 21 days. Frozen sections were immunostained with antibodies to gelatinase A (MMP-2), stromelysin-1 (MMP-3), and gelatinase B (MMP-9). Sham-operated control rats showed MMP-2 immunostaining in astrocytic processes next to blood vessels. After 3 h of the onset of reperfusion MMP-2 immunostaining increased in astrocytes. At 24 h immunoreactivity for MMP-3 and MMP-9 appeared. MMP-3 co-localized with activated microglia (Ox-42+) and ischemic neurons (NeuN+). MMP-9 immunostaining was seen at 48 h in endothelial cells, neutrophils, and neurons. At 5 and 21 days intense MMP-2 staining was seen in reactive astrocytes around the ischemic core. Studies of activation of the MMP were done in lipopolysaccharide (LPS)-stimulated astrocyte and microglia cultures. Stimulated astrocytes produced an activated form of MMP-2. When microglia were stimulated, they activated MMP-9. Immunostaining showed MMP-3 in cultures of enriched microglial cells. The hydroxymate-type, MMP inhibitor, BB-1101, blocked the activation of MMP-2 and MMP-9 by LPS in mixed glial cultures. We propose that MMP-2 is normally present in astrocytic end feet, and that during ischemia MMP-9 and MMP-3 are produced. MMP-3 in microglia/macrophages may be activating proMMP-9. Our results show that a differential expression of MMPs by astrocytes, microglia, and endothelial cells at the blood vessels is involved in the proteolytic disruption of the BBB.\n","denotations":[{"id":"T1","span":{"begin":0,"end":161},"obj":"DRI_Background"},{"id":"T2","span":{"begin":162,"end":212},"obj":"DRI_Unspecified"},{"id":"T3","span":{"begin":213,"end":362},"obj":"DRI_Approach"},{"id":"T4","span":{"begin":363,"end":512},"obj":"DRI_Approach"},{"id":"T5","span":{"begin":513,"end":658},"obj":"DRI_Background"},{"id":"T6","span":{"begin":659,"end":783},"obj":"DRI_Approach"},{"id":"T7","span":{"begin":784,"end":817},"obj":"DRI_Background"},{"id":"T8","span":{"begin":818,"end":838},"obj":"Token_Label.OUTSIDE"},{"id":"T9","span":{"begin":839,"end":885},"obj":"DRI_Background"},{"id":"T10","span":{"begin":886,"end":923},"obj":"DRI_Background"},{"id":"T11","span":{"begin":924,"end":944},"obj":"Token_Label.OUTSIDE"},{"id":"T12","span":{"begin":945,"end":969},"obj":"DRI_Background"},{"id":"T13","span":{"begin":970,"end":1024},"obj":"DRI_Unspecified"},{"id":"T14","span":{"begin":1031,"end":1043},"obj":"Token_Label.OUTSIDE"},{"id":"T15","span":{"begin":1044,"end":1107},"obj":"DRI_Unspecified"},{"id":"T16","span":{"begin":1114,"end":1128},"obj":"Token_Label.OUTSIDE"},{"id":"T17","span":{"begin":1129,"end":1193},"obj":"DRI_Approach"},{"id":"T18","span":{"begin":1194,"end":1291},"obj":"DRI_Background"},{"id":"T19","span":{"begin":1292,"end":1407},"obj":"DRI_Background"},{"id":"T20","span":{"begin":1408,"end":1466},"obj":"DRI_Background"},{"id":"T21","span":{"begin":1467,"end":1520},"obj":"DRI_Background"},{"id":"T22","span":{"begin":1521,"end":1590},"obj":"DRI_Background"},{"id":"T23","span":{"begin":1591,"end":1710},"obj":"DRI_Outcome"},{"id":"T24","span":{"begin":1711,"end":1831},"obj":"DRI_Challenge"},{"id":"T25","span":{"begin":1832,"end":1890},"obj":"DRI_Approach"},{"id":"T26","span":{"begin":1891,"end":2069},"obj":"DRI_Outcome"}],"relations":[]}