{"text":"Matrix metalloproteinase inhibitor KB-R7785 attenuates brain damage resulting from permanent focal cerebral ischemia in mice.\nMatrix metalloproteinases (MMPs) are proteolytic enzymes that can degrade the extracellular matrix. MMP-9 and MMP-2 have been implicated in brain injury formation. The authors examined the effect of MMP inhibitor KB-R7785 on brain infarct formation resulting from permanent focal cerebral ischemia in mice. Ischemia was induced by intraluminal middle cerebral artery occlusion (MCAO) in mice under halothane anesthesia. Zymography was conducted to measure the MMPs activity in ischemic brain tissues. Injection of KB-R7785 (100 mg/kg) 30 min before MCAO significantly decreased both MMP-9 activity and infarct volume determined at 24 h. In addition, KB-R7785 injected twice at 1 and 4.5 h after MCAO significantly decreased infarct volume. These results indicate that KB-R7785 has a protective efficacy against focal cerebral ischemia, and our data provide further evidence that MMP-9 contributes to brain infarct formation.\n","denotations":[{"id":"T1","span":{"begin":0,"end":125},"obj":"DRI_Challenge"},{"id":"T2","span":{"begin":126,"end":225},"obj":"DRI_Approach"},{"id":"T3","span":{"begin":226,"end":289},"obj":"DRI_Background"},{"id":"T4","span":{"begin":290,"end":432},"obj":"DRI_Background"},{"id":"T5","span":{"begin":433,"end":545},"obj":"DRI_Background"},{"id":"T6","span":{"begin":546,"end":626},"obj":"DRI_Background"},{"id":"T7","span":{"begin":627,"end":865},"obj":"DRI_Outcome"},{"id":"T8","span":{"begin":866,"end":1050},"obj":"DRI_Outcome"}],"relations":[]}