{"text":"Neuroprotection by memantine, a non-competitive NMDA receptor antagonist after traumatic brain injury in rats.\nThis study investigated whether memantine, a non-competitive NMDA receptor antagonist is neuroprotective after traumatic brain injury (TBI) induced in adult rats with a controlled cortical impact device. TBI led to significant neuronal death in the hippocampal CA2 and CA3 regions (by 50 and 59%, respectively), by 7 days after the injury. Treatment of rats with memantine (10 and 20 mg/Kg, i.p.) immediately after the injury significantly prevented the neuronal loss in both CA2 and CA3 regions. This is the first study showing the neuroprotective potential of memantine to prevent the TBI-induced neuronal damage.\n","denotations":[{"id":"T1","span":{"begin":0,"end":110},"obj":"DRI_Challenge"},{"id":"T2","span":{"begin":111,"end":314},"obj":"DRI_Challenge"},{"id":"T3","span":{"begin":315,"end":450},"obj":"DRI_Background"},{"id":"T4","span":{"begin":451,"end":507},"obj":"DRI_Background"},{"id":"T5","span":{"begin":508,"end":607},"obj":"DRI_Outcome"},{"id":"T6","span":{"begin":608,"end":726},"obj":"DRI_Challenge"}],"relations":[]}