{"text":"Astrocytic factors protect neuronal integrity and reduce microglial activation in an in vitro model of N-methyl-D-aspartate-induced excitotoxic injury in organotypic hippocampal slice cultures.\nAcute CNS lesions lead to neuronal injury and a parallel glial activation that is accompanied by the release of neurotoxic substances. The extent of the original neuronal damage can therefore be potentiated in a process called secondary damage. As astrocytes are known to secrete immunomodulatory and neuroprotective substances, we investigated whether astrocytic factors can attenuate the amount of neuronal injury as well as the degree of microglial activation in a model of excitotoxic neurodegeneration. Treatment of organotypic hippocampal slice cultures with N-methyl-D-aspartate (NMDA) resulted in a reproducible loss of viable granule cells, partial destruction of the regular hippocampal cytoarchitecture and a concomitant accumulation of amoeboid microglial cells at sites of neuronal damage. Astrocyte-conditioned media reduced the amount of NMDA-induced neuronal injury by 45.3%, diminished the degree of microglial activation and resulted in an improved preservation of the hippocampal cytoarchitecture. Transforming growth factor (TGF)-beta failed to act as a neuroprotectant and even enhanced the amount of neuronal injury by 52.5%. Direct effects of astrocytic factors on isolated microglial cells consisted of increased microglial ramification and down-regulated expression of intercellular adhesion molecule-1, whereas incubation with TGF-beta had no such effects. In summary, our findings show that hitherto unidentified astrocyte-derived factors that are probably not identical with TGF-beta can substantially enhance neuronal survival, either by eliciting direct neuroprotective effects or by modulating the microglial response to neuronal injury.\n","denotations":[{"id":"T1","span":{"begin":0,"end":102},"obj":"DRI_Outcome"},{"id":"T2","span":{"begin":103,"end":143},"obj":"Token_Label.OUTSIDE"},{"id":"T3","span":{"begin":144,"end":193},"obj":"DRI_Outcome"},{"id":"T4","span":{"begin":194,"end":328},"obj":"DRI_Unspecified"},{"id":"T5","span":{"begin":329,"end":438},"obj":"DRI_Outcome"},{"id":"T6","span":{"begin":439,"end":701},"obj":"DRI_Challenge"},{"id":"T7","span":{"begin":702,"end":996},"obj":"DRI_Background"},{"id":"T8","span":{"begin":997,"end":1210},"obj":"DRI_Background"},{"id":"T9","span":{"begin":1211,"end":1341},"obj":"DRI_Outcome"},{"id":"T10","span":{"begin":1342,"end":1576},"obj":"DRI_Background"},{"id":"T11","span":{"begin":1577,"end":1862},"obj":"DRI_Outcome"}],"relations":[]}