{"text":"Stromelysin-1 and gelatinase A are upregulated before TNF-alpha in LPS-stimulated neuroinflammation.\nNeuroinflammation induces a complex molecular cascade that leads to the proteolysis of cells. Matrix metalloproteinases (MMPs) attack all components of the extracellular matrix in a number of neuroinflammatory diseases and cause a delayed opening of the blood-brain barrier (BBB). Earlier, we showed that lipopolysaccharide (LPS) disrupted the BBB through the action of gelatinase B (MMP-9). In a study of cerebral ischemia, gelatinase A (MMP-2) was seen in astrocytic end-feet and stromelysin-1 (MMP-3) in microglia. Since other MMPs may be important in LPS-induced injury, we studied the gene transcription and cellular localization of several MMPs and an inflammatory mediator, tumor necrosis factor (TNF-alpha), using competitive polymerase chain reaction (PCR) and immunohistochemical methods. Significantly elevated levels of MMP-2 and -3 mRNA were observed in LPS-injected brains by 2 h after injection as compared to non-injected brain tissue (P less than 0.05). By 8 h post-LPS injection, gene expression of MMP-2 and -3 had declined in both saline- and LPS-injected tissue, while TNF-alpha mRNA levels rose significantly. Immunohistochemistry of control brains confirmed the earlier observation of MMP-2 immunoreactivity in processes abutting cerebral blood vessels, which increased after LPS injection. The expression of MMP-9 and MMP-3 was localized mainly to the cerebrovasculature in LPS-stimulated brain tissue, predominantly in the perivascular cells of the basal lamina near the site of injection. Both of these proteinases were present at the site of LPS injection at 8 h, but MMP-2 was absent. Our results show that MMP genes are up-regulated prior to the induction of cytokines such as TNF-alpha, and that MMP proteins are prominent around blood vessels in LPS-induced neuroinflammation.\n","denotations":[{"id":"T1","span":{"begin":0,"end":66},"obj":"DRI_Approach"},{"id":"T2","span":{"begin":67,"end":99},"obj":"Token_Label.OUTSIDE"},{"id":"T3","span":{"begin":99,"end":100},"obj":"DRI_Approach"},{"id":"T4","span":{"begin":101,"end":194},"obj":"DRI_Approach"},{"id":"T5","span":{"begin":195,"end":381},"obj":"DRI_Approach"},{"id":"T6","span":{"begin":382,"end":492},"obj":"DRI_Approach"},{"id":"T7","span":{"begin":493,"end":618},"obj":"DRI_Background"},{"id":"T8","span":{"begin":619,"end":899},"obj":"DRI_Challenge"},{"id":"T9","span":{"begin":900,"end":1071},"obj":"DRI_Approach"},{"id":"T10","span":{"begin":1072,"end":1232},"obj":"DRI_Background"},{"id":"T11","span":{"begin":1233,"end":1308},"obj":"DRI_Background"},{"id":"T12","span":{"begin":1309,"end":1331},"obj":"Token_Label.OUTSIDE"},{"id":"T13","span":{"begin":1332,"end":1414},"obj":"DRI_Background"},{"id":"T14","span":{"begin":1415,"end":1615},"obj":"DRI_Background"},{"id":"T15","span":{"begin":1616,"end":1713},"obj":"DRI_Approach"},{"id":"T16","span":{"begin":1714,"end":1877},"obj":"DRI_Outcome"},{"id":"T17","span":{"begin":1878,"end":1907},"obj":"Token_Label.OUTSIDE"},{"id":"T18","span":{"begin":1907,"end":1908},"obj":"DRI_Outcome"}],"relations":[]}