{"text":"Naturally secreted oligomers of amyloid beta protein potently inhibit hippocampal long-term potentiation in vivo.\nAlthough extensive data support a central pathogenic role for amyloid beta protein (Abeta) in Alzheimer's disease, the amyloid hypothesis remains controversial, in part because a specific neurotoxic species of Abeta and the nature of its effects on synaptic function have not been defined in vivo. Here we report that natural oligomers of human Abeta are formed soon after generation of the peptide within specific intracellular vesicles and are subsequently secreted from the cell. Cerebral microinjection of cell medium containing these oligomers and abundant Abeta monomers but no amyloid fibrils markedly inhibited hippocampal long-term potentiation (LTP) in rats in vivo. Immunodepletion from the medium of all Abeta species completely abrogated this effect. Pretreatment of the medium with insulin-degrading enzyme, which degrades Abeta monomers but not oligomers, did not prevent the inhibition of LTP. Therefore, Abeta oligomers, in the absence of monomers and amyloid fibrils, disrupted synaptic plasticity in vivo at concentrations found in human brain and cerebrospinal fluid. Finally, treatment of cells with gamma-secretase inhibitors prevented oligomer formation at doses that allowed appreciable monomer production, and such medium no longer disrupted LTP, indicating that synaptotoxic Abeta oligomers can be targeted therapeutically.\n","denotations":[{"id":"T1","span":{"begin":0,"end":113},"obj":"DRI_Background"},{"id":"T2","span":{"begin":114,"end":411},"obj":"DRI_Background"},{"id":"T3","span":{"begin":412,"end":596},"obj":"DRI_Outcome"},{"id":"T4","span":{"begin":597,"end":790},"obj":"DRI_Background"},{"id":"T5","span":{"begin":791,"end":877},"obj":"DRI_Approach"},{"id":"T6","span":{"begin":878,"end":1023},"obj":"DRI_Outcome"},{"id":"T7","span":{"begin":1024,"end":1201},"obj":"DRI_Challenge"},{"id":"T8","span":{"begin":1202,"end":1401},"obj":"DRI_Background"},{"id":"T9","span":{"begin":1402,"end":1420},"obj":"Token_Label.OUTSIDE"},{"id":"T10","span":{"begin":1421,"end":1463},"obj":"DRI_Background"}],"relations":[]}