{"text":"Alzheimer amyloid beta-peptide inhibits the late phase of long-term potentiation through calcineurin-dependent mechanisms in the hippocampal dentate gyrus.\nThe perforant path projecting from the entorhinal cortex to the hippocampal dentate gyrus is a particularly vulnerable target to the early deposition of amyloid beta (Abeta) peptides in Alzheimer's brain. The authors previously showed that brief applications of Abeta at subneurotoxic concentrations suppressed the early-phase long-term potentiation (E-LTP) in rat dentate gyrus. The current study further examines the effect of Abeta on the late-phase LTP (L-LTP) in this area. Using multiple high-frequency stimulus trains, a stable L-LTP lasting for at least 3 h was induced in the medial perforant path of rat hippocampal slices. Bath application of Abeta(1-42) (0.2-1.0 microM) during the induction trains attenuated both the initial and late stages of L-LTP. On the other hand, Abeta(1-42) perfusion within the first hour following the induction primarily impaired the late stage of L-LTP, which resembled the action of the protein synthesis inhibitor emetine. Blockade of calcineurin activity with FK506 or cyclosporin A completely prevented Abeta-induced L-LTP deficits. These results suggest that Abeta(1-42) impaired both the induction and maintenance phase of dentate L-LTP through calcineurin-dependent mechanisms. In the concentration range effective for inhibiting L-LTP, Abeta(1-42) also reduced the amplitude of NMDA receptor-mediated synaptic currents in dentate granule cells via a postsynaptic mechanism. In addition, concurrent applications of Abeta(1-42) with the protein synthesis inhibitor caused no additive reduction of L-LTP, indicating a common mechanism underlying the action of both. Thus, inhibition of NMDA receptor channels and disruption of protein synthesis were two possible mechanisms contributing to Abeta-induced L-LTP impairment.\n","denotations":[{"id":"T1","span":{"begin":0,"end":155},"obj":"DRI_Background"},{"id":"T2","span":{"begin":156,"end":360},"obj":"DRI_Challenge"},{"id":"T3","span":{"begin":361,"end":535},"obj":"DRI_Background"},{"id":"T4","span":{"begin":536,"end":634},"obj":"DRI_Approach"},{"id":"T5","span":{"begin":635,"end":789},"obj":"DRI_Outcome"},{"id":"T6","span":{"begin":790,"end":823},"obj":"DRI_Background"},{"id":"T7","span":{"begin":823,"end":837},"obj":"Token_Label.OUTSIDE"},{"id":"T8","span":{"begin":837,"end":920},"obj":"DRI_Background"},{"id":"T9","span":{"begin":921,"end":1122},"obj":"DRI_Outcome"},{"id":"T10","span":{"begin":1123,"end":1204},"obj":"DRI_Approach"},{"id":"T11","span":{"begin":1205,"end":1224},"obj":"Token_Label.OUTSIDE"},{"id":"T12","span":{"begin":1225,"end":1234},"obj":"DRI_Approach"},{"id":"T13","span":{"begin":1235,"end":1382},"obj":"DRI_Outcome"},{"id":"T14","span":{"begin":1383,"end":1579},"obj":"DRI_Outcome"},{"id":"T15","span":{"begin":1580,"end":1768},"obj":"DRI_Outcome"},{"id":"T16","span":{"begin":1769,"end":1892},"obj":"DRI_Challenge"},{"id":"T17","span":{"begin":1893,"end":1912},"obj":"Token_Label.OUTSIDE"},{"id":"T18","span":{"begin":1913,"end":1924},"obj":"DRI_Challenge"}],"relations":[]}