{"text":"Neuronal populations in primary motor cortex encode bimanual arm movements.\nPrevious studies have shown that activity of neuronal populations in the primary motor cortex (MI), processed by the population vector method, faithfully predicts upcoming movements. In our previous studies we found that single neurons responded differently during movements of one arm vs. combined movements of the two arms. It was, therefore, not clear whether the population vector approach could produce reliable movement predictions also for bimanual movements. This study tests this question by comparing the predictive quality of population vectors for unimanual and bimanual arm movements. We designed a bimanual motor task that requires coordinated movements of the two arms, in which each arm may move in eight directions, and recorded single unit activity in the MI of two rhesus (Macaca mulatta) monkeys during the performance of unimanual and bimanual arm movements. We analysed the activity of 212 MI cells from both hemispheres and found that, despite bimanual related activity, the directional tuning and preferred directions of most cells were preserved in unimanual and bimanual movements. We demonstrate that population vectors, constructed from the activity of MI cells, predict accurately the direction of movement both for unimanual and for bimanual movements even when the two arms move simultaneously in different directions.\n","denotations":[{"id":"T1","span":{"begin":0,"end":75},"obj":"DRI_Challenge"},{"id":"T2","span":{"begin":76,"end":258},"obj":"DRI_Background"},{"id":"T3","span":{"begin":259,"end":401},"obj":"DRI_Outcome"},{"id":"T4","span":{"begin":402,"end":542},"obj":"DRI_Challenge"},{"id":"T5","span":{"begin":543,"end":673},"obj":"DRI_Approach"},{"id":"T6","span":{"begin":674,"end":955},"obj":"DRI_Approach"},{"id":"T7","span":{"begin":956,"end":1183},"obj":"DRI_Outcome"},{"id":"T8","span":{"begin":1184,"end":1425},"obj":"DRI_Approach"}],"relations":[]}