{"text":"Generation of C-terminally truncated amyloid-beta peptides is dependent on gamma-secretase activity.\nAberrant production of amyloid-beta peptides by processing of the beta-amyloid precursor protein leads to the formation of characteristic extracellular protein deposits which are thought to be the cause of Alzheimer's disease. Therefore, inhibiting the key enzymes responsible for amyloid-beta peptide generation, beta- and gamma-secretase may offer an opportunity to intervene with the progression of the disease. In human brain and cell culture systems a heterogeneous population of amyloid-beta peptides with various truncations is detected and at present, it is unclear how they are produced. We have used a combination of surface enhanced laser desorption/ionization time-of-flight mass spectrometry (SELDI-TOF MS) and a specific inhibitor of gamma-secretase to investigate whether the production of all amyloid-beta peptide species requires the action of gamma-secretase. Using this approach, we demonstrate that the production of all truncated amyloid-beta peptides except those released by the action of the nonamyloidogenic alpha-secretase enzyme or potentially beta-site betaAPP cleaving enzyme 2 depends on gamma-secretase activity. This indicates that none of these peptides are generated by a separate enzyme entity and a specific inhibitor of the gamma-secretase enzyme should havethe potential to block the generation of all amyloidogenicpeptides. Furthermore in the presence of gamma-secretase inhibitors, the observation of increased cleavage of the membrane-bound betaAPP C-terminal fragment C99 by alpha-secretase suggests that during its trafficking C99 encounters compartments in which alpha-secretase activity resides.\n","denotations":[{"id":"T1","span":{"begin":0,"end":100},"obj":"DRI_Background"},{"id":"T2","span":{"begin":101,"end":327},"obj":"DRI_Background"},{"id":"T3","span":{"begin":328,"end":515},"obj":"DRI_Outcome"},{"id":"T4","span":{"begin":516,"end":697},"obj":"DRI_Background"},{"id":"T5","span":{"begin":698,"end":978},"obj":"DRI_Approach"},{"id":"T6","span":{"begin":979,"end":1116},"obj":"DRI_Approach"},{"id":"T7","span":{"begin":1117,"end":1149},"obj":"Token_Label.OUTSIDE"},{"id":"T8","span":{"begin":1150,"end":1171},"obj":"DRI_Approach"},{"id":"T9","span":{"begin":1172,"end":1189},"obj":"Token_Label.OUTSIDE"},{"id":"T10","span":{"begin":1190,"end":1244},"obj":"DRI_Approach"},{"id":"T11","span":{"begin":1245,"end":1463},"obj":"DRI_Outcome"},{"id":"T12","span":{"begin":1464,"end":1741},"obj":"DRI_Outcome"}],"relations":[]}