{"text":"Local field potential oscillations in primate cerebellar cortex: modulation during active and passive expectancy.\nCerebellar local field potential (LFP) oscillations were recorded in the paramedian lobule of one hemisphere, while monkeys were in two behavioral conditions: actively performing an elbow flexion-extension or a lever-press task in response to an auditory or visual stimulus to get reward (active condition), or waiting quietly for the reward to come in the same time window after the appearance of the stimulus (passive condition). The oscillations in the paramedian lobule were first characterized in four monkeys, and they showed an idiosyncratic frequency for each monkey, between 13 and 25 Hz. The granule cell layer multi-unit activity was phase-locked with the negative phase of the LFP oscillations, while Purkinje cell simple spikes were also sometimes phase-locked with the LFP. Three monkeys were trained to perform the motor tasks: the LFP oscillations were modulated, in the active condition, in a systematic manner in relation to the lever-press or elbow flexion-extension tasks. During periods when the monkey was waiting to initiate movement, LFP oscillations appeared and then stopped with movement initiation. This modulation was valid for the task being executed with either hand. Surprisingly, the LFP oscillations were also systematically modulated during the passive condition; as the monkey was waiting for the usual time to get a reward passively, oscillations appeared stronger and were stopped by the end of the usual delay, whether the monkey was rewarded or not. This type of modulation was not affected by the length of the stimulus, as long as the reward window was known to the monkey. If the monkey had not been previously trained to the active condition, the modulation appeared in the passive condition. These results show that cerebellar LFP oscillations in the paramedian lobule are reliably present when the monkey is involved in a waiting period, whether this period ends with an active or passive event. This study provides electrophysiological evidence for a specific pattern of activity in the cerebellum for the expectancy of events that are known to be bound to happen, either externally, or from voluntary action.\n","denotations":[{"id":"T1","span":{"begin":0,"end":113},"obj":"DRI_Outcome"},{"id":"T2","span":{"begin":114,"end":545},"obj":"DRI_Outcome"},{"id":"T3","span":{"begin":546,"end":711},"obj":"DRI_Outcome"},{"id":"T4","span":{"begin":712,"end":901},"obj":"DRI_Background"},{"id":"T5","span":{"begin":902,"end":1106},"obj":"DRI_Approach"},{"id":"T6","span":{"begin":1107,"end":1240},"obj":"DRI_Background"},{"id":"T7","span":{"begin":1241,"end":1312},"obj":"DRI_Outcome"},{"id":"T8","span":{"begin":1313,"end":1603},"obj":"DRI_Outcome"},{"id":"T9","span":{"begin":1604,"end":1729},"obj":"DRI_Outcome"},{"id":"T10","span":{"begin":1730,"end":1850},"obj":"DRI_Approach"},{"id":"T11","span":{"begin":1851,"end":2055},"obj":"DRI_Challenge"},{"id":"T12","span":{"begin":2056,"end":2270},"obj":"DRI_Challenge"}],"relations":[]}