{"text":"Failure of the interaction between presenilin 1 and the substrate of gamma-secretase to produce Abeta in insect cells.\nAggregates of beta-amyloid peptide (Abeta) are the major component of the amyloid core of the senile plaques observed in Alzheimer's disease (AD). Abeta results from the amyloidogenic processing of its precursor, the amyloid precursor protein (APP), by beta- and gamma-secretase activities. If beta-secretase has recently been identified and termed BACE, the identity of gamma-secretase is still obscure. Studies with knock-out mice showed that presenilin 1 (PS1), of which mutations are known to be the first cause of inherited AD, is mandatory for the gamma-secretase activity. However, the proteolytic activity of PS1 remains a matter of debate. Here we used transfected Sf9 insect cells, a cellular model lacking endogenous beta- and/or gamma-secretase activities, to characterize the role of BACE and PS1 in the amyloidogenic processing of human APP. We show that, in Sf9 cells, BACE performs the expected beta-secretase cleavage of APP, generating C99. We also show that C99, which is a substrate of gamma-secretase, tightly binds to the human PS1. Despite this interaction, Sf9 cells still do not produce Abeta. This strongly argues against a direct proteolytic activity of PS1 in APP processing, and points toward an implication of PS1 in trafficking/presenting its substrate to the gamma-secretase.\n","denotations":[{"id":"T1","span":{"begin":0,"end":118},"obj":"DRI_Approach"},{"id":"T2","span":{"begin":119,"end":265},"obj":"DRI_Background"},{"id":"T3","span":{"begin":266,"end":409},"obj":"DRI_Background"},{"id":"T4","span":{"begin":410,"end":523},"obj":"DRI_Background"},{"id":"T5","span":{"begin":524,"end":698},"obj":"DRI_Background"},{"id":"T6","span":{"begin":699,"end":767},"obj":"DRI_Challenge"},{"id":"T7","span":{"begin":768,"end":974},"obj":"DRI_Approach"},{"id":"T8","span":{"begin":975,"end":1077},"obj":"DRI_Outcome"},{"id":"T9","span":{"begin":1078,"end":1173},"obj":"DRI_Outcome"},{"id":"T10","span":{"begin":1174,"end":1237},"obj":"DRI_Approach"},{"id":"T11","span":{"begin":1238,"end":1426},"obj":"DRI_Background"}],"relations":[]}