{"text":"MMP-9 and EBA immunoreactivity after papaverine mediated opening of the blood-brain barrier.\nPapaverine is a non-specific vasodilatory drug, which was found to unexpectedly cause opening of the blood-brain barrier (BBB). We studied the expression of two endothelial cell related markers, endothelial barrier antigen (EBA) as a marker of BBB intactness, and matrix metalloproteinase-9 (MMP-9), an extracellular matrix molecule, the activation of which results in BBB opening. Immunoreactivity was quantified after intra-carotid injection of papaverine in rats. BBB opening was identified at 1 h, but had been reversed by 24 h. Reduction in EBA-immunoreactivity occurred at 3 h, whereas MMP-9 was not observed until 24 h. The activation of MMP-9 thus occurred much later than BBB opening, which suggests a different role for MMP-9 when selective and reversible opening of the BBB is produced by pharmacological manipulation.\n","denotations":[{"id":"T1","span":{"begin":0,"end":92},"obj":"DRI_Approach"},{"id":"T2","span":{"begin":93,"end":220},"obj":"DRI_Background"},{"id":"T3","span":{"begin":221,"end":474},"obj":"DRI_Approach"},{"id":"T4","span":{"begin":475,"end":559},"obj":"DRI_Background"},{"id":"T5","span":{"begin":560,"end":922},"obj":"DRI_Outcome"}],"relations":[]}