{"text":"Neuroprotective effect of memantine in different retinal injury models in rats.\nTo evaluate the neuroprotective effect of memantine, an NMDA receptor channel blocker, in two retinal ganglion cell (RGC) injury models in rats. Neuroprotective effect of memantine was tested in partial optic nerve injury and chronic ocular hypertensive models. In the optic nerve injury model, memantine (0.1 - 30 mg/kg) was injected intraperitoneally immediately after injury. Two weeks later, optic nerve function was determined by measuring compound action potential and surviving RGC was determined by retrograde labeling with dextran tetramethyl rhodamine. Chronic ocular hypertension was attained by laser photocoagulation of episcleral and limbal veins. Memantine (5 or 10 mg/kg) was administered continuously each day with an osmotic pump, either immediately after or 10 days after first laser photocoagulation, for 3 weeks, after which RGC survival was determined. Two weeks after partial optic nerve injury, there was approximately 80% reduction in RGC number. Memantine (5 mg/kg) caused a twofold increase in compound action potential amplitude and a 1.7-fold increase in survival of RGCs, respectively. In the chronic ocular hypertension model there was 37% decrease in RGCs after 3 weeks of elevated intraocular pressure. Memantine (10 mg/kg daily) reduced ganglion cell loss to 12% when applied immediately after first laser photocoagulation, and prevented any further loss when applied 10 days after first laser photocoagulation. The protective effect of memantine suggests that excessive stimulation of NMDA receptors by glutamate is involved in causing cell damage in these RGC injury models.\n","denotations":[{"id":"T1","span":{"begin":0,"end":79},"obj":"DRI_Background"},{"id":"T2","span":{"begin":80,"end":224},"obj":"DRI_Background"},{"id":"T3","span":{"begin":225,"end":341},"obj":"DRI_Challenge"},{"id":"T4","span":{"begin":342,"end":458},"obj":"DRI_Background"},{"id":"T5","span":{"begin":459,"end":642},"obj":"DRI_Background"},{"id":"T6","span":{"begin":643,"end":741},"obj":"DRI_Background"},{"id":"T7","span":{"begin":742,"end":954},"obj":"DRI_Approach"},{"id":"T8","span":{"begin":955,"end":1051},"obj":"DRI_Outcome"},{"id":"T9","span":{"begin":1052,"end":1195},"obj":"DRI_Background"},{"id":"T10","span":{"begin":1196,"end":1315},"obj":"DRI_Background"},{"id":"T11","span":{"begin":1316,"end":1525},"obj":"DRI_Approach"},{"id":"T12","span":{"begin":1526,"end":1690},"obj":"DRI_Challenge"}],"relations":[]}