{"text":"Ability of NMDA and non-NMDA receptor antagonists to inhibit cerebral ischemic damage in aged rats.\nAlthough stroke is a major cause of death and disability in the elderly, the inhibitory effects of neuroprotectants in acute stroke have been investigated using experimental cerebral ischemic models of young animals. Recent clinical trials have found that few neuroprotectants are effective. These observations indicate that effects in the clinical setting do not always reflect data from young animals. Thus, we compared the effects of the NMDA receptor antagonist MK-801 and of the AMPA receptor antagonist NBQX (2,3-dihydroxy-6-nitro-7-sulfamoyl-benzo(F)quinixaline) on ischemic cerebral damage in the photothrombosis model of aged and young rats. MK-801 administered immediately after MCA occlusion significantly (P less than 0.05) reduced the extent of cerebral damage in young, but not in aged, rats and the effects of NBQX were similar. In separate experiments, we evaluated brain damage after microinjecting NMDA or kainic acid into the cortex using a stereotaxic apparatus. We found no significant differences in focal cerebral damage caused by NMDA between young and aged rats. On the other hand, kainic acid caused all of the aged rats tested to die, but none of the young rats. Our observations indicate that NMDA and AMPA receptor antagonists are less effective in aged, than in young, rats and that cerebral damage by receptor agonists depends on the type of receptor, such as NMDA and AMPA.\n","denotations":[{"id":"T1","span":{"begin":0,"end":99},"obj":"DRI_Challenge"},{"id":"T2","span":{"begin":100,"end":316},"obj":"DRI_Background"},{"id":"T3","span":{"begin":317,"end":391},"obj":"DRI_Background"},{"id":"T4","span":{"begin":392,"end":503},"obj":"DRI_Outcome"},{"id":"T5","span":{"begin":504,"end":750},"obj":"DRI_Outcome"},{"id":"T6","span":{"begin":751,"end":943},"obj":"DRI_Approach"},{"id":"T7","span":{"begin":944,"end":1082},"obj":"DRI_Approach"},{"id":"T8","span":{"begin":1083,"end":1187},"obj":"DRI_Approach"},{"id":"T9","span":{"begin":1188,"end":1289},"obj":"DRI_Outcome"},{"id":"T10","span":{"begin":1290,"end":1505},"obj":"DRI_Outcome"}],"relations":[]}