{"text":"Ionotropic glutamate receptors: still a target for neuroprotection in brain ischemia? Insights from in vitro studies.\nAlthough experimental studies have widely shown that the pharmacological blockade of ionotropic glutamate receptors reduces ischemic damage, clinical trials with classical AMPA and NMDA glutamate receptor antagonists have provided negative results. To address the involvement of ionotropic glutamate receptors in ischemic damage, corticostriatal brain slices were prepared from adult rats. Extracellular recordings were performed in the striatum after stimulation of the glutamatergic corticostriatal fibres. In vitro ischemia was induced for a 10-min period by omitting oxygen and glucose from the external medium. Under control conditions, ischemia produced an irreversible loss of the corticostriatal field potential amplitude, AP5, a competitive NMDA receptor antagonist, induced a slight rescue of the potential, while ifenprodil, a positive modulator of the proton sensor of the NMDA receptors, allowed a complete recovery from the ischemic insult. Similar neuroprotection was achieved by utilizing either CNQX, a broad spectrum AMPA receptors antagonist, or Joro spider toxin, a selective blocker of calcium permeable AMPA receptors. Interestingly, while CNZX also fully suppressed physiological excitatory transmission, Joro spider toxin was ineffective on this parameter. Finally, lamotrigine and remacemide, two antiepileptic drugs that differentially affect excitatory transmission, exerted neuroprotective effects against ischemia. Noticeably, a combination of low concentrations of these two drugs exerted a stronger neuroprotection than a single drug given in isolation. Thus, it might be possible to reach a neuroprotective action by utilizing doses of these compounds low enough to avoid side effects. Our experimental data still support the idea that a negative modulation of excitatory transmission can be neuroprotective against ischemia. In addition, our findings support the concept that it is possible to produce a significant neuroprotective action in the absence of a relevant interference with normal synaptic transmission.\n","denotations":[{"id":"T1","span":{"begin":0,"end":85},"obj":"DRI_Outcome"},{"id":"T2","span":{"begin":86,"end":117},"obj":"DRI_Unspecified"},{"id":"T3","span":{"begin":118,"end":366},"obj":"DRI_Background"},{"id":"T4","span":{"begin":367,"end":507},"obj":"DRI_Background"},{"id":"T5","span":{"begin":508,"end":626},"obj":"DRI_Background"},{"id":"T6","span":{"begin":627,"end":733},"obj":"DRI_Background"},{"id":"T7","span":{"begin":734,"end":1072},"obj":"DRI_Challenge"},{"id":"T8","span":{"begin":1073,"end":1258},"obj":"DRI_Background"},{"id":"T9","span":{"begin":1259,"end":1398},"obj":"DRI_Outcome"},{"id":"T10","span":{"begin":1399,"end":1561},"obj":"DRI_Background"},{"id":"T11","span":{"begin":1562,"end":1702},"obj":"DRI_Background"},{"id":"T12","span":{"begin":1703,"end":1835},"obj":"DRI_Challenge"},{"id":"T13","span":{"begin":1836,"end":1975},"obj":"DRI_Outcome"},{"id":"T14","span":{"begin":1976,"end":2166},"obj":"DRI_Outcome"}],"relations":[]}