{"text":"N-methyl-D-aspartate receptor blockade after status epilepticus protects against limbic brain damage but not against epilepsy in the kainate model of temporal lobe epilepsy.\nMost patients with temporal lobe epilepsy (TLE), the most common type of epilepsy, show pronounced loss of neurons in limbic brain regions, including the hippocampus. The massive neurodegeneration in the hippocampus is known as hippocampal sclerosis, and is considered one of the hallmarks of this type of difficult-to-treat epilepsy. There is a long and ongoing debate on whether this sclerosis is the result of an initial pathological event, such as a status epilepticus (S.E.), stroke or head trauma, which often precedes the development of TLE, or is caused by the spontaneous recurrent seizures (SRS) once epilepsy has developed. At present, pharmacological prevention of limbic sclerosis is not available. In a clinical situation, such prevention would only be possible if delayed cell death developing after an initial pathological event is involved. Assuming that sclerotic brain lesions provoke epileptogenesis and that delayed cell death is involved in these lesions, it should be possible to prevent both the lesions and the epilepsy by a prophylactic treatment after an initial insult such as an S.E. In order to test this hypothesis, we used a rat model of TLE in which limbic brain lesions and epilepsy with SRS develop after a kainate-induced S.E. A single low dose of the N-methyl-D-aspartate (NMDA) receptor blocker dizocilpine (MK-801) significantly reduced the damage in limbic regions, including the hippocampus and piriform cortex, and completely protected several rats from such damage when given after an S.E. of 90 min induced by kainate, strongly suggesting that delayed cell death is involved in the damage. This was substantiated by the use of molecular and immunohistochemical markers of delayed active ('programmed') cell death. However, the neuroprotection by dizocilpine did not prevent the development of SRS after the S.E., suggesting that structures not protected by dizocilpine may play a role in the genesis of SRS or that epileptogenesis is not the consequence of structural lesions in the limbic system. The only brain regions that exhibited neuronal damage in all rats with SRS were the hilus of the dentate gyrus and the mediodorsal thalamus, although treatment with dizocilpine reduced the severity of damage in the latter region. The data indicate that NMDA receptor blockade immediately after a prolonged S.E. is an effective means to reduce the damage produced by a sustained S.E. in several brain regions, including the hippocampus, but show that this partial neuroprotection of the limbic system does not prevent the development of epilepsy.\n","denotations":[{"id":"T1","span":{"begin":0,"end":173},"obj":"DRI_Challenge"},{"id":"T2","span":{"begin":174,"end":340},"obj":"DRI_Background"},{"id":"T3","span":{"begin":341,"end":508},"obj":"DRI_Challenge"},{"id":"T4","span":{"begin":509,"end":652},"obj":"DRI_Challenge"},{"id":"T5","span":{"begin":652,"end":808},"obj":"DRI_Background"},{"id":"T6","span":{"begin":809,"end":885},"obj":"DRI_Background"},{"id":"T7","span":{"begin":886,"end":1031},"obj":"DRI_Challenge"},{"id":"T8","span":{"begin":1032,"end":1286},"obj":"DRI_Challenge"},{"id":"T9","span":{"begin":1287,"end":1415},"obj":"DRI_Approach"},{"id":"T10","span":{"begin":1416,"end":1435},"obj":"Token_Label.OUTSIDE"},{"id":"T11","span":{"begin":1435,"end":1436},"obj":"DRI_Approach"},{"id":"T12","span":{"begin":1437,"end":1706},"obj":"DRI_Approach"},{"id":"T13","span":{"begin":1707,"end":1807},"obj":"DRI_Approach"},{"id":"T14","span":{"begin":1808,"end":1931},"obj":"DRI_Background"},{"id":"T15","span":{"begin":1932,"end":2215},"obj":"DRI_Approach"},{"id":"T16","span":{"begin":2216,"end":2445},"obj":"DRI_Outcome"},{"id":"T17","span":{"begin":2446,"end":2526},"obj":"DRI_Approach"},{"id":"T18","span":{"begin":2527,"end":2598},"obj":"DRI_Approach"},{"id":"T19","span":{"begin":2599,"end":2761},"obj":"DRI_Outcome"}],"relations":[]}