{"text":"Non-NMDA mechanism in the inhibition of cellular apoptosis and memory impairment induced by repeated ischemia in rats.\nThe spatial memory impairment and expression of apoptotic cells in hippocampal CA1 cells were investigated in rats using single and repeated ischemia models. The neuroprotective and memory-improving effect of YM-90K, an alpha-amino-3-hydroxy-5-methyl-isoxazole-4-propionate (AMPA) receptor antagonist, was compared to MK-801, an N-methyl-D-aspartate (NMDA) receptor antagonist. Twice-repeated ischemia, but not single ischemia, impaired the spatial memory and increased expression of apoptotic cells. YM-90K, given before and 6 h after the second reperfusion, significantly improved the memory and reduced the apoptotic cells 7 days after the second reperfusion in repeated ischemia. MK-801 neither improved the spatial memory nor reduced apoptotic cells. The present study showed that delayed expression of apoptotic cells is mediated by mechanisms involving AMPA receptors, but not by NMDA receptor, during the late phase after reperfusion. YM-90K could provide neuroprotective activity and improve the spatial memory impaired by repeated ischemia.\n","denotations":[{"id":"T1","span":{"begin":0,"end":118},"obj":"DRI_Background"},{"id":"T2","span":{"begin":119,"end":276},"obj":"DRI_Background"},{"id":"T3","span":{"begin":277,"end":496},"obj":"DRI_Background"},{"id":"T4","span":{"begin":497,"end":619},"obj":"DRI_Background"},{"id":"T5","span":{"begin":620,"end":802},"obj":"DRI_Outcome"},{"id":"T6","span":{"begin":803,"end":874},"obj":"DRI_Approach"},{"id":"T7","span":{"begin":875,"end":1061},"obj":"DRI_Challenge"},{"id":"T8","span":{"begin":1062,"end":1169},"obj":"DRI_Background"}],"relations":[]}