{"text":"Cortical representation of bimanual movements.\nIt is well established that the discharge of neurons in primate motor cortex is tuned to the movement direction of the contralateral arm. Interestingly, it has been found that these neurons exhibit a directional tuning to the ipsilateral arm as well and that the preferred directions to both arms tend to be similar. A recent study showed that motor cortex cells are also directionally selective to bimanual movements, but the relationship between the bimanual and unimanual representations remains unclear. To address this issue, we analyzed the responses of motor cortical neurons recorded from two macaque monkeys during unimanual and bimanual reaching movements. We decomposed the bimanual movement representation into contralateral and ipsilateral directionally tuned components. Our major finding is that the movement of the contralateral arm modifies the tuning of the cells to the ipsilateral arm such that: (1) the offset and modulation depth of the tuning are suppressed; and (2) the preferred directions are randomly shifted. Both these effects eliminate the correlation between the contralateral and ipsilateral representations during bimanual movements. We suggest that the modification of the ipsilateral arm representation is caused by the recruitment of local inhibition that conveys callosal inputs during bimanual movements. This hypothesis is supported by the analysis of a model of two motor cortical networks, coupled with sparse random interhemispheric projections that reproduce the main features observed in the data. Finally, we show that the modification of the ipsilateral arm representation reduces the interference between the movements of both arms.\n","denotations":[{"id":"T1","span":{"begin":0,"end":46},"obj":"DRI_Unspecified"},{"id":"T2","span":{"begin":47,"end":184},"obj":"DRI_Approach"},{"id":"T3","span":{"begin":185,"end":363},"obj":"DRI_Outcome"},{"id":"T4","span":{"begin":364,"end":554},"obj":"DRI_Background"},{"id":"T5","span":{"begin":555,"end":713},"obj":"DRI_Approach"},{"id":"T6","span":{"begin":714,"end":831},"obj":"DRI_Approach"},{"id":"T7","span":{"begin":832,"end":1083},"obj":"DRI_Outcome"},{"id":"T8","span":{"begin":1084,"end":1213},"obj":"DRI_Outcome"},{"id":"T9","span":{"begin":1214,"end":1389},"obj":"DRI_Outcome"},{"id":"T10","span":{"begin":1390,"end":1588},"obj":"DRI_Approach"},{"id":"T11","span":{"begin":1589,"end":1726},"obj":"DRI_Outcome"}],"relations":[]}