{"text":"Carcinoma arising from preexisting pregnancy-like and cystic hypersecretory hyperplasia lesions of the breast: a clinicopathologic study of 9 patients.\nThe intimate histologic relationship of pregnancy-like hyperplasia (PLH) and cystic hypersecretory hyperplasia (CHH) has been previously reported. However, none of these published cases contained coexisting carcinoma. In this study, we describe 9 additional cases of this lesion, all of which also revealed ductal carcinoma in situ (DCIS) as well as invasive carcinoma in 1 case. Hematoxylin and eosin-stained slides were reviewed for all cases. All were women who ranged in age from 35 to 49 years (mean 42.0 years; median 42.5 years). Reasons for surgical biopsy were calcifications in 6, breast mass in 2, and nipple discharge in 1. One patient with a mass also experienced nipple discharge. Three women initially underwent needle core biopsy and 6 had an excisional biopsy. Six women ultimately had mastectomies. Histologically, 5 had CHH merging with coexisting PLH. Atypia was seen in one or both components. All 9 cases contained DCIS. Two cases showed micropapillary DCIS, one of which appeared to arise from atypical PLH, while 4 of the 7 cases containing cystic hypersecretory DCIS appeared to arise from coexisting atypical CHH. Well-differentiated invasive carcinoma was identified in 1 case adjacent to cystic hypersecretory DCIS. Subsequent sentinel lymph node biopsy in this case revealed micrometastatic disease. Clinical follow-up was obtained in 9 patients and ranged from 10 to 69 months. All patients were free of disease at the time of last follow-up. Careful clinical follow-up is recommended for lesions that display atypia in PLH, CHH, or a histologically combined lesion. If these lesions are found on a needle core biopsy specimen, an excisional biopsy is recommended. DCIS, usually micropapillary or cystic hypersecretory types, and rarely invasive carcinoma can arise in this setting. Affected patients are typically younger than those with more common types of breast carcinoma.\n","denotations":[{"id":"T1","span":{"begin":0,"end":151},"obj":"DRI_Background"},{"id":"T2","span":{"begin":152,"end":298},"obj":"DRI_Background"},{"id":"T3","span":{"begin":299,"end":369},"obj":"DRI_Background"},{"id":"T4","span":{"begin":370,"end":531},"obj":"DRI_Outcome"},{"id":"T5","span":{"begin":532,"end":597},"obj":"DRI_Unspecified"},{"id":"T6","span":{"begin":598,"end":688},"obj":"DRI_Background"},{"id":"T7","span":{"begin":689,"end":787},"obj":"DRI_Background"},{"id":"T8","span":{"begin":788,"end":846},"obj":"DRI_Approach"},{"id":"T9","span":{"begin":847,"end":929},"obj":"DRI_Background"},{"id":"T10","span":{"begin":930,"end":968},"obj":"DRI_Approach"},{"id":"T11","span":{"begin":969,"end":1023},"obj":"DRI_Unspecified"},{"id":"T12","span":{"begin":1024,"end":1066},"obj":"DRI_Approach"},{"id":"T13","span":{"begin":1067,"end":1094},"obj":"DRI_Unspecified"},{"id":"T14","span":{"begin":1095,"end":1291},"obj":"DRI_Background"},{"id":"T15","span":{"begin":1292,"end":1395},"obj":"DRI_Background"},{"id":"T16","span":{"begin":1396,"end":1480},"obj":"DRI_Outcome"},{"id":"T17","span":{"begin":1481,"end":1559},"obj":"DRI_Background"},{"id":"T18","span":{"begin":1560,"end":1624},"obj":"DRI_Approach"},{"id":"T19","span":{"begin":1625,"end":1748},"obj":"DRI_Challenge"},{"id":"T20","span":{"begin":1749,"end":1846},"obj":"DRI_Approach"},{"id":"T21","span":{"begin":1847,"end":1964},"obj":"DRI_Background"},{"id":"T22","span":{"begin":1965,"end":2059},"obj":"DRI_Background"}],"relations":[]}