{"text":"Memantine blocks alpha7* nicotinic acetylcholine receptors more potently than n-methyl-D-aspartate receptors in rat hippocampal neurons.\nThe N-methyl-d-aspartate (NMDA) receptor antagonist memantine is an approved drug for treatment of Alzheimer's disease (AD). Other such treatments are cholinesterase inhibitors and nicotinic acetylcholine receptor (nAChR)-sensitizing agents such as galantamine. The present study was designed to test whether memantine exerts any effect on the cholinergic system, in particular the Ca(2+)-conducting alpha7(*) nAChR, in cultured hippocampal neurons. Memantine caused a concentration-dependent reduction of the amplitudes of whole-cell currents evoked by the alpha7(*) nAChR-selective agonist choline (10 mM) or by N-methyl-d-aspartate (NMDA) (50 muM) plus glycine (10 muM). It also inhibited tonically activated NMDA receptors. Memantine was more potent in inhibiting alpha7(*) nAChRs than NMDA receptors; at -60 mV, the IC(50) values for memantine were 0.34 and 5.1 muM, respectively. Consistent with an open-channel blocking mechanism, memantine-induced NMDA receptor inhibition was voltage and use-dependent; the Hill coefficient (n(H)) was approximately 1. Memantine-induced alpha7(*) nAChR inhibition had an n(H)  less than  1 and showed a variable voltage dependence; the effect was voltage-independent at 0.1 muM, becoming voltage-dependent at  greater than /=1 muM. Thus, memantine interacts with more than one class of sites on the alpha7(*) nAChRs. One is voltage-sensitive and therefore likely to be within the receptor channel. The other is voltage-insensitive and therefore likely to be in the extracellular domain of the receptor. It is suggested that blockade of alpha7(*) nAChRs by memantine could decrease its effectiveness for treatment of AD, particularly at early stages when the degrees of nAChR dysfunction and of cognitive decline correlate well.\n","denotations":[{"id":"T1","span":{"begin":0,"end":136},"obj":"DRI_Outcome"},{"id":"T2","span":{"begin":137,"end":261},"obj":"DRI_Challenge"},{"id":"T3","span":{"begin":262,"end":398},"obj":"DRI_Background"},{"id":"T4","span":{"begin":399,"end":525},"obj":"DRI_Approach"},{"id":"T5","span":{"begin":525,"end":543},"obj":"Token_Label.OUTSIDE"},{"id":"T6","span":{"begin":543,"end":586},"obj":"DRI_Approach"},{"id":"T7","span":{"begin":587,"end":810},"obj":"DRI_Outcome"},{"id":"T8","span":{"begin":811,"end":864},"obj":"DRI_Approach"},{"id":"T9","span":{"begin":865,"end":1022},"obj":"DRI_Outcome"},{"id":"T10","span":{"begin":1023,"end":1197},"obj":"DRI_Outcome"},{"id":"T11","span":{"begin":1198,"end":1215},"obj":"REPLACED"},{"id":"T12","span":{"begin":1222,"end":1410},"obj":"DRI_Approach"},{"id":"T13","span":{"begin":1411,"end":1495},"obj":"DRI_Approach"},{"id":"T14","span":{"begin":1496,"end":1576},"obj":"DRI_Approach"},{"id":"T15","span":{"begin":1577,"end":1681},"obj":"DRI_Challenge"},{"id":"T16","span":{"begin":1682,"end":1906},"obj":"DRI_Challenge"}],"relations":[]}