{"text":"PAF-induced furin and MT1-MMP expression is independent of MMP-2 activation in corneal myofibroblasts.\nCorneal stromal myofibroblasts express the platelet-activating factor (PAF) receptor, but its role is unclear. In the present study, the effect of PAF on induction of metalloproteinases (MMPs) was investigated. Rabbit corneal myofibroblasts were identified by immunodetection of alpha-smooth muscle (alpha-SM)-actin. MT1-MMP, MMP-2, MMP-9, and tissue inhibitor of matrix metalloproteinase (TIMP)-2 were detected by immunofluorescence. Cells were treated with 100 nM cPAF, with or without the PAF antagonist BN 50730 or the furin inhibitor nona-D-arg-NH(2). Gene-expression levels for furin, urokinase plasminogen activator, MMP-2, MMP-9, MT1-MMP, and TIMP-2 were determined by real-time PCR. Protein expression was assessed by Western blot. MMP-2 and -9 activity was determined by gelatin zymography. Active MT1-MMP levels were measured by ELISA. cPAF triggered significantly increased MT1-MMP, MMP-2, MMP-9, and TIMP-2 mRNA expression, followed by increased active MT1-MMP protein expression at 12 hours, whereas TIMP-2 protein increased at 24 hours. PAF also induced furin gene expression, followed by increased protein expression. Nona-D-arg-NH(2) blocked cPAF induction of MT1-MMP activity. PAF-treated myofibroblasts showed increased active MMP-9 protein, but unchanged MMP-2 activity. Pretreatment with BN 50730 blocked PAF-induced transcription and translation of these proteins. PAF, through a receptor-mediated mechanism, induces a specific pattern of furin, MMP, and TIMP-2 expression in corneal myofibroblasts. MMP-2 activity was unchanged by PAF treatment. These results suggest that in response to the inflammatory mediator PAF, induction of MT1-MMP is independent of MMP-2 activity in corneal myofibroblasts. Thus, PAF-mediated changes in extracellular matrix composition surrounding the myofibroblasts could be important in regulating the corneal scarring process. Moreover, PAF antagonists could be useful in maintaining corneal transparency.\n","denotations":[{"id":"T1","span":{"begin":0,"end":102},"obj":"DRI_Approach"},{"id":"T2","span":{"begin":103,"end":213},"obj":"DRI_Outcome"},{"id":"T3","span":{"begin":214,"end":313},"obj":"DRI_Background"},{"id":"T4","span":{"begin":314,"end":419},"obj":"DRI_Background"},{"id":"T5","span":{"begin":420,"end":537},"obj":"DRI_Background"},{"id":"T6","span":{"begin":538,"end":659},"obj":"DRI_Approach"},{"id":"T7","span":{"begin":660,"end":794},"obj":"DRI_Background"},{"id":"T8","span":{"begin":795,"end":843},"obj":"DRI_Background"},{"id":"T9","span":{"begin":844,"end":903},"obj":"DRI_Unspecified"},{"id":"T10","span":{"begin":904,"end":949},"obj":"DRI_Background"},{"id":"T11","span":{"begin":950,"end":1154},"obj":"DRI_Background"},{"id":"T12","span":{"begin":1155,"end":1236},"obj":"DRI_Background"},{"id":"T13","span":{"begin":1237,"end":1297},"obj":"DRI_Unspecified"},{"id":"T14","span":{"begin":1298,"end":1309},"obj":"REPLACED"},{"id":"T15","span":{"begin":1310,"end":1324},"obj":"Token_Label.OUTSIDE"},{"id":"T16","span":{"begin":1325,"end":1393},"obj":"DRI_Unspecified"},{"id":"T17","span":{"begin":1394,"end":1489},"obj":"DRI_Background"},{"id":"T18","span":{"begin":1490,"end":1624},"obj":"DRI_Approach"},{"id":"T19","span":{"begin":1625,"end":1671},"obj":"DRI_Unspecified"},{"id":"T20","span":{"begin":1672,"end":1825},"obj":"DRI_Challenge"},{"id":"T21","span":{"begin":1826,"end":1982},"obj":"DRI_Approach"},{"id":"T22","span":{"begin":1983,"end":2061},"obj":"DRI_Outcome"}],"relations":[]}