{"text":"Reductions in beta-amyloid concentrations in vivo by the gamma-secretase inhibitors BMS-289948 and BMS-299897.\nA primary pathological feature of Alzheimer's disease is beta-amyloid (Abeta)-containing plaques in brain and cerebral vasculature. Reductions in the formation of Abeta peptides by gamma-secretase inhibitors may be a viable therapy for reducing Abeta in Alzheimer's disease. Here we report on the effects of two orally active gamma-secretase inhibitors. BMS-289948 (4-chloro-N-(2,5-difluorophenyl)-N-((1R)-{4-fluoro-2-(3-(1H-imidazol-1-yl)propyl)phenyl}ethyl)benzenesulfonamide hydrochloride) and BMS-299897 (4-(2-((1R)-1-{((4-chlorophenyl)sulfonyl)-2,5-difluoroanilino}ethyl)-5-fluorophenyl)butanoic acid) markedly reduced both brain and plasma Abeta(1-40) in APP-YAC mice with ED(50) values of 86 and 22 mg/kg per os (po), respectively, for BMS-289948, and 30 and 16 mg/kg po, respectively, for BMS-299897. Both compounds also dose-dependently increased brain concentrations of APP carboxy-terminal fragments, consistent with inhibition of gamma-secretase. BMS-289948 and BMS-299897 (100 mg/kg po) reduced brain and plasma Abeta(1-40) rapidly (within 20min) and maximally within 3 h. BMS-299897 also dose-dependently reduced cortical, cerebrospinal fluid (CSF), and plasma Abeta in guinea pigs with ED(50) values of 30 mg/kg intraperitoneally, without affecting CSF levels of alpha-sAPP. The reductions in cortical Abeta correlated significantly with the reductions in both plasma (r(2) = 0.77) and CSF (r(2) = 0.61) Abeta. The decreases in Abeta were apparent at 3 and 6 h post-administration of BMS-299897, but not at 12h. These results demonstrate that BMS-289948 and BMS-299897 are orally bioavailable, functional gamma-secretase inhibitors with the ability to markedly reduce Abeta peptide concentrations in APP-YAC transgenic mice and in guinea pigs. These compounds may be useful pharmacologically for examining the effects of reductions in beta-amyloid peptides in both animal models and in Alzheimer's disease.\n","denotations":[{"id":"T1","span":{"begin":0,"end":110},"obj":"DRI_Background"},{"id":"T2","span":{"begin":111,"end":242},"obj":"DRI_Challenge"},{"id":"T3","span":{"begin":243,"end":385},"obj":"DRI_Challenge"},{"id":"T4","span":{"begin":386,"end":464},"obj":"DRI_Approach"},{"id":"T5","span":{"begin":465,"end":919},"obj":"DRI_Unspecified"},{"id":"T6","span":{"begin":920,"end":1069},"obj":"DRI_Outcome"},{"id":"T7","span":{"begin":1070,"end":1400},"obj":"DRI_Unspecified"},{"id":"T8","span":{"begin":1401,"end":1536},"obj":"DRI_Outcome"},{"id":"T9","span":{"begin":1537,"end":1637},"obj":"DRI_Approach"},{"id":"T10","span":{"begin":1638,"end":1869},"obj":"DRI_Background"},{"id":"T11","span":{"begin":1870,"end":2032},"obj":"DRI_Outcome"}],"relations":[]}