{"text":"Matrix metalloproteinases in early diabetic retinopathy and their role in alteration of the blood-retinal barrier.\nOne of the early features of diabetic retinopathy is the alteration of the blood-retinal barrier (BRB), which may involve the breakdown of endothelial cell tight junctions. The aim of this study was to examine the expression of extracellular proteinases in an animal model of early diabetic retinopathy and to determine their role in the alteration of the BRB. Matrix metalloproteinase (MMP) expression was studied in the retinas of rats with 12 weeks of diabetes. The role of MMPs in regulating tight junction function was investigated in retinal endothelial and pigment epithelial cells by measuring transepithelial electrical resistance (TER). The retinas of diabetic animals demonstrated elevated levels of MMP-2, MMP-9 and MMP-14 messenger RNA. A significant increase in the production of MMP-9 was seen when cells were exposed to high glucose conditions. Both cell types treated with purified MMP-2 or MMP-9 were found to have alterations of tight junction function as shown by decreased TER. Western blot analysis of cell extracts treated with MMP-2 or MMP-9, revealed specific degradation of the tight junction protein, occludin. Results suggest that elevated expression of MMPs in the retina may facilitate an increase in vascular permeability by a mechanism involving proteolytic degradation of the tight junction protein occludin followed by disruption of the overall tight junction complex.\n","denotations":[{"id":"T1","span":{"begin":0,"end":114},"obj":"DRI_Background"},{"id":"T2","span":{"begin":115,"end":287},"obj":"DRI_Background"},{"id":"T3","span":{"begin":288,"end":475},"obj":"DRI_Background"},{"id":"T4","span":{"begin":476,"end":579},"obj":"DRI_Background"},{"id":"T5","span":{"begin":580,"end":761},"obj":"DRI_Background"},{"id":"T6","span":{"begin":762,"end":864},"obj":"DRI_Background"},{"id":"T7","span":{"begin":865,"end":975},"obj":"DRI_Background"},{"id":"T8","span":{"begin":976,"end":1113},"obj":"DRI_Background"},{"id":"T9","span":{"begin":1114,"end":1252},"obj":"DRI_Background"},{"id":"T10","span":{"begin":1253,"end":1517},"obj":"DRI_Challenge"}],"relations":[]}