{"text":"Ductal carcinoma in situ of the breast and heparanase-1 expression: a molecular explanation for more aggressive subtypes.\nDuctal carcinoma in situ of the breast (DCIS) forms a heterogeneous group of lesions with varying invasive potential. This study tested whether heparanase-1 (HPR1), an endoglycosidase that specifically degrades the heparan sulfate (HS) proteoglycans in the breast extracellular matrix, was associated with the most aggressive DCIS subtypes. Fifty-seven DCIS specimens and 10 normal breast specimens were examined for HPR1 expression using immunohistochemical staining. Twenty-seven arbitrarily selected specimens were also examined for HS deposition by immunofluorescence staining, confirming HPR1 activity. Patient medical records were obtained to explore a possible association between biologic potential using Van Nuys Prognostic Index (VNPI) and HPR1 expression. Twenty-one (75%) of 28 comedo and microinvasive DCIS specimens stained HPR1 positive; 4 (14%) of 29 other subtypes (papillary, cribriform, and solid subtypes) stained HPR1 positive on immunohistochemistry (p = 0.003). Among 27 DCIS stained for HS, we found that 8 (67%) of 12 HPR1-negative DCIS had intact HS deposition in the extracellular basement membrane; none of the 15 HPR1-positive DCIS stained HS positive. Six (86%) of seven DCIS with VNPI scores 8 to 9 and 14 (50%) of 28 DCIS with VNPI scores 5 to 7 were HPR1 positive; only 3 (17%) of 18 DCIS with VNPI scores 3 to 4 were HPR1 positive. Median VNPI score in patients with HPR1-positive DCIS was 7 (range 3 to 9), compared with 4.5 (range 3 to 7) in patients with HPR1-negative DCIS (p  less than  0.001). HPR1 was expressed at a significantly higher frequency in the invasive comedo and DCIS with microinvasion subtypes than in the noninvasive subtypes. HPR1 expression was inversely associated with HS deposition in the extracellular basement membrane of the DCIS. HPR1 expression was associated with a higher VNPI score. These observations suggest that HPR1 expression in DCIS can play an important role in development of DCIS into an invasive breast cancer.\n","denotations":[{"id":"T1","span":{"begin":0,"end":121},"obj":"DRI_Background"},{"id":"T2","span":{"begin":122,"end":239},"obj":"DRI_Background"},{"id":"T3","span":{"begin":240,"end":462},"obj":"DRI_Approach"},{"id":"T4","span":{"begin":463,"end":590},"obj":"DRI_Background"},{"id":"T5","span":{"begin":591,"end":729},"obj":"DRI_Background"},{"id":"T6","span":{"begin":730,"end":888},"obj":"DRI_Background"},{"id":"T7","span":{"begin":889,"end":1106},"obj":"DRI_Unspecified"},{"id":"T8","span":{"begin":1107,"end":1303},"obj":"DRI_Outcome"},{"id":"T9","span":{"begin":1304,"end":1487},"obj":"DRI_Unspecified"},{"id":"T10","span":{"begin":1488,"end":1655},"obj":"DRI_Outcome"},{"id":"T11","span":{"begin":1656,"end":1804},"obj":"DRI_Outcome"},{"id":"T12","span":{"begin":1805,"end":1916},"obj":"DRI_Outcome"},{"id":"T13","span":{"begin":1917,"end":1973},"obj":"DRI_Approach"},{"id":"T14","span":{"begin":1974,"end":2111},"obj":"DRI_Challenge"}],"relations":[]}