{"text":"Endothelin-1 overexpression leads to further water accumulation and brain edema after middle cerebral artery occlusion via aquaporin 4 expression in astrocytic end-feet.\nStroke patients have increased levels of endothelin-1 (ET-1), a strong vasoconstrictor, in their plasma or cerebrospinal fluid. Previously, we showed high level of ET-1 mRNA expression in astrocytes after hypoxia/ischemia. It is unclear whether the contribution of ET-1 induction in astrocytes is protective or destructive in cerebral ischemia. Here, we generated a transgenic mouse model that overexpress ET-1 in astrocytes (GET-1) using the glial fibrillary acidic protein promoter to examine the role of astrocytic ET-1 in ischemic stroke by challenging these mice with transient middle cerebral artery occlusion (MCAO). Under normal condition, GET-1 mice showed no abnormality in brain morphology, cerebrovasculature, absolute cerebral blood flow, blood-brain barrier (BBB) integrity, and mean arterial blood pressure. Yet, GET-1 mice subjected to transient MCAO showed more severe neurologic deficits and increased infarct, which were partially normalized by administration of ABT-627 (ET(A) antagonist) 5 mins after MCAO. In addition, GET-1 brains exhibited more Evans blue extravasation and showed decreased endothelial occludin expression after MCAO, correlating with higher brain water content and increased cerebral edema. Aquaporin 4 expression was also more pronounced in astrocytic end-feet on blood vessels in GET-1 ipsilateral brains. Our current data suggest that astrocytic ET-1 has deleterious effects on water homeostasis, cerebral edema and BBB integrity, which contribute to more severe ischemic brain injury.\n","denotations":[{"id":"T1","span":{"begin":0,"end":169},"obj":"DRI_Background"},{"id":"T2","span":{"begin":170,"end":297},"obj":"DRI_Background"},{"id":"T3","span":{"begin":298,"end":392},"obj":"DRI_Outcome"},{"id":"T4","span":{"begin":393,"end":514},"obj":"DRI_Challenge"},{"id":"T5","span":{"begin":515,"end":563},"obj":"DRI_Outcome"},{"id":"T6","span":{"begin":564,"end":580},"obj":"Token_Label.OUTSIDE"},{"id":"T7","span":{"begin":581,"end":793},"obj":"DRI_Outcome"},{"id":"T8","span":{"begin":794,"end":992},"obj":"DRI_Background"},{"id":"T9","span":{"begin":993,"end":1197},"obj":"DRI_Background"},{"id":"T10","span":{"begin":1198,"end":1402},"obj":"DRI_Outcome"},{"id":"T11","span":{"begin":1403,"end":1519},"obj":"DRI_Background"},{"id":"T12","span":{"begin":1520,"end":1700},"obj":"DRI_Challenge"}],"relations":[]}