{"text":"Ethanol-induced activation of myosin light chain kinase leads to dysfunction of tight junctions and blood-brain barrier compromise.\nBrain endothelial cells form the blood-brain barrier (BBB) that regulates solute and macromolecule flux in and out of the brain, leukocyte migration, and maintains the homeostasis of the central nervous system. BBB dysfunction is associated with disruption of tight junctions (TJ) in the brain endothelium. We propose that alcohol abuse may impair BBB permeability through TJ modification. Primary cultured bovine brain microvascular endothelial cells (BBMEC) were treated with 50 mM ethanol (EtOH), and monolayer tightness was assessed by measurement of transendothelial electrical resistance (TEER). Changes in TEER were correlated with alterations in TJ protein distribution (occludin, zonula occludens-1 (ZO-1), claudin-5) using immunofluorescence (IF). Expression of myosin light chain (MLC) kinase (MLCK), ZO-1, claudin-5, and phosphorylated MLC, occludin and claudin-5 were determined by immunoprecipitation and Western blot. EtOH-induced changes in monocyte migration across in vitro BBB constructs were also examined. EtOH induced a decrease in TEER of BBMEC monolayers that was reversed by EtOH withdrawal. Treatment of BBMEC with EtOH or its metabolite, acetaldehyde, prior to monocyte application resulted in a 2-fold increase in monocyte migration across the BBB. IF demonstrated decrease in claudin-5 staining, occludin translocation from cell borders to cytoplasm and gap formation in EtOH-treated BBMEC monolayer. These changes paralleled significant increase in phosphorylation of MLC, occludin and claudin-5. EtOH-treated BBMEC showed reduction of total occludin and claudin-5 without changes in ZO-1 or MLC. TEER decrease, changes in occludin/claudin staining, increase in MLC, occludin and claudin-5 phosphorylation and enhanced monocyte migration across the BBB were all reversed by inhibition of MLCK. Inhibition of EtOH metabolism in BBMEC also reversed these events. These results suggest that EtOH activates MLCK leading to phosphorylation of MLC, occludin and claudin-5. Cytoskeletal alterations (MLC) and TJ changes (occludin and claudin-5 phosphorylation) result in BBB impairment (decrease in TEER). TJ compromise is associated with increased monocyte migration across the BBB.\n","denotations":[{"id":"T1","span":{"begin":0,"end":131},"obj":"DRI_Approach"},{"id":"T2","span":{"begin":132,"end":342},"obj":"DRI_Background"},{"id":"T3","span":{"begin":343,"end":438},"obj":"DRI_Approach"},{"id":"T4","span":{"begin":439,"end":521},"obj":"DRI_Approach"},{"id":"T5","span":{"begin":522,"end":733},"obj":"DRI_Background"},{"id":"T6","span":{"begin":734,"end":820},"obj":"DRI_Background"},{"id":"T7","span":{"begin":821,"end":839},"obj":"Token_Label.OUTSIDE"},{"id":"T8","span":{"begin":840,"end":889},"obj":"DRI_Background"},{"id":"T9","span":{"begin":890,"end":1064},"obj":"DRI_Background"},{"id":"T10","span":{"begin":1065,"end":1158},"obj":"DRI_Background"},{"id":"T11","span":{"begin":1159,"end":1248},"obj":"DRI_Approach"},{"id":"T12","span":{"begin":1249,"end":1408},"obj":"DRI_Background"},{"id":"T13","span":{"begin":1409,"end":1531},"obj":"DRI_Approach"},{"id":"T14","span":{"begin":1532,"end":1550},"obj":"Token_Label.OUTSIDE"},{"id":"T15","span":{"begin":1551,"end":1561},"obj":"DRI_Approach"},{"id":"T16","span":{"begin":1562,"end":1658},"obj":"DRI_Background"},{"id":"T17","span":{"begin":1659,"end":1671},"obj":"REPLACED"},{"id":"T18","span":{"begin":1678,"end":1758},"obj":"DRI_Background"},{"id":"T19","span":{"begin":1759,"end":1955},"obj":"DRI_Background"},{"id":"T20","span":{"begin":1956,"end":2022},"obj":"DRI_Background"},{"id":"T21","span":{"begin":2023,"end":2128},"obj":"DRI_Background"},{"id":"T22","span":{"begin":2129,"end":2260},"obj":"DRI_Background"},{"id":"T23","span":{"begin":2261,"end":2338},"obj":"DRI_Approach"}],"relations":[]}