{"text":"Existing motor state is favored at the expense of new movement during 13-35 Hz oscillatory synchrony in the human corticospinal system.\nOscillations in local field potentials in the beta-frequency band (13-35 Hz) are a pervasive feature of human and nonhuman primate motor cortical areas. However, the function of such synchronous activity across populations of neurons remains unknown. Here, we test the hypothesis that beta activity may promote existing motor set and posture while compromising processing related to new movements. Three experiments were performed. First, healthy subjects were instructed to make reaction time movements of the outstretched index finger in response to imperative cues triggered by transient increases in corticospinal synchrony, as evidenced by phasic elevations of beta-frequency band microtremor and intermuscular synchrony. Second, healthy subjects were instructed to resist a stretch to the index finger triggered in the same way. Finger acceleration in the reaction time task and transcortical components of the stretch reflex were measured and compared with those elicited by random cue or stretch presentation. Finally, we sought a correlation between finger acceleration in the reaction time task and cortical synchrony directly measured from the electrocorticogram in two patients undergoing functional neurosurgery. We demonstrate that movements are slowed and transcortical responses to stretch are potentiated during periods of elevated beta-band cortical synchrony. The results suggest that physiological periods of beta synchrony are associated with a cortical state in which postural set is reinforced, but the speed of new movements impaired. The findings are of relevance to Parkinson's disease, in which subcortical and cortical beta-band synchronization is exaggerated in the setting of increased tone and slowed movements.\n","denotations":[{"id":"T1","span":{"begin":0,"end":135},"obj":"DRI_Outcome"},{"id":"T2","span":{"begin":136,"end":288},"obj":"DRI_Outcome"},{"id":"T3","span":{"begin":289,"end":386},"obj":"DRI_Background"},{"id":"T4","span":{"begin":387,"end":533},"obj":"DRI_Approach"},{"id":"T5","span":{"begin":534,"end":567},"obj":"DRI_Unspecified"},{"id":"T6","span":{"begin":568,"end":862},"obj":"DRI_Outcome"},{"id":"T7","span":{"begin":863,"end":970},"obj":"DRI_Approach"},{"id":"T8","span":{"begin":971,"end":1153},"obj":"DRI_Outcome"},{"id":"T9","span":{"begin":1154,"end":1361},"obj":"DRI_Approach"},{"id":"T10","span":{"begin":1362,"end":1514},"obj":"DRI_Outcome"},{"id":"T11","span":{"begin":1515,"end":1694},"obj":"DRI_Challenge"},{"id":"T12","span":{"begin":1695,"end":1878},"obj":"DRI_Background"}],"relations":[]}