{"text":"17beta-Estradiol attenuates blood-brain barrier disruption induced by cerebral ischemia-reperfusion injury in female rats.\nDisruption of blood-brain barrier (BBB), mediated through matrix metalloproteinases (MMPs), is a critical event during cerebral ischemia. While neuroprotective effects of estrogens have been well established in ischemic stroke models, the effects of estrogens on BBB integrity remain to be elucidated. In the present study, we determined effects of 17beta-estradiol (E2) on BBB disruption induced by transient focal cerebral ischemia and its effects on MMP2 and MMP9 activation. Transient cerebral ischemia was induced by middle cerebral artery (MCA) occlusion for 1 h followed by reperfusion in ovariectomized rats. E2 (100 microg/kg) or vehicle was administered 2 h before MCA occlusion. BBB integrity was determined by fluorescent detection of extravasated Evans blue. In separate experiments, effect of E2 on MMP2 and MMP9 expression and activation was determined by immunoblot and MMPs activity assay. E2 treatment prevented more than 50% and 30% of BBB disruption in the ischemic cortex and subcortex at 4 h after reperfusion, respectively. MMP2 and MMP9 expression was elevated at 2 h and peaked at 4 h after reperfusion in the ischemic cortex, which was markedly reduced by E2 treatment. E2 treatment also attenuated the increase of MMPs activity induced by ischemia-reperfusion injury. In conclusion, estrogens could attenuate BBB disruption induced by transient cerebral ischemia, by inhibition of MMP2 and MMP9 activation. Our results suggest an important role of estrogens as multiple targeting protectants against ischemic stroke on cellular as well as vascular components of central nervous system.\n","denotations":[{"id":"T1","span":{"begin":0,"end":122},"obj":"DRI_Outcome"},{"id":"T2","span":{"begin":123,"end":260},"obj":"DRI_Challenge"},{"id":"T3","span":{"begin":261,"end":424},"obj":"DRI_Background"},{"id":"T4","span":{"begin":425,"end":601},"obj":"DRI_Challenge"},{"id":"T5","span":{"begin":602,"end":739},"obj":"DRI_Background"},{"id":"T6","span":{"begin":740,"end":812},"obj":"DRI_Background"},{"id":"T7","span":{"begin":813,"end":894},"obj":"DRI_Approach"},{"id":"T8","span":{"begin":895,"end":1029},"obj":"DRI_Background"},{"id":"T9","span":{"begin":1030,"end":1169},"obj":"DRI_Background"},{"id":"T10","span":{"begin":1170,"end":1318},"obj":"DRI_Background"},{"id":"T11","span":{"begin":1319,"end":1417},"obj":"DRI_Background"},{"id":"T12","span":{"begin":1418,"end":1556},"obj":"DRI_Challenge"},{"id":"T13","span":{"begin":1557,"end":1735},"obj":"DRI_Outcome"}],"relations":[]}