{"text":"Parkinson's disease-associated mutations in leucine-rich repeat kinase 2 augment kinase activity.\nMutations in the leucine-rich repeat kinase 2 gene (LRRK2) cause late-onset Parkinson's disease (PD) with a clinical appearance indistinguishable from idiopathic PD. Initial studies suggest that LRRK2 mutations are the most common yet identified determinant of PD susceptibility, transmitted in an autosomal-dominant mode of inheritance. Herein, we characterize the LRRK2 gene and transcript in human brain and subclone the predominant ORF. Exogenously expressed LRRK2 protein migrates at approximately 280 kDa and is present largely in the cytoplasm but also associates with the mitochondrial outer membrane. Familial-linked mutations G2019S or R1441C do not have an obvious effect on protein steady-state levels, turnover, or localization. However, in vitro kinase assays using full-length recombinant LRRK2 reveal an increase in activity caused by familial-linked mutations in both autophosphorylation and the phosphorylation of a generic substrate. These results suggest a gain-of-function mechanism for LRRK2-linked disease with a central role for kinase activity in the development of PD.\n","denotations":[{"id":"T1","span":{"begin":0,"end":97},"obj":"DRI_Background"},{"id":"T2","span":{"begin":98,"end":263},"obj":"DRI_Outcome"},{"id":"T3","span":{"begin":264,"end":435},"obj":"DRI_Background"},{"id":"T4","span":{"begin":436,"end":538},"obj":"DRI_Approach"},{"id":"T5","span":{"begin":539,"end":707},"obj":"DRI_Background"},{"id":"T6","span":{"begin":708,"end":839},"obj":"DRI_Approach"},{"id":"T7","span":{"begin":840,"end":1050},"obj":"DRI_Background"},{"id":"T8","span":{"begin":1051,"end":1192},"obj":"DRI_Challenge"}],"relations":[]}