{"text":"Ionotropic glutamate receptors and glutamate transporters are involved in necrotic neuronal cell death induced by oxygen-glucose deprivation of hippocampal slice cultures.\nOrganotypic hippocampal slice cultures represent a feasible model for studies of cerebral ischemia and the role of ionotropic glutamate receptors in oxygen-glucose deprivation-induced neurodegeneration. New results and a review of existing data are presented in the first part of this paper. The role of glutamate transporters, with special reference to recent results on inhibition of glutamate transporters under normal and energy-failure (ischemia-like) conditions is reviewed in the last part of the paper. The experimental work is based on hippocampal slice cultures derived from 7 day old rats and grown for about 3 weeks. In such cultures we investigated the subfield neuronal susceptibility to oxygen-glucose deprivation, the type of induced cell death and the involvement of ionotropic glutamate receptors. Hippocampal slice cultures were also used in our studies on glutamate transporters reviewed in the last part of this paper. Neurodegeneration was monitored and/or shown by cellular uptake of propidium iodide, loss of immunocytochemical staining for microtubule-associated protein 2 and staining with Fluoro-Jade B. To distinguish between necrotic vs. apoptotic neuronal cell death we used immunocytochemical staining for active caspase-3 (apoptosis indicator) and Hoechst 33342 staining of nuclear chromatin. Our experimental studies on oxygen-glucose deprivation confirmed that CA1 pyramidal cells were the most susceptible to this ischemia-like condition. Judged by propidium iodide uptake, a selective CA1 lesion, with only minor affection on CA3, occurred in cultures exposed to oxygen-glucose deprivation for 30 min. Nuclear chromatin staining by Hoechst 33342 and staining for active caspase-3 showed that oxygen-glucose deprivation induced necrotic cell death only. Addition of 10 microM of the N-methyl-D-aspartate glutamate receptor antagonist MK-801, and 20 microM of the non-N-methyl-D-aspartate glutamate receptor antagonist 2,3-dihyroxy-6-nitro-7-sulfamoyl-benzo(F)quinoxaline to the culture medium confirmed that both N-methyl-D-aspartate and non-N-methyl-D-aspartate ionotropic glutamate receptors were involved in the oxygen-glucose deprivation-induced cell death. Glutamate is normally quickly removed, from the extracellular space by sodium-dependent glutamate transporters. Effects of blocking the transporters by addition of the DL-threo-beta-benzyloxyaspartate are reviewed in the last part of the paper. Under normal conditions addition of DL-threo-beta-benzyloxyaspartate in concentrations of 25 microM or more to otherwise untreated hippocampal slice cultures induced neuronal cell death, which was prevented by addition of 2,3-dihyroxy-6-nitro-7-sulfamoyl-benzo(F)quinoxaline and MK-801. In energy failure situations, like cerebral ischemia and oxygen-glucose deprivation, the transporters are believed to reverse and release glutamate to the extracellular space. Blockade of the transporters by a subtoxic (10 microM) dose of DL-threo-beta-benzyloxyaspartate during oxygen-glucose deprivation (but not during the next 48 h after oxygen-glucose deprivation) significantly reduced the oxygen-glucose deprivation-induced propidium iodide uptake, suggesting a neuroprotective inhibition of reverse transporter activity by DL-threo-beta-benzyloxyaspartate during oxygen-glucose deprivation under these conditions. Adding to this, other results from our laboratory have demonstrated that pre-treatment of the slice cultures with glial cell-line derived neurotrophic factor upregulates glutamate transporters. As a logical, but in some glial cell-line derived neurotrophic factor therapy-related conditions clearly unwanted consequence the susceptibility for oxygen-glucose deprivation-induced glutamate receptor-mediated cell death is increased after glial cell-line derived neurotrophic factor treatment. In summary, we conclude that both ionotropic glutamate receptors and glutamate transporters are involved in oxygen-glucose deprivation-induced necrotic cell death in hippocampal slice cultures, which have proven to be a feasible tool in experimental studies on this topic.\n","denotations":[{"id":"T1","span":{"begin":0,"end":171},"obj":"DRI_Background"},{"id":"T2","span":{"begin":172,"end":320},"obj":"DRI_Challenge"},{"id":"T3","span":{"begin":321,"end":355},"obj":"Token_Label.OUTSIDE"},{"id":"T4","span":{"begin":356,"end":374},"obj":"DRI_Challenge"},{"id":"T5","span":{"begin":375,"end":463},"obj":"DRI_Unspecified"},{"id":"T6","span":{"begin":464,"end":682},"obj":"DRI_Background"},{"id":"T7","span":{"begin":683,"end":800},"obj":"DRI_Background"},{"id":"T8","span":{"begin":801,"end":987},"obj":"DRI_Challenge"},{"id":"T9","span":{"begin":988,"end":1111},"obj":"DRI_Background"},{"id":"T10","span":{"begin":1112,"end":1302},"obj":"DRI_Background"},{"id":"T11","span":{"begin":1303,"end":1496},"obj":"DRI_Background"},{"id":"T12","span":{"begin":1497,"end":1645},"obj":"DRI_Approach"},{"id":"T13","span":{"begin":1646,"end":1809},"obj":"DRI_Background"},{"id":"T14","span":{"begin":1810,"end":1960},"obj":"DRI_Background"},{"id":"T15","span":{"begin":1961,"end":2321},"obj":"DRI_Background"},{"id":"T16","span":{"begin":2322,"end":2356},"obj":"Token_Label.OUTSIDE"},{"id":"T17","span":{"begin":2357,"end":2368},"obj":"DRI_Background"},{"id":"T18","span":{"begin":2369,"end":2480},"obj":"DRI_Background"},{"id":"T19","span":{"begin":2481,"end":2613},"obj":"DRI_Approach"},{"id":"T20","span":{"begin":2614,"end":2900},"obj":"DRI_Background"},{"id":"T21","span":{"begin":2901,"end":3076},"obj":"DRI_Challenge"},{"id":"T22","span":{"begin":3077,"end":3296},"obj":"DRI_Background"},{"id":"T23","span":{"begin":3297,"end":3341},"obj":"Token_Label.OUTSIDE"},{"id":"T24","span":{"begin":3342,"end":3522},"obj":"DRI_Background"},{"id":"T25","span":{"begin":3523,"end":3716},"obj":"DRI_Outcome"},{"id":"T26","span":{"begin":3717,"end":3865},"obj":"DRI_Background"},{"id":"T27","span":{"begin":3866,"end":3900},"obj":"Token_Label.OUTSIDE"},{"id":"T28","span":{"begin":3901,"end":4013},"obj":"DRI_Background"},{"id":"T29","span":{"begin":4014,"end":4121},"obj":"DRI_Outcome"},{"id":"T30","span":{"begin":4122,"end":4156},"obj":"Token_Label.OUTSIDE"},{"id":"T31","span":{"begin":4157,"end":4286},"obj":"DRI_Outcome"}],"relations":[]}