{"text":"Expression and activation of MMP -2, -3, -9, -14 are induced in rat colon after abdominal X-irradiation.\nColonic response to single-dose irradiation is characterized by epithelial denudation followed by restitution. Extracellular matrix (ECM) remodeling is involved in both of these phases. The aim of this study was to characterize the contribution of matrix metalloproteinases (MMPs) and of their stimulatory and inhibitory pathways in radiation-induced ecm remodeling in colonic tissue. Rats were irradiated with single-dose 10 Gy X-rays to the abdomen. Activity, localization, and mRNA levels of MMPs and molecules involved in their activation and inhibition (plasmin/plasminogen; TIMPs), of inflammatory mediators (IL-1beta, TNF-alpha) in the distal colon, 1, 3, and 7 days after irradiation were analyzed using a combination of approaches including zymography, immunohistochemistry, and real-time reverse transcriptase-polymerase chain reaction (RT-PCR). The main finding of this study is that radiation-induced alteration of the mucosal structure is concomitant with local increased expression and activation of MMP subtypes involved in basement membrane degradation (MMP-2, -3, and -9). We investigated MMP-2 activation pathways and found an early increase in mRNA levels of soluble inflammatory mediators (TNF-alpha and IL-1beta). Furthermore, transcription and activity of MMP-2 activating molecules, such as MMP-14, and molecules involved in the plasminogen/plasmin system were found to increase during the denudation phase. Interestingly, induction of MMP inhibitors TIMP-1 and PAI-1 was observed during the restitution phase. MMP inhibitors may be able to stop acute wound healing response by inhibiting ECM degradation. This study brings new insights into ECM remodeling in the colon after exposure to ionizing radiation and highlights the role of MMP subtypes specialized in basement membrane degradation.\n","denotations":[{"id":"T1","span":{"begin":0,"end":104},"obj":"DRI_Unspecified"},{"id":"T2","span":{"begin":105,"end":215},"obj":"DRI_Background"},{"id":"T3","span":{"begin":216,"end":290},"obj":"DRI_Background"},{"id":"T4","span":{"begin":291,"end":489},"obj":"DRI_Background"},{"id":"T5","span":{"begin":490,"end":556},"obj":"DRI_Background"},{"id":"T6","span":{"begin":557,"end":960},"obj":"DRI_Background"},{"id":"T7","span":{"begin":961,"end":1194},"obj":"DRI_Background"},{"id":"T8","span":{"begin":1195,"end":1339},"obj":"DRI_Outcome"},{"id":"T9","span":{"begin":1340,"end":1535},"obj":"DRI_Approach"},{"id":"T10","span":{"begin":1536,"end":1638},"obj":"DRI_Background"},{"id":"T11","span":{"begin":1639,"end":1733},"obj":"DRI_Challenge"},{"id":"T12","span":{"begin":1734,"end":1920},"obj":"DRI_Background"}],"relations":[]}