{"text":"Gene conversion is a frequent mechanism of inactivation of the wild-type allele in cancers from MLH1/MSH2 deletion carriers.\nHereditary nonpolyposis colorectal cancer (HNPCC) is an autosomal dominantly inherited cancer predisposition syndrome caused by germ line mutations in DNA mismatch repair genes, predominantly MLH1 and MSH2, with large genomic rearrangements accounting for 5% to 20% of all mutations. Although crucial to the understanding of cancer initiation, little is known about the second, somatic hit in HNPCC tumorigenesis, commonly referred to as loss of heterozygosity. Here, we applied a recently developed method, multiplex ligation-dependent probe amplification, to study MLH1/MSH2 copy number changes in 16 unrelated Swiss HNPCC patients, whose cancers displayed microsatellite instability and loss of MLH1 or MSH2 expression, but in whom no germ line mutation could be detected by conventional screening. The aims of the study were (a) to determine the proportion of large genomic rearrangements among Swiss MLH1/MSH2 mutation carriers and (b) to investigate the frequency and nature of loss of heterozygosity as a second, somatic event, in tumors from MLH1/MSH2 germ line deletion carriers. Large genomic deletions were found to account for 4.3% and 10.7% of MLH1 and MSH2 mutations, respectively. Multiplex ligation-dependent probe amplification analysis of 18 cancer specimens from two independent sets of Swiss and Finnish MLH1/MSH2 deletion carriers revealed that somatic mutations identical to the ones in the germ line occur frequently in colorectal cancers (6 of 11; 55%) and are also present in extracolonic HNPCC-associated tumors. Chromosome-specific marker analysis implies that loss of the wild-type allele predominantly occurs through locus-restricted recombinational events, i.e., gene conversion, rather than mitotic recombination or deletion of the respective gene locus. (Cancer Res 2006; (66)2: 659-64).\n","denotations":[{"id":"T1","span":{"begin":0,"end":124},"obj":"DRI_Background"},{"id":"T2","span":{"begin":125,"end":408},"obj":"DRI_Background"},{"id":"T3","span":{"begin":409,"end":586},"obj":"DRI_Background"},{"id":"T4","span":{"begin":587,"end":926},"obj":"DRI_Approach"},{"id":"T5","span":{"begin":927,"end":1213},"obj":"DRI_Background"},{"id":"T6","span":{"begin":1214,"end":1320},"obj":"DRI_Background"},{"id":"T7","span":{"begin":1321,"end":1625},"obj":"DRI_Background"},{"id":"T8","span":{"begin":1626,"end":1655},"obj":"Token_Label.OUTSIDE"},{"id":"T9","span":{"begin":1656,"end":1663},"obj":"DRI_Background"},{"id":"T10","span":{"begin":1664,"end":1910},"obj":"DRI_Background"},{"id":"T11","span":{"begin":1911,"end":1944},"obj":"DRI_Unspecified"}],"relations":[]}