{"text":"Paradigm shift in neuroprotection by NMDA receptor blockade: memantine and beyond.\nNeuroprotective drugs tested in clinical trials, particularly those that block N-methyl-D-aspartate-sensitive glutamate receptors (NMDARs), have failed miserably in large part because of intolerable side effects. However, one such drug, memantine, was recently approved by the European Union and the US FDA for the treatment of dementia following our group's discovery of its clinically tolerated mechanism of action. Here, we review the molecular basis for memantine efficacy in neurological diseases that are mediated, at least in part, by overactivation of NMDARs, producing excessive Ca(2+) influx through the receptor's associated ion channel and consequent free-radical formation.\n","denotations":[{"id":"T1","span":{"begin":0,"end":82},"obj":"DRI_Background"},{"id":"T2","span":{"begin":83,"end":295},"obj":"DRI_Outcome"},{"id":"T3","span":{"begin":296,"end":500},"obj":"DRI_Background"},{"id":"T4","span":{"begin":501,"end":769},"obj":"DRI_Challenge"}],"relations":[]}