{"text":"Cancellation of a planned movement in monkey motor cortex.\nAbruptly stopping a planned movement before it has even begun can be crucial to retarding a premature action. In the monkey motor cortex, we report herein that rapid cancellation of a prepared motor act involved the brief activation of neurons representing a movement in the opposite direction (anti-directional activity). When an expected GO signal failed to occur, this opposing anti-directional discharge appeared. It coincided in time with the cessation of the motor cortical activity preparing the requested arm reach. We suggest that functional interactions between subpopulations of neurons eliciting movements in opposite directions could rapidly alter population dynamics, and therefore be used to abruptly cancel a planned movement.\n","denotations":[{"id":"T1","span":{"begin":0,"end":58},"obj":"DRI_Approach"},{"id":"T2","span":{"begin":59,"end":168},"obj":"DRI_Challenge"},{"id":"T3","span":{"begin":169,"end":381},"obj":"DRI_Outcome"},{"id":"T4","span":{"begin":382,"end":476},"obj":"DRI_Approach"},{"id":"T5","span":{"begin":477,"end":582},"obj":"DRI_Outcome"},{"id":"T6","span":{"begin":583,"end":801},"obj":"DRI_Outcome"}],"relations":[]}