{"text":"The pre-movement component of motor cortical local field potentials reflects the level of expectancy.\nCortical local field potentials (LFPs) are modulated in parallel with single neuron discharge, but the information they carry is often unclear. Multi-electrode recordings of both LFPs and single neuron activities were made in motor cortex as monkeys performed a delayed pointing task in which the probability of the moment of signal occurrence, and thus movement execution, was manipulated. A large positive LFP component (P1) appeared immediately preceding movement onset only under conditions of low probability, that is, when a response signal was weakly expected. The amplitude of P1 was much smaller when probability of signal occurrence was high, or when the same movement was self-paced. Although P1 has been described as being linked to the descending motor signal, we found that it was more closely associated with the processing of movement-related information than with the ultimate motor command. Its timing did not bear a fixed relationship with movement onset and its frequency of occurrence in each monkey varied in parallel with each animal's overall performance and the percentage of context-related 'pre-processing' neurons encountered.\n","denotations":[{"id":"T1","span":{"begin":0,"end":101},"obj":"DRI_Outcome"},{"id":"T2","span":{"begin":102,"end":245},"obj":"DRI_Outcome"},{"id":"T3","span":{"begin":246,"end":492},"obj":"DRI_Approach"},{"id":"T4","span":{"begin":493,"end":669},"obj":"DRI_Approach"},{"id":"T5","span":{"begin":670,"end":796},"obj":"DRI_Outcome"},{"id":"T6","span":{"begin":797,"end":1010},"obj":"DRI_Outcome"},{"id":"T7","span":{"begin":1011,"end":1202},"obj":"DRI_Challenge"},{"id":"T8","span":{"begin":1203,"end":1234},"obj":"Token_Label.OUTSIDE"},{"id":"T9","span":{"begin":1234,"end":1256},"obj":"DRI_Challenge"}],"relations":[]}