{"text":"Genomic rearrangements in MSH2, MLH1 or MSH6 are rare in HNPCC patients carrying point mutations.\nHereditary nonpolyposis colorectal cancer (HNPCC) is an autosomal dominant disease with high penetrance, caused by germline mutations in the mismatch repair (MMR) genes MLH1, MSH2, MSH6, PMS2 and MLH3. Most reported pathogenic mutations are point mutations, comprising single base substitutions, small insertions and deletions. In addition, genomic rearrangements, such as large deletions and duplications not detectable by PCR and Sanger sequencing, have been identified in a significant proportion of HNPCC families, which do not carry a pathogenic MMR gene point mutation. To clarify whether genomic rearrangements in MLH1, MSH2 or MSH6 also occur in patients carrying a point mutation, we subjected normal tissue DNA of 137 colorectal cancer (CRC) patients to multiplex ligation-dependent probe amplification (MLPA) analysis. Patients fulfilled the following pre-requisites: all patients met at least one criterion of the Bethesda guidelines and their tumors exhibited high microsatellite instability (MSI-H) and/or showed loss of expression of MLH1, MSH2 or MSH6 proteins. PCR amplification and Sanger sequencing of all exons of at least one MMR gene, whose protein expression had been lost in the tumor tissue, identified 52 index patients without a point mutation (Group 1), 71 index patients with a pathogenic point mutation in MLH1 (n=38) or MSH2 (n=22) or MSH6 (n=11) (Group 2) and 14 patients with an unclassified variant in MLH1 (n=9) or MSH2 (n=3) or MSH6 (n=2) (Group 3). In 13 of 52 patients of group 1 deletions of at least one exon were identified. In addition, in group 3 one EX1_15del in MLH1 was found. No genomic rearrangement was identified in group 2 patients. Genomic rearrangements represent a significant proportion of pathogenic mutations of MMR genes in HNPCC patients. However, genomic rearrangements are rare in patients carrying point mutations in MMR genes. These findings suggest the use of genomic rearrangement tests in addition to Sanger sequencing in HNPCC patients.\n","denotations":[{"id":"T1","span":{"begin":0,"end":97},"obj":"DRI_Background"},{"id":"T2","span":{"begin":98,"end":299},"obj":"DRI_Background"},{"id":"T3","span":{"begin":300,"end":425},"obj":"DRI_Approach"},{"id":"T4","span":{"begin":426,"end":673},"obj":"DRI_Background"},{"id":"T5","span":{"begin":674,"end":927},"obj":"DRI_Background"},{"id":"T6","span":{"begin":928,"end":1175},"obj":"DRI_Outcome"},{"id":"T7","span":{"begin":1176,"end":1583},"obj":"DRI_Background"},{"id":"T8","span":{"begin":1584,"end":1663},"obj":"DRI_Background"},{"id":"T9","span":{"begin":1664,"end":1720},"obj":"DRI_Background"},{"id":"T10","span":{"begin":1721,"end":1781},"obj":"DRI_Background"},{"id":"T11","span":{"begin":1782,"end":1895},"obj":"DRI_Background"},{"id":"T12","span":{"begin":1896,"end":1987},"obj":"DRI_Background"},{"id":"T13","span":{"begin":1988,"end":2101},"obj":"DRI_Background"}],"relations":[]}