{"text":"Dynamic stromal-epithelial interactions during progression of MCF10DCIS.com xenografts.\nMCF10DCIS.com cells form comedo type ductal carcinoma in situ in immune-deficient mice before forming invasive ductal carcinoma. As the lesions mature, both stromal and epithelial cells undergo phenotypic changes detected by immunohistochemistry. Myofibroblasts are present before the formation of carcinoma in situ and after development of invasive carcinoma. MCF10DCIS. com lesions develop a myoepithelial layer prior to exhibiting a basement membrane surrounding the ductal mass. TGFbeta1 is initially expressed by the epithelial cells but is expressed by stroma in invasive carcinoma. Stromal derived factor-1 is detected in epithelial cells in early carcinoma in situ but is produced in stromal cells in invasive carcinoma. The receptor CXCR4 is expressed by epithelial cells in the xenografts at all times, as is the hepatocyte growth factor receptor c-met. MCF10DCIS.com xenografts illustrate the dynamic interplay of epithelium and stroma in the development of carcinoma in situ and subsequent invasive carcinoma. Although the phenotype of the epithelial cells may be dependent upon the stroma, the malignant epithelium induces the development of the stroma necessary for progression to the invasive stage. (c) 2007 Wiley-Liss, Inc.\n","denotations":[{"id":"T1","span":{"begin":0,"end":87},"obj":"DRI_Outcome"},{"id":"T2","span":{"begin":88,"end":216},"obj":"DRI_Background"},{"id":"T3","span":{"begin":217,"end":334},"obj":"DRI_Background"},{"id":"T4","span":{"begin":335,"end":448},"obj":"DRI_Background"},{"id":"T5","span":{"begin":449,"end":459},"obj":"DRI_Unspecified"},{"id":"T6","span":{"begin":460,"end":570},"obj":"DRI_Background"},{"id":"T7","span":{"begin":571,"end":676},"obj":"DRI_Background"},{"id":"T8","span":{"begin":677,"end":816},"obj":"DRI_Background"},{"id":"T9","span":{"begin":817,"end":951},"obj":"DRI_Outcome"},{"id":"T10","span":{"begin":952,"end":1109},"obj":"DRI_Outcome"},{"id":"T11","span":{"begin":1110,"end":1302},"obj":"DRI_Approach"},{"id":"T12","span":{"begin":1303,"end":1328},"obj":"DRI_Unspecified"}],"relations":[]}