{"text":"Comparison of direction and object selectivity of local field potentials and single units in macaque posterior parietal cortex during prehension.\nRecent studies have shown that the local field potential (LFP) can provide a simple method for obtaining an accurate measure of reaching and saccade behaviors. However, it is not clear whether this signal is equally informative with respect to more complex movements. Here we recorded LFPs and single units (SUs) from different areas in the posterior parietal cortex of macaques during a prehension task and compared LFP selectivity with SU selectivity. We found that parietal LFPs were often selective to target direction or object and that percentages of selective LFPs were similar to percentages of selective SUs. Nevertheless, SUs were more informative than LFPs in several respects. Preferred directions and objects of LFPs usually deviated from a uniform distribution, unlike preferences of SUs. Furthermore, preferences of LFPs did not reflect preferences of SUs even when the two signals were recorded simultaneously via the same electrode. Additionally, selectivity of movement-evoked LFPs appeared only after movement onset, whereas SUs frequently showed premovement selectivity. Spectral analysis revealed a lower signal-to-noise ratio of the LFP signal. Different frequency bands derived from a single LFP site showed inconsistent preferences. Significant relations with target parameters were found for all tested bands of LFP, but effects in the fast (gamma) band exhibited properties that were consistent with contamination of the LFP by residual spiking activity. Taken together, our results suggest that the LFP provides a simple method for extracting ample movement-related information. However, some of its properties make it less adequate for predicting rapidly changing movements.\n","denotations":[{"id":"T1","span":{"begin":0,"end":145},"obj":"DRI_Outcome"},{"id":"T2","span":{"begin":146,"end":305},"obj":"DRI_Background"},{"id":"T3","span":{"begin":306,"end":413},"obj":"DRI_Challenge"},{"id":"T4","span":{"begin":414,"end":599},"obj":"DRI_Approach"},{"id":"T5","span":{"begin":600,"end":763},"obj":"DRI_Outcome"},{"id":"T6","span":{"begin":764,"end":834},"obj":"DRI_Background"},{"id":"T7","span":{"begin":835,"end":948},"obj":"DRI_Background"},{"id":"T8","span":{"begin":949,"end":1095},"obj":"DRI_Outcome"},{"id":"T9","span":{"begin":1096,"end":1124},"obj":"DRI_Background"},{"id":"T10","span":{"begin":1125,"end":1145},"obj":"Token_Label.OUTSIDE"},{"id":"T11","span":{"begin":1146,"end":1236},"obj":"DRI_Background"},{"id":"T12","span":{"begin":1237,"end":1312},"obj":"DRI_Unspecified"},{"id":"T13","span":{"begin":1313,"end":1402},"obj":"DRI_Background"},{"id":"T14","span":{"begin":1403,"end":1626},"obj":"DRI_Approach"},{"id":"T15","span":{"begin":1627,"end":1751},"obj":"DRI_Outcome"},{"id":"T16","span":{"begin":1752,"end":1848},"obj":"DRI_Challenge"}],"relations":[]}