{"text":"Expression of cytokeratin markers, ER-alpha, PR, HER-2/neu, and EGFR in pure ductal carcinoma in situ (DCIS) and DCIS with co-existing invasive ductal carcinoma (IDC) of the breast.\nPreviously, we showed that pure ductal carcinoma in situ (DCIS) of the breast can be divided into 3 subtypes (luminal, basal/stem, and null) based on the expression of 5 cytokeratin (CK) markers: CK5/6, CK14, CK17 (stem/basal), and CK8, CK18 (luminal). The distributions of CK subtypes were associated with nuclear grade and differential expression of estrogen receptor-alpha (ER-alpha), progesterone receptor (PR), HER-2/neu, and epidermal growth factor receptor (EGFR). In this study, we further explore the expression patterns of CK markers, ER-alpha, PR, HER-2/neu, and EGFR by immunohistochemical (IHC) analysis of 99 cases of pure DCIS and 96 cases of DCIS with co-existing invasive ductal carcinoma (DCIS/IDC). We show that between high-grade DCIS and DCIS/IDC, there are differential expression patterns for ER-alpha, PR, and EGFR in corresponding CK subtypes, suggesting that at least some pure DCIS is molecularly distinct from DCIS/IDC. In most cases there is a high degree of co-expression of these markers between DCIS and the co-existing IDC, suggesting that DCIS is frequently a precursor lesion for co-existing IDC. The rate of discordant expression of these markers is low and is more frequently associated with high-grade carcinoma, suggesting that other molecular pathways also may also be present. There are significant differences in the expression of these molecular markers between high-grade and non-high-grade carcinomas, supporting the view that high-grade and non-high-grade carcinomas of the breast are molecularly distinct entities.\n","denotations":[{"id":"T1","span":{"begin":0,"end":181},"obj":"DRI_Background"},{"id":"T2","span":{"begin":182,"end":434},"obj":"DRI_Outcome"},{"id":"T3","span":{"begin":435,"end":653},"obj":"DRI_Approach"},{"id":"T4","span":{"begin":654,"end":899},"obj":"DRI_Approach"},{"id":"T5","span":{"begin":900,"end":1129},"obj":"DRI_Outcome"},{"id":"T6","span":{"begin":1130,"end":1313},"obj":"DRI_Challenge"},{"id":"T7","span":{"begin":1314,"end":1499},"obj":"DRI_Challenge"},{"id":"T8","span":{"begin":1500,"end":1743},"obj":"DRI_Background"}],"relations":[]}