{"text":"Vasogenic edema due to tight junction disruption by matrix metalloproteinases in cerebral ischemia.\nCerebral ischemia causes cell swelling and breakdown of the blood-brain barrier (BBB). Cytotoxic edema results from energy failure, and vasogenic edema occurs when the blood vessels are damaged. Proteases and free radicals are the end result of a molecular injury cascade. Matrix metalloproteinases (MMPs) are a gene family of extracellular matrix-degrading enzymes that disrupt the BBB. Tight junction proteins (TJPs), occludin and claudin-5, which form the endothelial barrier, are vulnerable to attack by MMPs. Basal lamina proteins, such as fibronectin, laminin, and heparan sulfate, are also degraded by MMPs. Reperfusion injury leads to a biphasic opening of the BBB, with the early opening occurring several hours after the onset of reperfusion due to activation of the constitutive enzyme gelatinase A (MMP-2). This initial opening is transient and followed 24 to 48 hours later by more intense damage to the blood vessel, which is associated with the expression and activation of gelatinase B (MMP-9) and stromelysin-1 (MMP-3). Synthetic MMP inhibitors restore the early integrity of the BBB but are ineffective in the later opening. Because these inhibitors block MMPs involved in angiogenesis and neurogenesis, they also slow recovery. The challenge is to identify agents that will protect the BBB, blocking vasogenic edema without interfering with recovery.\n","denotations":[{"id":"T1","span":{"begin":0,"end":99},"obj":"DRI_Challenge"},{"id":"T2","span":{"begin":100,"end":186},"obj":"DRI_Background"},{"id":"T3","span":{"begin":187,"end":294},"obj":"DRI_Background"},{"id":"T4","span":{"begin":295,"end":372},"obj":"DRI_Approach"},{"id":"T5","span":{"begin":373,"end":487},"obj":"DRI_Approach"},{"id":"T6","span":{"begin":488,"end":613},"obj":"DRI_Approach"},{"id":"T7","span":{"begin":614,"end":714},"obj":"DRI_Background"},{"id":"T8","span":{"begin":715,"end":918},"obj":"DRI_Outcome"},{"id":"T9","span":{"begin":919,"end":1136},"obj":"DRI_Approach"},{"id":"T10","span":{"begin":1137,"end":1242},"obj":"DRI_Background"},{"id":"T11","span":{"begin":1243,"end":1346},"obj":"DRI_Challenge"},{"id":"T12","span":{"begin":1347,"end":1469},"obj":"DRI_Approach"}],"relations":[]}