{"text":"Leucine-rich repeat kinase 2 (LRRK2)/PARK8 possesses GTPase activity that is altered in familial Parkinson's disease R1441C/G mutants.\nMutations in Leucine-rich repeat kinase 2 (LRRK2) are linked to the most common familial forms and some sporadic forms of Parkinson's disease (PD). The LRRK2 protein contains two well-known functional domains, MAPKKK-like kinase and Rab-like GTPase domains. Emerging evidence shows that LRRK2 contains kinase activity which is enhanced in several PD-associated mutants of LRRK2. However, the GTPase activity of LRRK2 has yet to be formally demonstrated. Here, we produced and purified the epitope-tagged LRRK2 protein from transgenic mouse brain, and showed that purified brain LRRK2 possesses both kinase and GTPase activity as assayed by GTP binding and hydrolysis. The brain LRRK2 is associated with elevated kinase activity in comparison to that from transgenic lung or transfected cultured cells. In transfected cell cultures, we detected GTP hydrolysis activity in full-length as well as in GTPase domain of LRRK2. This result indicates that LRRK2 GTPase can be active independent of LRRK2 kinase activity (while LRRK2 kinase activity requires the presence of LRRK2 GTPase as previously shown). We further found that PD mutation R1441C/G in the GTPase domain causes reduced GTP hydrolysis activity, consistent with the altered enzymatic activity in the mutant LRRK2 carrying PD familial mutations. Therefore, our study shows the biochemical characteristics of brain-specific LRRK2 which is associated with robust kinase and GTPase activity. The distinctive levels of kinase/GTPase activity in brain LRRK2 may help explain LRRK2-associated neuronal functions or dysfunctions in the pathogenesis of PD.\n","denotations":[{"id":"T1","span":{"begin":0,"end":134},"obj":"DRI_Outcome"},{"id":"T2","span":{"begin":135,"end":282},"obj":"DRI_Background"},{"id":"T3","span":{"begin":283,"end":392},"obj":"DRI_Background"},{"id":"T4","span":{"begin":393,"end":513},"obj":"DRI_Background"},{"id":"T5","span":{"begin":514,"end":588},"obj":"DRI_Outcome"},{"id":"T6","span":{"begin":589,"end":623},"obj":"DRI_Outcome"},{"id":"T7","span":{"begin":624,"end":644},"obj":"Token_Label.OUTSIDE"},{"id":"T8","span":{"begin":645,"end":802},"obj":"DRI_Outcome"},{"id":"T9","span":{"begin":803,"end":936},"obj":"DRI_Background"},{"id":"T10","span":{"begin":937,"end":1055},"obj":"DRI_Outcome"},{"id":"T11","span":{"begin":1056,"end":1235},"obj":"DRI_Outcome"},{"id":"T12","span":{"begin":1236,"end":1438},"obj":"DRI_Outcome"},{"id":"T13","span":{"begin":1439,"end":1500},"obj":"DRI_Outcome"},{"id":"T14","span":{"begin":1501,"end":1521},"obj":"Token_Label.OUTSIDE"},{"id":"T15","span":{"begin":1522,"end":1581},"obj":"DRI_Outcome"},{"id":"T16","span":{"begin":1582,"end":1741},"obj":"DRI_Background"}],"relations":[]}