{"text":"Distinct movement parameters are represented by different neurons in the motor cortex.\nRecent studies suggested that a single motor cortical neuron typically encodes multiple movement parameters, but parameters often display strong temporal interdependencies. To address this issue, we recorded single-unit activity while macaque monkeys made continuous movements and employed an analysis that explicitly considered temporal correlations between several kinematic parameters; hand position, velocity, and acceleration. We found that while the activity of almost all motor cortical neurons was modulated during movement, most neurons were related only to a single dominant parameter. The activity of different neurons covaried with different parameters with similar strength, but neurons related to velocity were far more common than neurons related to any other parameter. These results were obtained for neurons recorded in the primary motor (M1) and dorsal premotor (PMd) cortices. Although neural activity tended to precede movement and PMd activity tended to precede M1 activity, time lags were widely dispersed. Shoulder and elbow muscles had the same properties as neurons, but their activity strictly preceded movement. These results demonstrate single neuron specificity and heterogeneity within a population of neurons with respect to movement parameters and time lags. Our results suggest that distinct subsets of motor cortical neurons are involved in computations related to distinct movement parameters.\n","denotations":[{"id":"T1","span":{"begin":0,"end":86},"obj":"DRI_Approach"},{"id":"T2","span":{"begin":87,"end":259},"obj":"DRI_Background"},{"id":"T3","span":{"begin":260,"end":518},"obj":"DRI_Approach"},{"id":"T4","span":{"begin":519,"end":682},"obj":"DRI_Outcome"},{"id":"T5","span":{"begin":683,"end":872},"obj":"DRI_Outcome"},{"id":"T6","span":{"begin":873,"end":983},"obj":"DRI_Outcome"},{"id":"T7","span":{"begin":984,"end":1116},"obj":"DRI_Background"},{"id":"T8","span":{"begin":1117,"end":1226},"obj":"DRI_Background"},{"id":"T9","span":{"begin":1227,"end":1378},"obj":"DRI_Outcome"},{"id":"T10","span":{"begin":1379,"end":1516},"obj":"DRI_Outcome"}],"relations":[]}