{"text":"Pre-ischemic exercise reduces matrix metalloproteinase-9 expression and ameliorates blood-brain barrier dysfunction in stroke.\nExercise reduces ischemia and reperfusion (I/R) injury in the rat stroke model. We investigated whether pre-ischemic exercise ameliorates blood-brain barrier (BBB) dysfunction in stroke by reducing matrix metalloproteinase (MMP)-9 expression and strengthening basal lamina. Adult male Sprague-Dawley rats were subjected to a 30 min exercise program on a treadmill 5 days a week for 3 weeks. Stroke was induced by a 2-h middle cerebral artery (MCA) occlusion using an intraluminal filament in the exercised and non-exercised groups. Brain infarction was measured and neurological deficits were scored. BBB dysfunction was determined by examining brain edema and Evans Blue extravasation. Expression of collagen IV, the major component of basal lamina essential for maintenance of the endothelial permeability barrier, was quantitatively detected by Western blot and immunocytochemistry. Ex vivo techniques were used to compare collagen IV-labeled vessels in response to ischemic insult. Temporal relationship of expression of MMP-9 and its endogenous inhibitor, the tissue inhibitors of metalloproteinase-1 (TIMP-1), was determined by real-time PCR for mRNA and Western blot for protein during reperfusion. Brain edema and Evans Blue leakage were both significantly (P less than 0.01) reduced after stroke in the exercised group, in association with reduced brain infarct volume and neurological deficits. Western blot analysis indicated that exercise enhanced collagen IV expression and reduced the collagen loss after stroke. Immunocytochemistry demonstrated that collagen IV-labeled vessels were significantly (P less than 0.01) increased in exercised rats. In the ex vivo study, after exercised brains were incubated with ischemic brain tissue, a significantly (P less than 0.01) higher level of collagen IV-labeled vessels was observed as compared with non-exercised brains following the same treatment. The ex vivo study also revealed a key role of MMP-9 in exercise-strengthened collagen IV expression against I/R injury. TIMP-1 protein levels were significantly (P less than 0.01) increased by exercise. Our results indicate that pre-ischemic exercise reduces brain injury by improving BBB function and enhancing basal lamina integrity in stroke. This study suggests that the neuroprotective effect of physical exercise is associated with an imbalance of MMP-9 and TIMP-1 expression.\n","denotations":[{"id":"T1","span":{"begin":0,"end":126},"obj":"DRI_Approach"},{"id":"T2","span":{"begin":127,"end":206},"obj":"DRI_Challenge"},{"id":"T3","span":{"begin":207,"end":400},"obj":"DRI_Approach"},{"id":"T4","span":{"begin":401,"end":517},"obj":"DRI_Approach"},{"id":"T5","span":{"begin":518,"end":658},"obj":"DRI_Background"},{"id":"T6","span":{"begin":659,"end":727},"obj":"DRI_Challenge"},{"id":"T7","span":{"begin":728,"end":813},"obj":"DRI_Challenge"},{"id":"T8","span":{"begin":814,"end":1012},"obj":"DRI_Background"},{"id":"T9","span":{"begin":1013,"end":1112},"obj":"DRI_Background"},{"id":"T10","span":{"begin":1113,"end":1332},"obj":"DRI_Background"},{"id":"T11","span":{"begin":1333,"end":1531},"obj":"DRI_Approach"},{"id":"T12","span":{"begin":1532,"end":1653},"obj":"DRI_Approach"},{"id":"T13","span":{"begin":1654,"end":1786},"obj":"DRI_Outcome"},{"id":"T14","span":{"begin":1787,"end":2034},"obj":"DRI_Outcome"},{"id":"T15","span":{"begin":2035,"end":2154},"obj":"DRI_Background"},{"id":"T16","span":{"begin":2155,"end":2237},"obj":"DRI_Approach"},{"id":"T17","span":{"begin":2238,"end":2380},"obj":"DRI_Outcome"},{"id":"T18","span":{"begin":2381,"end":2517},"obj":"DRI_Challenge"}],"relations":[]}