{"text":"Amyloid beta protein dimer-containing human CSF disrupts synaptic plasticity: prevention by systemic passive immunization.\nThe current development of immunotherapy for Alzheimer's disease is based on the assumption that human-derived amyloid beta protein (Abeta) can be targeted in a similar manner to animal cell-derived or synthetic Abeta. Because the structure of Abeta depends on its source and the presence of cofactors, it is of great interest to determine whether human-derived oligomeric Abeta species impair brain function and, if so, whether or not their disruptive effects can be prevented using antibodies. We report that untreated ex vivo human CSF that contains Abeta dimers rapidly inhibits hippocampal long-term potentiation in vivo and that acute systemic infusion of an anti-Abeta monoclonal antibody can prevent this disruption of synaptic plasticity. Abeta monomer isolated from human CSF did not affect long-term potentiation. These results strongly support a strategy of passive immunization against soluble Abeta oligomers in early Alzheimer's disease.\n","denotations":[{"id":"T1","span":{"begin":0,"end":122},"obj":"DRI_Background"},{"id":"T2","span":{"begin":123,"end":341},"obj":"DRI_Background"},{"id":"T3","span":{"begin":342,"end":618},"obj":"DRI_Challenge"},{"id":"T4","span":{"begin":619,"end":870},"obj":"DRI_Challenge"},{"id":"T5","span":{"begin":871,"end":947},"obj":"DRI_Challenge"},{"id":"T6","span":{"begin":948,"end":1075},"obj":"DRI_Outcome"}],"relations":[]}