{"text":"Alpha4beta2 nicotinic acetylcholine receptors are required for the amyloid beta protein-induced suppression of long-term potentiation in rat hippocampal CA1 region in vivo.\nAmyloid beta protein (Abeta) is thought to be responsible for the deficit of learning and memory in Alzheimer's disease (AD), possibly through interfering with synaptic plasticity such as hippocampal long-term potentiation (LTP). Nicotinic acetylcholine receptors (nAChRs) participate in various cognitive brain functions. However, it is unclear whether nAChRs, especially alpha4beta2 subtype nAChRs, are involved in Abeta-induced impairment of hippocampal LTP. The present study investigates a possible role of nAChRs during the impairment of LTP by Abeta. Our results showed that: (1) intracerebroventricular injection of Abeta(1-40), Abeta(25-35) or Abeta(31-35) significantly suppressed high-frequency stimulation-induced LTP, while Abeta(35-31), a reversed sequence of Abeta(31-35), have no effect on the LTP; (2) epibatidine, a specific agonist of alpha4beta2 subtype of nAChRs, dose-dependently suppressed the induction of LTP; (3) co-injection of epibatidine together with Abeta(31-35) did not further enhance the suppression of LTP induced by Abeta(31-35) or epibatidine alone; (4) dihydro-beta-erythroidine, a selective antagonist against alpha4beta2 subtype of nAChRs, showed no effect on the induction of LTP, but significantly reversed Abeta(31-35)-induced LTP impairment. These results indicate that: (1) sequence 31-35 in Abeta molecule might be a shorter active center responsible for the neurotoxicity of full length of Abeta; (2) alpha4beta2 subtype of nAChRs is required for the suppressive action of Abeta on the hippocampal LTP in vivo. Thus, the present study provides further insight into the mechanisms by which Abeta impairs synaptic plasticity and cognitive function in the AD brain.\n","denotations":[{"id":"T1","span":{"begin":0,"end":172},"obj":"DRI_Outcome"},{"id":"T2","span":{"begin":173,"end":402},"obj":"DRI_Background"},{"id":"T3","span":{"begin":403,"end":495},"obj":"DRI_Outcome"},{"id":"T4","span":{"begin":496,"end":634},"obj":"DRI_Challenge"},{"id":"T5","span":{"begin":635,"end":730},"obj":"DRI_Challenge"},{"id":"T6","span":{"begin":731,"end":1458},"obj":"DRI_Outcome"},{"id":"T7","span":{"begin":1459,"end":1730},"obj":"DRI_Outcome"},{"id":"T8","span":{"begin":1731,"end":1882},"obj":"DRI_Outcome"}],"relations":[]}