{"text":"Melatonin decreases matrix metalloproteinase-9 activation and expression and attenuates reperfusion-induced hemorrhage following transient focal cerebral ischemia in rats.\nWe have previously shown that melatonin reduces postischemic rises in the blood-brain barrier (BBB) permeability and improves neurovascular dysfunction and hemorrhagic transformation following ischemic stroke. It is known that activation of the matrix metalloproteinases (MMPs) plays a crucial role in the pathogenesis of brain edema and hemorrhagic transformation after ischemic stroke. We, herein, investigated whether melatonin would ameliorate MMP-2 and MMP-9 activation and expression in a rat model of transient focal cerebral ischemia. Adult male Sprague-Dawley rats were subjected to a 90-min middle cerebral artery (MCA) occlusion using an intraluminal filament. Melatonin (5 mg/kg) or vehicle was intravenously injected upon reperfusion. Brain infarction and hemorrhage within infarcts were measured, and neurological deficits were scored. The activity and expression of MMP-2 and MMP-9 were determined by zymography, in situ zymography and Western immunoblot analysis. Cerebral ischemia-reperfusion induced increased pro-MMP-9 and MMP-9 activity and expression 24 hr after reperfusion onset. Relative to controls, melatonin-treated animals, however, had significantly reduced levels in the MMP-9 activity and expression (P  less than  0.01), in addition to reduced brain infarct volume and hemorrhagic transformation as well as improved sensorimotor neurobehavioral outcomes. No significant change in MMP-2 activity was observed throughout the course experiments. Our results indicate that the melatonin-mediated reductions in ischemic brain damage and reperfusion-induced hemorrhage are partly attributed to its ability to reduce postischemic MMP-9 activation and increased expression, and further support the fact that melatonin is a suitable as an add-on to thrombolytic therapy for ischemic stroke patients.\n","denotations":[{"id":"T1","span":{"begin":0,"end":171},"obj":"DRI_Approach"},{"id":"T2","span":{"begin":172,"end":381},"obj":"DRI_Outcome"},{"id":"T3","span":{"begin":382,"end":559},"obj":"DRI_Challenge"},{"id":"T4","span":{"begin":560,"end":714},"obj":"DRI_Challenge"},{"id":"T5","span":{"begin":715,"end":843},"obj":"DRI_Background"},{"id":"T6","span":{"begin":844,"end":919},"obj":"DRI_Background"},{"id":"T7","span":{"begin":920,"end":1021},"obj":"DRI_Challenge"},{"id":"T8","span":{"begin":1022,"end":1151},"obj":"DRI_Background"},{"id":"T9","span":{"begin":1152,"end":1274},"obj":"DRI_Background"},{"id":"T10","span":{"begin":1275,"end":1558},"obj":"DRI_Outcome"},{"id":"T11","span":{"begin":1559,"end":1646},"obj":"DRI_Background"},{"id":"T12","span":{"begin":1647,"end":1813},"obj":"DRI_Outcome"},{"id":"T13","span":{"begin":1814,"end":1832},"obj":"Token_Label.OUTSIDE"},{"id":"T14","span":{"begin":1833,"end":1994},"obj":"DRI_Outcome"}],"relations":[]}