{"text":"Expression of the LRRK2 gene in the midbrain dopaminergic neurons of the substantia nigra.\nA hallmark of Parkinson's disease (PD) is the progressive loss of the A9 midbrain dopaminergic (mDA) neurons in the substantia nigra pars compacta. Recently, multiple causative mutations have been identified in the leucine-rich repeat kinase 2 (LRRK2) gene for both familial and sporadic PD cases. Therefore, to investigate functional roles of LRRK2 in normal and/or diseased brain, it is critical to define LRRK2 expression in mDA neurons. To address whether LRRK2 mRNA and protein are expressed in mDA neurons, we purified DA neurons from the tyrosine hydroxylase (TH)-GFP transgenic mouse using FACS-sorting and analyzed the expression of LRRK2 and other mDA markers. We observed that all mDA markers tested in this study (TH, Pitx3, DAT, Nurr1 and Lmx1a) are robustly expressed only in GFP(+) cells, but not in GFP(-) cells. Notably, LRRK2 was expressed in both GFP(+) and GFP(-) cells. Consistent with this, our immunohistochemical analyses showed that LRRK2 is expressed in TH-positive mDA neurons as well as in surrounding TH-negative cells in the rat brain. Importantly, in the midbrain region, LRRK2 protein was preferentially expressed in A9 DA neurons of the substantia nigra, compared to A10 DA neurons of the ventral tegmental area. However, LRRK2 was also highly expressed in the cortical and hippocampal regions. Taken together, our results suggest that LRRK2 may have direct functional role(s) in the neurophysiology of A9 DA neurons and that dysfunction of these neurons by mutant LRRK2 may directly cause their selective degeneration.\n","denotations":[{"id":"T1","span":{"begin":0,"end":90},"obj":"DRI_Outcome"},{"id":"T2","span":{"begin":91,"end":238},"obj":"DRI_Background"},{"id":"T3","span":{"begin":239,"end":388},"obj":"DRI_Background"},{"id":"T4","span":{"begin":389,"end":531},"obj":"DRI_Background"},{"id":"T5","span":{"begin":532,"end":761},"obj":"DRI_Approach"},{"id":"T6","span":{"begin":762,"end":919},"obj":"DRI_Approach"},{"id":"T7","span":{"begin":920,"end":981},"obj":"DRI_Background"},{"id":"T8","span":{"begin":982,"end":1156},"obj":"DRI_Outcome"},{"id":"T9","span":{"begin":1157,"end":1336},"obj":"DRI_Outcome"},{"id":"T10","span":{"begin":1337,"end":1418},"obj":"DRI_Background"},{"id":"T11","span":{"begin":1419,"end":1643},"obj":"DRI_Outcome"}],"relations":[]}