{"text":"Soluble amyloid-beta peptides potently disrupt hippocampal synaptic plasticity in the absence of cerebrovascular dysfunction in vivo.\nLong before the onset of clinical Alzheimer's disease non-fibrillar, soluble assembly states of amyloid-beta (Abeta) peptides are believed to cause cognitive problems by disrupting synaptic function in the absence of significant neurodegeneration. Since many of the risk factors for Alzheimer's disease are vascular, impairment of cerebral blood flow by soluble Abeta has been proposed to be critical in triggering these early changes. However, it is not known if soluble Abeta can affect cerebrovascular function at the concentrations required to cause inhibition of synaptic plasticity mechanisms believed to underlie the early cognitive deficits of Alzheimer's disease. Here we developed a new method to simultaneously assess the ability of soluble Abeta to impair plasticity at synapses and to affect resting and activity-dependent local blood flow in the rat hippocampus in vivo. Intracerebroventricular injection of soluble synthetic Abeta(40) dimers rapidly inhibited plasticity of excitatory synaptic transmission at doses (10-42 pmol) comparable to natural Abeta, but failed to affect vascular function measured using laser-Doppler flowmetry (LDF). Like wild-type Abeta(40), the more vasculotropic Abeta produced by people with familial hemorrhagic stroke of the Dutch type (Abeta(40)E22Q), impaired hippocampal plasticity without causing a significant change in local blood flow. Furthermore, neither resting nor activation-evoked hippocampal perfusion was affected by soluble Abeta(42), even at a concentration that markedly (25%) reduced baseline synaptic transmission. These findings demonstrate that the putative synaptotoxic soluble Abeta species of early Alzheimer's disease cause synaptic dysfunction in the absence of detectible changes in local blood flow. This strongly indicates that early cognitive deficits can be caused by soluble Abeta independently of deleterious effects on cerebrovascular dynamics.\n","denotations":[{"id":"T1","span":{"begin":0,"end":133},"obj":"DRI_Challenge"},{"id":"T2","span":{"begin":134,"end":381},"obj":"DRI_Challenge"},{"id":"T3","span":{"begin":382,"end":569},"obj":"DRI_Background"},{"id":"T4","span":{"begin":570,"end":806},"obj":"DRI_Challenge"},{"id":"T5","span":{"begin":807,"end":1018},"obj":"DRI_Approach"},{"id":"T6","span":{"begin":1019,"end":1260},"obj":"DRI_Background"},{"id":"T7","span":{"begin":1261,"end":1284},"obj":"Token_Label.OUTSIDE"},{"id":"T8","span":{"begin":1285,"end":1291},"obj":"DRI_Background"},{"id":"T9","span":{"begin":1292,"end":1326},"obj":"DRI_Outcome"},{"id":"T10","span":{"begin":1327,"end":1346},"obj":"Token_Label.OUTSIDE"},{"id":"T11","span":{"begin":1347,"end":1523},"obj":"DRI_Outcome"},{"id":"T12","span":{"begin":1524,"end":1715},"obj":"DRI_Outcome"},{"id":"T13","span":{"begin":1716,"end":1909},"obj":"DRI_Challenge"},{"id":"T14","span":{"begin":1910,"end":2060},"obj":"DRI_Challenge"}],"relations":[]}