{"text":"Prevention of ischemia/reperfusion-induced accumulation of matrix metalloproteinases in rat lung by preconditioning with nitric oxide.\nPulmonary ischemia/reperfusion (I/R) injury is associated with degradation of structural proteins. Preconditioning by short-term inhalation of nitric oxide (NO) ameliorates some of the severe consequences of an I/R cycle. The aim of this study was to evaluate the effects of NO preconditioning on I/R-induced changes of matrix metalloproteinase (MMP) activity. Left lung in situ ischemia in rats was maintained for 1 h, followed by reperfusion for 30 min or 4 h. In the NO group, animals inhaled NO (15 ppm) for 10 min directly before ischemia. Changes of expression or activity of MMPs (MMP-2, MMP-7, MMP-9, MMP-14) and of neutrophil elastase (NE) in bronchoalveolar lavage fluid (BALF), lung tissue, and arterial plasma were analyzed by zymography and Western blotting. Western blotting was also used to detect tissue inhibitors of matrix proteases, the extracellular metalloproteinase inducer (EMMPRIN or CD147), and endostatin, a proteolytic collagen fragment. Ischemia resulted in an increase of lavagable MMP activity (12.3-fold MMP-2, 8.1-fold MMP-7) at 30 min reperfusion. The activity of MMP-9 and NE in lung tissue progressively increased with time, whereas MMP-14 and MMP-2 were constant. Inhalation of NO prevented the early increase of MMP-2 and MMP-7 in BALF, but the level of MMP-9 and NE in tissue was not affected. The expression of tissue inhibitors of matrix proteases and EMMPRIN did not respond to any treatment. The release of endostatin proceeded in parallel to the level of MMPs in BALF. Significant correlations between MMP-9 and myeloperoxidase in lung tissue and between MMP-2/MMP-7 and plasma protein extravasation were found. The early rise of MMP-2 and MMP-7 in BALF resulted from plasma protein extravasation, whereas MMP-9 and NE were imported into lung tissue via leukocyte invasion. The effect of NO inhalation on lavagable MMPs was secondary to the sealing of the permeability barrier.\n","denotations":[{"id":"T1","span":{"begin":0,"end":134},"obj":"DRI_Background"},{"id":"T2","span":{"begin":135,"end":233},"obj":"DRI_Challenge"},{"id":"T3","span":{"begin":234,"end":356},"obj":"DRI_Background"},{"id":"T4","span":{"begin":357,"end":495},"obj":"DRI_Background"},{"id":"T5","span":{"begin":496,"end":679},"obj":"DRI_Background"},{"id":"T6","span":{"begin":680,"end":906},"obj":"DRI_Background"},{"id":"T7","span":{"begin":907,"end":1099},"obj":"DRI_Background"},{"id":"T8","span":{"begin":1100,"end":1160},"obj":"DRI_Background"},{"id":"T9","span":{"begin":1160,"end":1175},"obj":"Token_Label.OUTSIDE"},{"id":"T10","span":{"begin":1177,"end":1191},"obj":"Token_Label.OUTSIDE"},{"id":"T11","span":{"begin":1191,"end":1215},"obj":"DRI_Background"},{"id":"T12","span":{"begin":1216,"end":1334},"obj":"DRI_Background"},{"id":"T13","span":{"begin":1335,"end":1466},"obj":"DRI_Background"},{"id":"T14","span":{"begin":1467,"end":1568},"obj":"DRI_Outcome"},{"id":"T15","span":{"begin":1569,"end":1646},"obj":"DRI_Approach"},{"id":"T16","span":{"begin":1647,"end":1789},"obj":"DRI_Background"},{"id":"T17","span":{"begin":1790,"end":1951},"obj":"DRI_Background"},{"id":"T18","span":{"begin":1952,"end":2055},"obj":"DRI_Background"}],"relations":[]}