{"text":"Memantine protects against secondary neuronal degeneration in lateral geniculate nucleus and superior colliculus after retinal damage in mice.\nThe purpose of this study, on mice, was to determine whether memantine, a glutamate-receptor antagonist of the N-methyl-(d)-aspartate (NMDA) subtype, protects against neuronal degeneration in the dorsal lateral geniculate nucleus (dLGN) and superior colliculus (SC) after the induction of retinal damage by intravitreal injection of NMDA. NMDA (20 mM/2 microl) was injected into the vitreous body of the left eye in mice (day 0). To evaluate the neuroprotective effect of memantine, mice were assigned to one of two memantine-treated groups: receiving a daily administration of memantine at 30 mg/kg/day, p.o. either from day 0 (administered at 1 h before NMDA injection) to day 90 (pretreated group) or from day 7 to day 90 (post-treated group). The pretreated group exhibited significant suppression of the retinal damage induced by intravitreal injection of NMDA and significant prevention of transsynaptic neuronal degeneration in the dLGN and SC on the contralateral side. Although the mice of the post-treated group displayed no reversion of such retinal damage, they did exhibit protection against neuronal degeneration in the LGN and SC on the contralateral side. These data indicate that memantine can protect against transsynaptic neuronal degeneration in the murine brain (LGN and SC) even if treatment is begun after retinal ganglion cell (RGC) death has started. Memantine protects against the secondary neuronal degeneration in brain regions in the visual pathway that occurs after retinal damage in mice.\n","denotations":[{"id":"T1","span":{"begin":0,"end":142},"obj":"DRI_Background"},{"id":"T2","span":{"begin":143,"end":481},"obj":"DRI_Challenge"},{"id":"T3","span":{"begin":491,"end":502},"obj":"Token_Label.OUTSIDE"},{"id":"T4","span":{"begin":502,"end":572},"obj":"DRI_Background"},{"id":"T5","span":{"begin":573,"end":752},"obj":"DRI_Background"},{"id":"T6","span":{"begin":753,"end":889},"obj":"DRI_Approach"},{"id":"T7","span":{"begin":890,"end":1120},"obj":"DRI_Background"},{"id":"T8","span":{"begin":1121,"end":1314},"obj":"DRI_Background"},{"id":"T9","span":{"begin":1315,"end":1518},"obj":"DRI_Challenge"},{"id":"T10","span":{"begin":1519,"end":1662},"obj":"DRI_Challenge"}],"relations":[]}