{"text":"Normobaric hyperoxia attenuates early blood-brain barrier disruption by inhibiting MMP-9-mediated occludin degradation in focal cerebral ischemia.\nEarly blood-brain barrier (BBB) disruption resulting from excessive neurovascular proteolysis by matrix metalloproteinases (MMPs) is closely associated with hemorrhagic transformation events in ischemic stroke. We have shown that normobaric hyperoxia (NBO) treatment reduces MMP-9 increase in the ischemic brain. The aim of this study was to determine whether NBO could attenuate MMP-9-mediated early BBB disruption following ischemic stroke. Rats were exposed to NBO (95% O(2)) or normoxia (30% O(2)) during 90-min middle cerebral artery occlusion, followed by 3-hour reperfusion. NBO-treated rats showed a significant reduction in Evan's blue extravasation in the ischemic hemisphere compared with normoxic rats. Topographically, Evan's blue leakage was mainly seen in the subcortical regions including the striatum, which was accompanied by increased gelatinolytic activity and reduced immunostaining for tight-junction protein, occludin. Increased gelatinolytic activities and occludin protein loss were also observed in isolated ischemic microvessels. Gel gelatin zymography identified that MMP-9 was the main enzymatic source in the cerebral microvessels. Incubation of brain slices or isolated microvessels with purified MMP-9 revealed specific degradation of occludin. Inhibition of MMP-9 by NBO or MMP-inhibitor, BB1101, significantly reduced occludin protein loss in ischemic microvessels. These results suggest that NBO attenuates early BBB disruption, and inhibition of MMP-9-mediated occludin degradation is an important mechanism for this protection.\n","denotations":[{"id":"T1","span":{"begin":21,"end":82},"obj":"DRI_Challenge"},{"id":"T2","span":{"begin":83,"end":106},"obj":"Token_Label.OUTSIDE"},{"id":"T3","span":{"begin":107,"end":146},"obj":"DRI_Challenge"},{"id":"T4","span":{"begin":147,"end":357},"obj":"DRI_Challenge"},{"id":"T5","span":{"begin":358,"end":376},"obj":"DRI_Outcome"},{"id":"T6","span":{"begin":377,"end":397},"obj":"Token_Label.OUTSIDE"},{"id":"T7","span":{"begin":398,"end":459},"obj":"DRI_Outcome"},{"id":"T8","span":{"begin":460,"end":589},"obj":"DRI_Challenge"},{"id":"T9","span":{"begin":590,"end":728},"obj":"DRI_Background"},{"id":"T10","span":{"begin":729,"end":861},"obj":"DRI_Outcome"},{"id":"T11","span":{"begin":862,"end":1088},"obj":"DRI_Background"},{"id":"T12","span":{"begin":1089,"end":1203},"obj":"DRI_Background"},{"id":"T13","span":{"begin":1204,"end":1308},"obj":"DRI_Outcome"},{"id":"T14","span":{"begin":1309,"end":1423},"obj":"DRI_Approach"},{"id":"T15","span":{"begin":1424,"end":1546},"obj":"DRI_Background"},{"id":"T16","span":{"begin":1547,"end":1628},"obj":"DRI_Outcome"},{"id":"T17","span":{"begin":1629,"end":1652},"obj":"Token_Label.OUTSIDE"},{"id":"T18","span":{"begin":1653,"end":1711},"obj":"DRI_Outcome"}],"relations":[]}