{"text":"Application of matched filtering to identify behavioral modulation of brain oscillations.\nBrain oscillations modulated by motor behaviors are coupled to steady-state and other potentially unrelated to movement oscillations, with energy in the same frequency bands as the signals of interest. We applied matched filtering, a quasi-optimum signal detection technique, to decouple and extract movement-related signals from local field potentials (LFPs) recorded in monkey motor cortical areas during the execution of a visually instructed reach-out task. Using a matched-filterbank, we examined coupling and interference of pre-movement and initial steady-state oscillations with movement-induced signals. Once these signal contributions were eliminated, we were able to identify significant correlations of the residual signals with behavioral parameters, which appeared attenuated by pre-movement signal interference in the raw LFPs. Specifically, the maximum and minimum amplitudes of filtered LFPs were directly modulated by peak movement velocity and micro-movements, respectively, identified in recorded hand velocity profiles. In addition, we identified phase correlations between signals during the delay (when the instructional cue was presented) and movement intervals, as well as modulation of LFP phase by movement direction. For pairs of orthogonal movement directions, corresponding LFP signals were consistently out of phase. Finally, β-band energy which is typically reduced during movement execution, possibly partly due to destructive interference between the modulated by behavior signal and unrelated oscillations, appeared to be recovered in the filtered signals.\n","denotations":[{"id":"T1","span":{"begin":0,"end":89},"obj":"DRI_Outcome"},{"id":"T2","span":{"begin":90,"end":291},"obj":"DRI_Challenge"},{"id":"T3","span":{"begin":292,"end":551},"obj":"DRI_Outcome"},{"id":"T4","span":{"begin":552,"end":702},"obj":"DRI_Approach"},{"id":"T5","span":{"begin":703,"end":932},"obj":"DRI_Outcome"},{"id":"T6","span":{"begin":933,"end":1130},"obj":"DRI_Approach"},{"id":"T7","span":{"begin":1131,"end":1334},"obj":"DRI_Outcome"},{"id":"T8","span":{"begin":1335,"end":1437},"obj":"DRI_Approach"},{"id":"T9","span":{"begin":1438,"end":1681},"obj":"DRI_Background"}],"relations":[]}