{"text":"Prevalence and clinical features of LRRK2 mutations in patients with Parkinson's disease in southern Spain.\nMutations in leucine-rich repeat kinase 2 (LRRK2) gene are associated with both familial and idiopathic Parkinson's disease (PD), whereas mutations in PARK2 (PARKIN) gene result in early onset recessive PD. Here, the objectives were to determine the frequency of LRRK2 G2019S and R1441G mutations in a PD population from southern Spain; to search for LRRK2 mutations in familial PD cases and to study the effect of PARKIN mutations on clinical features of LRRK2-associated; PD. We included 187 PD patients (172 idiopathic, 15 familial) and 287 control subjects from southern Spain. LRRK2 and PARKIN mutations were screened, and clinical features of LRRK2-associated PD were examined. Three (1.7%) idiopathic PD patients carried the G2019S, whereas another three (1.7%) had the R1441G. A novel polymorphism D1420N was found in two (13.3%) familial PD patients. One G2019S carrier also had a homozygous PARKIN deletion, who had early onset PD with clinical symptoms similar to those with PARKIN-associated PD. The remaining LRRK2-asscociated patients had clinical manifestations similar to those with idiopathic PD. G2019S and R1441G are common LRRK2 mutations in PD patients in this region. PARKIN mutations override clinical features in LRRK2-associated PD.\n","denotations":[{"id":"T1","span":{"begin":0,"end":107},"obj":"DRI_Background"},{"id":"T2","span":{"begin":108,"end":314},"obj":"DRI_Approach"},{"id":"T3","span":{"begin":315,"end":370},"obj":"DRI_Approach"},{"id":"T4","span":{"begin":371,"end":383},"obj":"Token_Label.OUTSIDE"},{"id":"T5","span":{"begin":384,"end":585},"obj":"DRI_Approach"},{"id":"T6","span":{"begin":586,"end":689},"obj":"DRI_Approach"},{"id":"T7","span":{"begin":690,"end":791},"obj":"DRI_Background"},{"id":"T8","span":{"begin":792,"end":892},"obj":"DRI_Approach"},{"id":"T9","span":{"begin":893,"end":967},"obj":"DRI_Background"},{"id":"T10","span":{"begin":968,"end":1115},"obj":"DRI_Outcome"},{"id":"T11","span":{"begin":1116,"end":1221},"obj":"DRI_Outcome"},{"id":"T12","span":{"begin":1222,"end":1297},"obj":"DRI_Background"},{"id":"T13","span":{"begin":1298,"end":1365},"obj":"DRI_Approach"}],"relations":[]}