{"text":"Conditional transgenic mice expressing C-terminally truncated human alpha-synuclein (alphaSyn119) exhibit reduced striatal dopamine without loss of nigrostriatal pathway dopaminergic neurons.\nMissense mutations and multiplications of the alpha-synuclein gene cause autosomal dominant familial Parkinson's disease (PD). alpha-Synuclein protein is also a major component of Lewy bodies, the hallmark pathological inclusions of PD. Therefore, alpha-synuclein plays an important role in the pathogenesis of familial and sporadic PD. To model alpha-synuclein-linked disease in vivo, transgenic mouse models have been developed that express wild-type or mutant human alpha-synuclein from a variety of neuronal-selective heterologous promoter elements. These models exhibit a variety of behavioral and neuropathological features resembling some aspects of PD. However, an important deficiency of these models is the observed lack of robust or progressive nigrostriatal dopaminergic neuronal degeneration that is characteristic of PD. We have developed conditional alpha-synuclein transgenic mice that can express A53T, E46K or C-terminally truncated (1-119) human alpha-synuclein pathological variants from the endogenous murine ROSA26 promoter in a Cre recombinase-dependent manner. Using these mice, we have evaluated the expression of these alpha-synuclein variants on the integrity and viability of nigral dopaminergic neurons with age. Expression of A53T alpha-synuclein or truncated alphaSyn119 selectively in nigrostriatal pathway dopaminergic neurons for up to 12 months fails to precipitate dopaminergic neuronal loss in these mice. However, alphaSyn119 expression in nigral dopaminergic neurons for up to 12 months causes a marked reduction in the levels of striatal dopamine and its metabolites together with other subtle neurochemical alterations. We have developed and evaluated novel conditional alpha-synuclein transgenic mice with transgene expression directed selectively to nigrostriatal dopaminergic neurons as a potential new mouse model of PD. Our data support the pathophysiological relevance of C-terminally truncated alpha-synuclein species in vivo. The expression of alphaSyn119 in the mouse nigrostriatal dopaminergic pathway may provide a useful model of striatal dopamine depletion and could potentially provide a presymptomatic model of PD perhaps representative of the earliest derangements in dopaminergic neuronal function observed prior to neuronal loss. These conditional alpha-synuclein transgenic mice provide novel tools for evaluating and dissecting the age-related effects of alpha-synuclein pathological variants on the function of the nigrostriatal dopaminergic pathway or other specific neuronal populations.\n","denotations":[{"id":"T1","span":{"begin":0,"end":191},"obj":"DRI_Outcome"},{"id":"T2","span":{"begin":192,"end":318},"obj":"DRI_Background"},{"id":"T3","span":{"begin":319,"end":428},"obj":"DRI_Background"},{"id":"T4","span":{"begin":429,"end":528},"obj":"DRI_Background"},{"id":"T5","span":{"begin":529,"end":745},"obj":"DRI_Background"},{"id":"T6","span":{"begin":746,"end":852},"obj":"DRI_Background"},{"id":"T7","span":{"begin":853,"end":1026},"obj":"DRI_Background"},{"id":"T8","span":{"begin":1027,"end":1276},"obj":"DRI_Outcome"},{"id":"T9","span":{"begin":1277,"end":1433},"obj":"DRI_Approach"},{"id":"T10","span":{"begin":1434,"end":1634},"obj":"DRI_Background"},{"id":"T11","span":{"begin":1635,"end":1852},"obj":"DRI_Background"},{"id":"T12","span":{"begin":1853,"end":2057},"obj":"DRI_Approach"},{"id":"T13","span":{"begin":2058,"end":2166},"obj":"DRI_Outcome"},{"id":"T14","span":{"begin":2167,"end":2480},"obj":"DRI_Outcome"},{"id":"T15","span":{"begin":2481,"end":2743},"obj":"DRI_Background"}],"relations":[]}