{"text":"Begacestat (GSI-953): a novel, selective thiophene sulfonamide inhibitor of amyloid precursor protein gamma-secretase for the treatment of Alzheimer's disease.\nThe presenilin containing gamma-secretase complex is responsible for the regulated intramembraneous proteolysis of the amyloid precursor protein (APP), the Notch receptor, and a multitude of other substrates. gamma-Secretase catalyzes the final step in the generation of Abeta(40) and Abeta(42) peptides from APP. Amyloid beta-peptides (Abeta peptides) aggregate to form neurotoxic oligomers, senile plaques, and congophilic angiopathy, some of the cardinal pathologies associated with Alzheimer's disease. Although inhibition of this protease acting on APP may result in potentially therapeutic reductions of neurotoxic Abeta peptides, nonselective inhibition of the enzyme may cause severe adverse events as a result of impaired Notch receptor processing. Here, we report the preclinical pharmacological profile of GSI-953 (begacestat), a novel thiophene sulfonamide gamma-secretase inhibitor (GSI) that selectively inhibits cleavage of APP over Notch. This GSI inhibits Abeta production with low nanomolar potency in cellular and cell-free assays of gamma-secretase function, and displaces a tritiated analog of GSI-953 from enriched gamma-secretase enzyme complexes with similar potency. Cellular assays of Notch cleavage reveal that this compound is approximately 16-fold selective for the inhibition of APP cleavage. In the human APP-overexpressing Tg2576 transgenic mouse, treatment with this orally active compound results in a robust reduction in brain, plasma, and cerebral spinal fluid Abeta levels, and a reversal of contextual fear-conditioning deficits that are correlated with Abeta load. In healthy human volunteers, oral administration of a single dose of GSI-953 produces dose-dependent changes in plasma Abeta levels, confirming pharmacodynamic activity of GSI-953 in humans.\n","denotations":[{"id":"T1","span":{"begin":0,"end":159},"obj":"DRI_Background"},{"id":"T2","span":{"begin":160,"end":368},"obj":"DRI_Challenge"},{"id":"T3","span":{"begin":369,"end":473},"obj":"DRI_Approach"},{"id":"T4","span":{"begin":474,"end":666},"obj":"DRI_Background"},{"id":"T5","span":{"begin":667,"end":917},"obj":"DRI_Challenge"},{"id":"T6","span":{"begin":918,"end":1114},"obj":"DRI_Outcome"},{"id":"T7","span":{"begin":1115,"end":1351},"obj":"DRI_Background"},{"id":"T8","span":{"begin":1352,"end":1482},"obj":"DRI_Outcome"},{"id":"T9","span":{"begin":1483,"end":1495},"obj":"DRI_Challenge"},{"id":"T10","span":{"begin":1496,"end":1521},"obj":"Token_Label.OUTSIDE"},{"id":"T11","span":{"begin":1522,"end":1763},"obj":"DRI_Challenge"},{"id":"T12","span":{"begin":1764,"end":1954},"obj":"DRI_Background"}],"relations":[]}