{"text":"Alterations in mRNA and protein levels of metalloproteinases-2, -9, and -14 and tissue inhibitor of metalloproteinase-2 responses to traumatic skeletal muscle injury.\nThis study characterizes the temporal relationship of membrane type-1 matrix metalloproteinase (MT1-MMP) and tissue inhibitor of metalloproteinase-2 (TIMP-2) expression in skeletal muscle following injury. Tibialis anterior (TA) muscles from 60 mice were exposed and injured by applying a cold steel probe (-79 degrees C) to the muscle for 10 s. Thereafter, TA muscles from uninjured and injured legs were collected at 3, 10, 24, 48, and 72 h postinjury for analysis of local MT1-MMP, TIMP-2, and matrix metalloproteinases-2 and -9 (MMP-2 and MMP-9) mRNA and protein content via quantitative RT-PCR, immunoblotting, zymography, and immunofluorescence. All data are expressed as fold change of injured leg vs. uninjured leg. MT1-MMP mRNA levels were decreased significantly at 48 and 72 h postinjury by approximately 9- and 21-fold, respectively (P  less than  0.01). Both TIMP-2 and MMP-2 mRNA expression significantly decreased in the injured leg by approximately 4- to 10-fold at 10-72 h postinjury (P  less than  0.01). MMP-9 mRNA expression was significantly increased at 10, 24, and 48 h postinjury by 6- (P  less than  0.05), 25-, and 12-fold (P  less than  0.01), respectively. Protein content of latent (63 kDa) MT1-MMP was decreased at 48 and 72 h postinjury by approximately 2-fold (P  less than  0.01). Content of the soluble (50 kDa) fragment of MT1-MMP was significantly increased by approximately 17-, 25-, and 67-fold at 24 (P  less than  0.05), 48, and 72 h (P  less than  0.01) postinjury, respectively. TIMP-2 protein levels diminished from 3 to 48 h postinjury by 1.5-fold to 1.8-fold (P  less than  0.01), before returning to baseline levels at 72 h postinjury. Zymography revealed visual increases in gelatinase activity in molecular weight regions corresponding to MMP-9 and MMP-2. In conclusion, skeletal muscle injury initiates a sequence of events in the MT1-MMP proteolytic cascade resulting in elevated levels of the soluble (50 kDa) fragment of MT1-MMP, which could enhance pericellular extracellular matrix remodeling.\n","denotations":[{"id":"T1","span":{"begin":0,"end":166},"obj":"DRI_Background"},{"id":"T2","span":{"begin":167,"end":372},"obj":"DRI_Background"},{"id":"T3","span":{"begin":373,"end":818},"obj":"DRI_Background"},{"id":"T4","span":{"begin":819,"end":890},"obj":"DRI_Approach"},{"id":"T5","span":{"begin":891,"end":1033},"obj":"DRI_Unspecified"},{"id":"T6","span":{"begin":1034,"end":1189},"obj":"DRI_Outcome"},{"id":"T7","span":{"begin":1190,"end":1351},"obj":"DRI_Outcome"},{"id":"T8","span":{"begin":1352,"end":1480},"obj":"DRI_Background"},{"id":"T9","span":{"begin":1481,"end":1687},"obj":"DRI_Background"},{"id":"T10","span":{"begin":1688,"end":1848},"obj":"DRI_Approach"},{"id":"T11","span":{"begin":1849,"end":1970},"obj":"DRI_Background"},{"id":"T12","span":{"begin":1971,"end":2214},"obj":"DRI_Challenge"}],"relations":[]}