{"text":"Microcircuitry coordination of cortical motor information in self-initiation of voluntary movements.\nMotor cortex neurons are activated at different times during self-initiated voluntary movement. However, the manner in which excitatory and inhibitory neurons in distinct cortical layers help to organize voluntary movement is poorly understood. We carried out juxtacellular and multiunit recordings from actively behaving rats and found temporally and functionally distinct activations of excitatory pyramidal cells and inhibitory fast-spiking interneurons. Across cortical layers, pyramidal cells were activated diversely for sequential motor phases (for example, preparation, initiation and execution). In contrast, fast-spiking interneurons, including parvalbumin-positive basket cells, were recruited predominantly for motor execution, with pyramidal cells producing a command-like activity. Thus, fast-spiking interneurons may underlie command shaping by balanced inhibition or recurrent inhibition, rather than command gating by temporally alternating excitation and inhibition. Furthermore, initiation-associated pyramidal cells excited similar and different functional classes of neurons through putative monosynaptic connections. This suggests that these cells may temporally integrate information to initiate and coordinate voluntary movement.\n","denotations":[{"id":"T1","span":{"begin":0,"end":100},"obj":"DRI_Approach"},{"id":"T2","span":{"begin":101,"end":196},"obj":"DRI_Approach"},{"id":"T3","span":{"begin":197,"end":345},"obj":"DRI_Background"},{"id":"T4","span":{"begin":346,"end":558},"obj":"DRI_Approach"},{"id":"T5","span":{"begin":559,"end":705},"obj":"DRI_Background"},{"id":"T6","span":{"begin":706,"end":896},"obj":"DRI_Background"},{"id":"T7","span":{"begin":897,"end":1085},"obj":"DRI_Outcome"},{"id":"T8","span":{"begin":1086,"end":1239},"obj":"DRI_Background"},{"id":"T9","span":{"begin":1240,"end":1354},"obj":"DRI_Approach"}],"relations":[]}