{"text":"Analysis of stromal signatures in the tumor microenvironment of ductal carcinoma in situ.\nRecent advances in the study of the tumor microenvironment have revealed significant interaction between tumor cells and their surrounding stroma in model systems. We have previously shown that two distinct stromal signatures derived from a macrophage (CSF1) response and a fibroblastic (DTF-like) response are present in subsets of invasive breast cancers and show a correlation with clinical outcome. In the present study we explore whether these signatures also exist in the stroma of ductal carcinoma in situ (DCIS). We studied the signatures by both gene expression profile analysis of a publically available data set of DCIS and by immunohistochemistry (IHC) on a tissue microarray of DCIS and invasive breast cancer cases. Both the gene expression and immunohistochemical data show that the macrophage response and fibroblast expression signatures are present in the stroma of subsets of DCIS cases. The incidence of the stromal signatures in DCIS is similar to the incidence in invasive breast cancer that we have previously reported. We also find that the macrophage response signature is associated with higher grade DCIS and cases which are ER and PR negative, whereas the fibroblast signature was not associated with any clinicopathologic features in DCIS. A comparison of 115 matched cases of DCIS and invasive breast cancer found a correlation between the type of stromal response in DCIS and invasive ductal carcinoma (IDC) within the same patient for both the macrophage response and the fibroblast stromal signatures (P = 0.03 and 0.08, respectively). This study is a first characterization of these signatures in DCIS. These signatures have significant clinicopathologic associations and tend to be conserved as the tumor progresses from DCIS to invasive breast cancer.\n","denotations":[{"id":"T1","span":{"begin":0,"end":89},"obj":"DRI_Background"},{"id":"T2","span":{"begin":90,"end":253},"obj":"DRI_Background"},{"id":"T3","span":{"begin":254,"end":492},"obj":"DRI_Outcome"},{"id":"T4","span":{"begin":493,"end":610},"obj":"DRI_Background"},{"id":"T5","span":{"begin":611,"end":819},"obj":"DRI_Outcome"},{"id":"T6","span":{"begin":820,"end":996},"obj":"DRI_Outcome"},{"id":"T7","span":{"begin":997,"end":1132},"obj":"DRI_Approach"},{"id":"T8","span":{"begin":1133,"end":1358},"obj":"DRI_Outcome"},{"id":"T9","span":{"begin":1359,"end":1658},"obj":"DRI_Outcome"},{"id":"T10","span":{"begin":1659,"end":1726},"obj":"DRI_Background"},{"id":"T11","span":{"begin":1727,"end":1877},"obj":"DRI_Background"}],"relations":[]}