{"text":"Leucine-rich repeat kinase 2 induces alpha-synuclein expression via the extracellular signal-regulated kinase pathway.\nMutations in leucine-rich repeat kinase 2 (LRRK2) are the most frequent cause of autosomal-dominant Parkinson's disease (PD). The second known autosomal-dominant PD gene (SNCA) encodes alpha-synuclein, which is deposited in Lewy bodies, the neuropathological hallmark of PD. LRRK2 contains a kinase domain with homology to mitogen-activated protein kinase kinase kinases (MAPKKKs) and its activity has been suggested to be a key factor in LRRK2-associated PD. Here we investigated the role of LRRK2 in signal transduction pathways to identify putative PD-relevant downstream targets. Over-expression of wild-type (wt)LRRK2 in human embryonic kidney HEK293 cells selectively activated the extracellular signal-regulated kinase (ERK) module. PD-associated mutants G2019S and R1441C, but not kinase-dead LRRK2, induced ERK phosphorylation to the same extent as (wt)LRRK2, indicating that this effect is kinase-dependent. However, ERK activation by mutant R1441C and G2019S was significantly slower than that for (wt)LRRK2, despite similar levels of expression. Furthermore, induction of the ERK module by LRRK2 was associated to a small but significant induction of SNCA, which was suppressed by treatment with the selective MAPK/ERK kinase inhibitor U0126. This pathway linking the two dominant PD genes LRRK2 and SNCA may offer an interesting target for drug therapy in both familial and sporadic disease.\n","denotations":[{"id":"T1","span":{"begin":0,"end":118},"obj":"DRI_Approach"},{"id":"T2","span":{"begin":119,"end":244},"obj":"DRI_Approach"},{"id":"T3","span":{"begin":245,"end":393},"obj":"DRI_Approach"},{"id":"T4","span":{"begin":394,"end":578},"obj":"DRI_Background"},{"id":"T5","span":{"begin":579,"end":702},"obj":"DRI_Approach"},{"id":"T6","span":{"begin":703,"end":858},"obj":"DRI_Background"},{"id":"T7","span":{"begin":859,"end":907},"obj":"DRI_Background"},{"id":"T8","span":{"begin":908,"end":925},"obj":"Token_Label.OUTSIDE"},{"id":"T9","span":{"begin":925,"end":1036},"obj":"DRI_Background"},{"id":"T10","span":{"begin":1037,"end":1176},"obj":"DRI_Outcome"},{"id":"T11","span":{"begin":1177,"end":1373},"obj":"DRI_Outcome"},{"id":"T12","span":{"begin":1374,"end":1523},"obj":"DRI_Outcome"}],"relations":[]}