{"text":"Enhanced striatal dopamine transmission and motor performance with LRRK2 overexpression in mice is eliminated by familial Parkinson's disease mutation G2019S.\nPARK8/LRRK2 (leucine-rich repeat kinase 2) was recently identified as a causative gene for autosomal dominant Parkinson's disease (PD), with LRRK2 mutation G2019S linked to the most frequent familial form of PD. Emerging in vitro evidence indicates that aberrant enzymatic activity of LRRK2 protein carrying this mutation can cause neurotoxicity. However, the physiological and pathophysiological functions of LRRK2 in vivo remain elusive. Here we characterize two bacterial artificial chromosome (BAC) transgenic mouse strains overexpressing LRRK2 wild-type (Wt) or mutant G2019S. Transgenic LRRK2-Wt mice had elevated striatal dopamine (DA) release with unaltered DA uptake or tissue content. Consistent with this result, LRRK2-Wt mice were hyperactive and showed enhanced performance in motor function tests. These results suggest a role for LRRK2 in striatal DA transmission and the consequent motor function. In contrast, LRRK2-G2019S mice showed an age-dependent decrease in striatal DA content, as well as decreased striatal DA release and uptake. Despite increased brain kinase activity, LRRK2-G2019S overexpression was not associated with loss of DAergic neurons in substantia nigra or degeneration of nigrostriatal terminals at 12 months. Our results thus reveal a pivotal role for LRRK2 in regulating striatal DA transmission and consequent control of motor function. The PD-associated mutation G2019S may exert pathogenic effects by impairing these functions of LRRK2. Our LRRK2 BAC transgenic mice, therefore, could provide a useful model for understanding early PD pathological events.\n","denotations":[{"id":"T1","span":{"begin":0,"end":158},"obj":"DRI_Background"},{"id":"T2","span":{"begin":159,"end":370},"obj":"DRI_Background"},{"id":"T3","span":{"begin":371,"end":505},"obj":"DRI_Outcome"},{"id":"T4","span":{"begin":506,"end":598},"obj":"DRI_Background"},{"id":"T5","span":{"begin":599,"end":740},"obj":"DRI_Approach"},{"id":"T6","span":{"begin":741,"end":853},"obj":"DRI_Background"},{"id":"T7","span":{"begin":854,"end":970},"obj":"DRI_Outcome"},{"id":"T8","span":{"begin":971,"end":1072},"obj":"DRI_Background"},{"id":"T9","span":{"begin":1073,"end":1213},"obj":"DRI_Background"},{"id":"T10","span":{"begin":1214,"end":1407},"obj":"DRI_Background"},{"id":"T11","span":{"begin":1408,"end":1537},"obj":"DRI_Outcome"},{"id":"T12","span":{"begin":1538,"end":1639},"obj":"DRI_Approach"},{"id":"T13","span":{"begin":1640,"end":1758},"obj":"DRI_Outcome"}],"relations":[]}