{"text":"LRRK2-mediated neurodegeneration and dysfunction of dopaminergic neurons in a Caenorhabditis elegans model of Parkinson's disease.\nMutations in LRRK2 are thus far the most frequent known cause of autosomal dominant and idiopathic Parkinson's disease (PD) with prevalent mutations being found within the GTPase (R1441C/G) and kinase (G2019S) domains. Previous in vitro studies have revealed that R1441C and G2019S mutations are associated with increased kinase activity. To better understand LRRK2-linked PD pathogenesis in vivo, we have generated transgenic C. elegans overexpressing human LRRK2 wild type, R1441C and G2019S in dopaminergic (DA) neurons. Overexpression of these LRRK2 proteins causes age-dependent DA neurodegeneration, behavioral deficits, and locomotor dysfunction that are accompanied by a reduction of dopamine levels in vivo. In comparison, R1441C and G2019S mutants cause more severe phenotypes than the wild type protein. Interestingly, treatment with exogenous dopamine rescues the LRRK2-induced behavioral and locomotor phenotypes. In contrast, expression of the GTP binding defective mutant, K1347A, or knockout of the C. elegans LRRK2 homolog, LRK-1, prevents the LRRK2-induced neurodegeneration and behavioral abnormalities. Hence, our transgenic LRRK2 C. elegans models recapitulate key features of PD including progressive neurodegeneration, impairment of dopamine-dependent behavior and locomotor function, and reduction in dopamine levels. Furthermore, our findings provide strong support for the critical role of GTPase/kinase activity in LRRK2-linked pathologies. These invertebrate models will be useful for studying pathogenesis of PD and for development of potential therapeutics for the disease.\n","denotations":[{"id":"T1","span":{"begin":0,"end":130},"obj":"DRI_Challenge"},{"id":"T2","span":{"begin":131,"end":349},"obj":"DRI_Background"},{"id":"T3","span":{"begin":350,"end":469},"obj":"DRI_Background"},{"id":"T4","span":{"begin":470,"end":654},"obj":"DRI_Outcome"},{"id":"T5","span":{"begin":655,"end":847},"obj":"DRI_Challenge"},{"id":"T6","span":{"begin":848,"end":945},"obj":"DRI_Outcome"},{"id":"T7","span":{"begin":946,"end":1057},"obj":"DRI_Background"},{"id":"T8","span":{"begin":1058,"end":1253},"obj":"DRI_Challenge"},{"id":"T9","span":{"begin":1254,"end":1472},"obj":"DRI_Outcome"},{"id":"T10","span":{"begin":1473,"end":1598},"obj":"DRI_Outcome"},{"id":"T11","span":{"begin":1599,"end":1734},"obj":"DRI_Challenge"}],"relations":[]}