{"text":"Malignant precursor cells pre-exist in human breast DCIS and require autophagy for survival.\nWhile it is accepted that a majority of invasive breast cancer progresses from a ductal carcinoma in situ (DCIS) precursor stage, very little is known about the factors that promote survival of DCIS neoplastic cells within the hypoxic, nutrient deprived intraductal microenvironment. We examined the hypothesis that fresh human DCIS lesions contain pre-existing carcinoma precursor cells. We characterized these cells by full genome molecular cytogenetics (Illumina HumanCytoSNP profile), and signal pathway profiling (Reverse Phase Protein Microarray, 59 endpoints), and demonstrated that autophagy is required for survival and anchorage independent growth of the cytogenetically abnormal tumorigenic DCIS cells. Ex vivo organoid culture of fresh human DCIS lesions, without enzymatic treatment or sorting, induced the emergence of neoplastic epithelial cells exhibiting the following characteristics: a) spontaneous generation of hundreds of spheroids and duct-like 3-D structures in culture within 2-4 weeks; b) tumorigenicity in NOD/SCID mice; c) cytogenetically abnormal (copy number loss or gain in chromosomes including 1, 5, 6, 8, 13, 17) compared to the normal karyotype of the non-neoplastic cells in the source patient's breast tissue; d) in vitro migration and invasion of autologous breast stroma; and e) up-regulation of signal pathways linked to, and components of, cellular autophagy. Multiple autophagy markers were present in the patient's original DCIS lesion and the mouse xenograft. We tested whether autophagy was necessary for survival of cytogenetically abnormal DCIS cells. The lysosomotropic inhibitor (chloroquine phosphate) of autophagy completely suppressed the generation of DCIS spheroids/3-D structures, suppressed ex vivo invasion of autologous stroma, induced apoptosis, suppressed autophagy associated proteins including Atg5, AKT/PI3 Kinase and mTOR, eliminated cytogenetically abnormal spheroid forming cells from the organ culture, and abrogated xenograft tumor formation. Cytogenetically abnormal spheroid forming, tumorigenic, and invasive neoplastic epithelial cells pre-exist in human DCIS and require cellular autophagy for survival.\n","denotations":[{"id":"T1","span":{"begin":0,"end":92},"obj":"DRI_Background"},{"id":"T2","span":{"begin":93,"end":376},"obj":"DRI_Background"},{"id":"T3","span":{"begin":377,"end":481},"obj":"DRI_Outcome"},{"id":"T4","span":{"begin":482,"end":806},"obj":"DRI_Approach"},{"id":"T5","span":{"begin":807,"end":1493},"obj":"DRI_Outcome"},{"id":"T6","span":{"begin":1494,"end":1596},"obj":"DRI_Background"},{"id":"T7","span":{"begin":1597,"end":1691},"obj":"DRI_Approach"},{"id":"T8","span":{"begin":1692,"end":2103},"obj":"DRI_Background"},{"id":"T9","span":{"begin":2104,"end":2269},"obj":"DRI_Background"}],"relations":[]}