{"text":"Spinal interneuron circuits reduce approximately 10-Hz movement discontinuities by phase cancellation.\nTremor imposes an important limit to the accuracy of fine movements in healthy individuals and can be a disabling feature of neurological disease. Voluntary slow finger movements are not smooth but are characterized by large discontinuities (i.e., steps) in the tremor frequency range (approximately 10 Hz). Previous studies have shown that these discontinuities are coherent with activity in the primary motor cortex (M1), but that other brain areas are probably also involved. We investigated the contribution of three important subcortical areas in two macaque monkeys trained to perform slow finger movements. Local field potential and single-unit activity were recorded from the deep cerebellar nuclei (DCN), medial pontomedullary reticular formation, and the intermediate zone of the spinal cord (SC). Coherence between LFP and acceleration was significant at 6 to 13 Hz for all areas, confirming the highly distributed nature of the central network responsible for this activity. The coherence phase at 6 to 13 Hz for DCN and pontomedullary reticular formation was similar to our previous results in M1. By contrast, for SC the phase differed from M1 by approximately pi rad. Examination of single-unit discharge confirmed that this was a genuine difference in neural spiking and could not be explained by different properties of the local field potential. Convergence of antiphase oscillations from the SC with cortical and subcortical descending inputs will lead to cancellation of approximately 10 Hz oscillations at the motoneuronal level. This could appreciably limit drive to muscle at this frequency, thereby reducing tremor and improving movement precision.\n","denotations":[{"id":"T1","span":{"begin":0,"end":102},"obj":"DRI_Approach"},{"id":"T2","span":{"begin":103,"end":249},"obj":"DRI_Challenge"},{"id":"T3","span":{"begin":250,"end":410},"obj":"DRI_Approach"},{"id":"T4","span":{"begin":411,"end":581},"obj":"DRI_Outcome"},{"id":"T5","span":{"begin":582,"end":716},"obj":"DRI_Outcome"},{"id":"T6","span":{"begin":717,"end":910},"obj":"DRI_Approach"},{"id":"T7","span":{"begin":911,"end":1089},"obj":"DRI_Unspecified"},{"id":"T8","span":{"begin":1090,"end":1213},"obj":"DRI_Unspecified"},{"id":"T9","span":{"begin":1214,"end":1285},"obj":"DRI_Outcome"},{"id":"T10","span":{"begin":1286,"end":1466},"obj":"DRI_Outcome"},{"id":"T11","span":{"begin":1467,"end":1653},"obj":"DRI_Outcome"},{"id":"T12","span":{"begin":1654,"end":1775},"obj":"DRI_Approach"}],"relations":[]}