{"text":"Leucine-rich repeat kinase 2 is associated with the endoplasmic reticulum in dopaminergic neurons and accumulates in the core of Lewy bodies in Parkinson disease.\nMutation of the leucine-rich repeat kinase 2 (LRRK2) gene is the most frequent genetic cause of Parkinson disease (PD). To understand the role of LRRK2 in the neuropathology of PD, we investigated the protein expression in a healthy brain and brains from patients with PD and its subcellular localization in dopaminergic neurons. LRRK2 was found to be widely expressed in healthy adult brain, including areas involved in PD. By double fluorescent staining, we found that endogenous LRRK2 is colocalized with the endoplasmic reticulum (ER) markers Neurotrace and KDEL in human dopaminergic neurons. Labeling of brain sections with anti-LRRK2 and anti-α-synuclein antibodies revealed localization of LRRK2 in the core of 24% of Lewy bodies (LBs) in the substantia nigra and 11% of LBs in the locus coeruleus in idiopathic PD patients. The percentage was increased to 50% in both areas in a patient with the G2019S LRRK2 mutation. The finding of ER localization suggests the possibility that LRRK2 is involved in the ER stress response and could account for the susceptibility to neuronal degeneration of LRRK2 mutation carriers. The localization of LRRK2 protein in the core of a subset of LBs demonstrates the contribution of LRRK2 to LB formation and disease pathogenesis.\n","denotations":[{"id":"T1","span":{"begin":0,"end":162},"obj":"DRI_Challenge"},{"id":"T2","span":{"begin":163,"end":282},"obj":"DRI_Approach"},{"id":"T3","span":{"begin":283,"end":492},"obj":"DRI_Challenge"},{"id":"T4","span":{"begin":493,"end":587},"obj":"DRI_Background"},{"id":"T5","span":{"begin":588,"end":760},"obj":"DRI_Approach"},{"id":"T6","span":{"begin":761,"end":995},"obj":"DRI_Background"},{"id":"T7","span":{"begin":996,"end":1067},"obj":"DRI_Unspecified"},{"id":"T8","span":{"begin":1068,"end":1080},"obj":"Token_Label.OUTSIDE"},{"id":"T9","span":{"begin":1081,"end":1090},"obj":"DRI_Unspecified"},{"id":"T10","span":{"begin":1091,"end":1289},"obj":"DRI_Challenge"},{"id":"T11","span":{"begin":1290,"end":1435},"obj":"DRI_Challenge"}],"relations":[]}