{"text":"An aminopeptidase from Streptomyces sp. KK565 degrades beta amyloid monomers, oligomers and fibrils.\nThe accumulation of beta amyloid (Aβ) has been a primary target for Alzheimer disease therapeutic strategies. Previously, we discovered an activity from Streptomyces sp. KK565 growth media that inhibits Aβ aggregation. The active component was an aminopeptidase and named Streptomyces sp. KK565 aminopeptidase (SKAP). SKAP cleaved N-terminal amino-acids of Aβ(1-42) monomer, inhibited formation of fibrils and protected Aβ(1-42)-induced neurotoxicity. Over-expression of a human homolog of SKAP, glutamate carboxypeptidase II (hGCPII) in Aβ-oversynthesizing cells dramatically reduced the Aβ levels. These findings suggest a possible role of M28 family peptidases in preventing Aβ deposits in mammalian brain.\n","denotations":[{"id":"T1","span":{"begin":0,"end":39},"obj":"DRI_Unspecified"},{"id":"T2","span":{"begin":40,"end":100},"obj":"DRI_Unspecified"},{"id":"T3","span":{"begin":101,"end":210},"obj":"DRI_Background"},{"id":"T4","span":{"begin":211,"end":270},"obj":"DRI_Approach"},{"id":"T5","span":{"begin":271,"end":319},"obj":"DRI_Unspecified"},{"id":"T6","span":{"begin":320,"end":389},"obj":"DRI_Unspecified"},{"id":"T7","span":{"begin":390,"end":418},"obj":"DRI_Unspecified"},{"id":"T8","span":{"begin":419,"end":552},"obj":"DRI_Background"},{"id":"T9","span":{"begin":553,"end":700},"obj":"DRI_Background"},{"id":"T10","span":{"begin":701,"end":810},"obj":"DRI_Challenge"}],"relations":[]}