{"text":"Evidence for a predisposing background for CAG expansion leading to HTT mutation in a Chinese population.\nTo investigate the predisposing background for the instability of CAG expansions of the HTT gene in a Chinese population. Genotyping and haplotyping of CAG and CCG repeats of the HTT gene were carried out in 32 unrelated HD patients and 95 non-HD control individuals of Han origin, using capillary electrophoresis and DNA sequencing. The frequencies of different CCG repeats were compared between mutant and wild-type HTT genes. In controls, the comparison of the mean CAG repeat size was performed among different CCG repeats. A total of five alleles of CCG repeats were distinguished, in which four were present in HD chromosomes. In the CCG alleles, (CCG)10 showed a higher frequency in mutant HTT genes relative to wild-type ones, and the highest mean CAG repeat size was observed in the (CCG)10 background. Additionally, a haplotype of (CAG)32-(CCG)10 was found in the control group. Our findings indicate that HTT mutation is likely of multiple origins in the Chinese population. Among the origins, more new HTT mutations may arise from the (CCG)10 than from other CCG alleles, which suggests that the (CCG)10 allele may represent a predisposing background for CAG expansion in Chinese populations. Therefore, in comparison with Europeans, the significantly lower prevalence of Huntington's disease in Chinese individuals may not be due to the absence of the predisposing background for CAG expansion but instead may partly result from the lower frequency of the predisposing haplotype for CAG instability in the population.\n","denotations":[{"id":"T1","span":{"begin":0,"end":105},"obj":"DRI_Challenge"},{"id":"T2","span":{"begin":106,"end":227},"obj":"DRI_Outcome"},{"id":"T3","span":{"begin":228,"end":439},"obj":"DRI_Approach"},{"id":"T4","span":{"begin":440,"end":534},"obj":"DRI_Approach"},{"id":"T5","span":{"begin":535,"end":633},"obj":"DRI_Outcome"},{"id":"T6","span":{"begin":634,"end":738},"obj":"DRI_Background"},{"id":"T7","span":{"begin":739,"end":917},"obj":"DRI_Outcome"},{"id":"T8","span":{"begin":918,"end":994},"obj":"DRI_Background"},{"id":"T9","span":{"begin":995,"end":1091},"obj":"DRI_Outcome"},{"id":"T10","span":{"begin":1092,"end":1310},"obj":"DRI_Outcome"},{"id":"T11","span":{"begin":1311,"end":1636},"obj":"DRI_Outcome"}],"relations":[]}