{"text":"Status of Intraductal Therapy for Ductal Carcinoma in Situ.\nThe intraductal approach is particularly appealing in the setting of ductal carcinoma in situ (DCIS), a preinvasive breast neoplasm that is thought to be entirely intraductal in its extent. Based on an emerging understanding of the anatomy of the ductal system as well as novel techniques to leverage the access accorded by the intraductal approach, researchers are actively exploring how ductal lavage, ductoscopy, and intraductal infusion of therapeutic agents may enhance breast cancer treatment. Both cytologic and molecular diagnostics continue to improve, and work is ongoing to identify the most effective diagnostic biomarkers for DCIS and cancer, although optimal targeting of the diseased duct remains an important consideration. Ductoscopy holds potential in detection of occult intraductal lesions, and ductoscopically guided lumpectomy could increase the likelihood of a more comprehensive surgical excision. Exciting pilot studies are in progress to determine the safety and feasibility of intraductal chemotherapy infusion. These studies are an important starting point for future investigations of intraductal ablative therapy for DCIS, because as our knowledge and techniques evolve, it is likely that DCIS may be the target most amenable to treatment by intraductal therapy. If such studies are successful, these approaches will allow an important and meaningful transformation in treatment options for women diagnosed with DCIS.\n","denotations":[{"id":"T1","span":{"begin":0,"end":59},"obj":"DRI_Background"},{"id":"T2","span":{"begin":60,"end":249},"obj":"DRI_Background"},{"id":"T3","span":{"begin":250,"end":559},"obj":"DRI_Background"},{"id":"T4","span":{"begin":560,"end":799},"obj":"DRI_Background"},{"id":"T5","span":{"begin":800,"end":981},"obj":"DRI_Challenge"},{"id":"T6","span":{"begin":982,"end":1098},"obj":"DRI_Challenge"},{"id":"T7","span":{"begin":1099,"end":1352},"obj":"DRI_Challenge"},{"id":"T8","span":{"begin":1353,"end":1507},"obj":"DRI_Approach"}],"relations":[]}