{"text":"A rat model of progressive nigral neurodegeneration induced by the Parkinson's disease-associated G2019S mutation in LRRK2.\nThe G2019S mutation in the leucine-rich repeat kinase 2 (LRRK2) gene is the most common genetic cause of Parkinson's disease (PD), accounting for a significant proportion of both autosomal dominant familial and sporadic PD cases. Our aim in the present study is to generate a mammalian model of mutant G2019S LRRK2 pathogenesis, which reproduces the robust nigral neurodegeneration characteristic of PD. We developed adenoviral vectors to drive neuron-specific expression of full-length wild-type or mutant G2019S human LRRK2 in the nigrostriatal system of adult rats. Wild-type LRRK2 did not induce any significant neuronal loss. In contrast, under the same conditions and levels of expression, G2019S mutant LRRK2 causes a progressive degeneration of nigral dopaminergic neurons. Our data provide a novel rat model of PD, based on a prevalent genetic cause, that reproduces a cardinal feature of the disease within a rapid time frame suitable for testing of neuroprotective strategies.\n","denotations":[{"id":"T1","span":{"begin":0,"end":78},"obj":"DRI_Background"},{"id":"T2","span":{"begin":79,"end":104},"obj":"Token_Label.OUTSIDE"},{"id":"T3","span":{"begin":105,"end":123},"obj":"DRI_Background"},{"id":"T4","span":{"begin":124,"end":353},"obj":"DRI_Approach"},{"id":"T5","span":{"begin":354,"end":425},"obj":"DRI_Outcome"},{"id":"T6","span":{"begin":426,"end":438},"obj":"Token_Label.OUTSIDE"},{"id":"T7","span":{"begin":439,"end":527},"obj":"DRI_Outcome"},{"id":"T8","span":{"begin":528,"end":692},"obj":"DRI_Approach"},{"id":"T9","span":{"begin":693,"end":754},"obj":"DRI_Outcome"},{"id":"T10","span":{"begin":755,"end":905},"obj":"DRI_Background"},{"id":"T11","span":{"begin":906,"end":1111},"obj":"DRI_Outcome"}],"relations":[]}