{"text":"Relationships among low-frequency local field potentials, spiking activity, and three-dimensional reach and grasp kinematics in primary motor and ventral premotor cortices.\nA prominent feature of motor cortex field potentials during movement is a distinctive low-frequency local field potential (lf-LFP) ( less than 4 Hz), referred to as the movement event-related potential (mEP). The lf-LFP appears to be a global signal related to regional synaptic input, but its relationship to nearby output signaled by single unit spiking activity (SUA) or to movement remains to be established. Previous studies comparing information in primary motor cortex (MI) lf-LFPs and SUA in the context of planar reaching tasks concluded that lf-LFPs have more information than spikes about movement. However, the relative performance of these signals was based on a small number of simultaneously recorded channels and units, or for data averaged across sessions, which could miss information of larger-scale spiking populations. Here, we simultaneously recorded LFPs and SUA from two 96-microelectrode arrays implanted in two major motor cortical areas, MI and ventral premotor (PMv), while monkeys freely reached for and grasped objects swinging in front of them. We compared arm end point and grip aperture kinematics' decoding accuracy for lf-LFP and SUA ensembles. The results show that lf-LFPs provide enough information to reconstruct kinematics in both areas with little difference in decoding performance between MI and PMv. Individual lf-LFP channels often provided more accurate decoding of single kinematic variables than any one single unit. However, the decoding performance of the best single unit among the large population usually exceeded that of the best single lf-LFP channel. Furthermore, ensembles of SUA outperformed the pool of lf-LFP channels, in disagreement with the previously reported superiority of lf-LFP decoding. Decoding results suggest that information in lf-LFPs recorded from intracortical arrays may allow the reconstruction of reach and grasp for real-time neuroprosthetic applications, thus potentially supplementing the ability to decode these same features from spiking populations.\n","denotations":[{"id":"T1","span":{"begin":0,"end":172},"obj":"DRI_Outcome"},{"id":"T2","span":{"begin":173,"end":381},"obj":"DRI_Challenge"},{"id":"T3","span":{"begin":382,"end":585},"obj":"DRI_Challenge"},{"id":"T4","span":{"begin":586,"end":782},"obj":"DRI_Outcome"},{"id":"T5","span":{"begin":783,"end":1012},"obj":"DRI_Approach"},{"id":"T6","span":{"begin":1013,"end":1248},"obj":"DRI_Approach"},{"id":"T7","span":{"begin":1249,"end":1352},"obj":"DRI_Approach"},{"id":"T8","span":{"begin":1353,"end":1516},"obj":"DRI_Outcome"},{"id":"T9","span":{"begin":1517,"end":1637},"obj":"DRI_Approach"},{"id":"T10","span":{"begin":1638,"end":1779},"obj":"DRI_Outcome"},{"id":"T11","span":{"begin":1780,"end":1928},"obj":"DRI_Outcome"},{"id":"T12","span":{"begin":1929,"end":2207},"obj":"DRI_Outcome"}],"relations":[]}