{"text":"LRRK2 mutant iPSC-derived DA neurons demonstrate increased susceptibility to oxidative stress.\nStudies of Parkinson's disease (PD) have been hindered by lack of access to affected human dopaminergic (DA) neurons. Here, we report generation of induced pluripotent stem cells that carry the p.G2019S mutation (G2019S-iPSCs) in the Leucine-Rich Repeat Kinase-2 (LRRK2) gene, the most common PD-related mutation, and their differentiation into DA neurons. The high penetrance of the LRRK2 mutation and its clinical resemblance to sporadic PD suggest that these cells could provide a valuable platform for disease analysis and drug development. We found that DA neurons derived from G2019S-iPSCs showed increased expression of key oxidative stress-response genes and α-synuclein protein. The mutant neurons were also more sensitive to caspase-3 activation and cell death caused by exposure to stress agents, such as hydrogen peroxide, MG-132, and 6-hydroxydopamine, than control DA neurons. This enhanced stress sensitivity is consistent with existing understanding of early PD phenotypes and represents a potential therapeutic target.\n","denotations":[{"id":"T1","span":{"begin":0,"end":94},"obj":"DRI_Background"},{"id":"T2","span":{"begin":95,"end":212},"obj":"DRI_Background"},{"id":"T3","span":{"begin":213,"end":451},"obj":"DRI_Approach"},{"id":"T4","span":{"begin":452,"end":639},"obj":"DRI_Challenge"},{"id":"T5","span":{"begin":640,"end":782},"obj":"DRI_Outcome"},{"id":"T6","span":{"begin":783,"end":985},"obj":"DRI_Background"},{"id":"T7","span":{"begin":986,"end":1130},"obj":"DRI_Challenge"}],"relations":[]}