{"text":"Dopaminergic neuronal loss, reduced neurite complexity and autophagic abnormalities in transgenic mice expressing G2019S mutant LRRK2.\nMutations in the leucine-rich repeat kinase 2 (LRRK2) gene cause late-onset, autosomal dominant familial Parkinson's disease (PD) and also contribute to idiopathic PD. LRRK2 mutations represent the most common cause of PD with clinical and neurochemical features that are largely indistinguishable from idiopathic disease. Currently, transgenic mice expressing wild-type or disease-causing mutants of LRRK2 have failed to produce overt neurodegeneration, although abnormalities in nigrostriatal dopaminergic neurotransmission have been observed. Here, we describe the development and characterization of transgenic mice expressing human LRRK2 bearing the familial PD mutations, R1441C and G2019S. Our study demonstrates that expression of G2019S mutant LRRK2 induces the degeneration of nigrostriatal pathway dopaminergic neurons in an age-dependent manner. In addition, we observe autophagic and mitochondrial abnormalities in the brains of aged G2019S LRRK2 mice and markedly reduced neurite complexity of cultured dopaminergic neurons. These new LRRK2 transgenic mice will provide important tools for understanding the mechanism(s) through which familial mutations precipitate neuronal degeneration and PD.\n","denotations":[{"id":"T1","span":{"begin":0,"end":134},"obj":"DRI_Background"},{"id":"T2","span":{"begin":135,"end":302},"obj":"DRI_Challenge"},{"id":"T3","span":{"begin":303,"end":457},"obj":"DRI_Background"},{"id":"T4","span":{"begin":458,"end":680},"obj":"DRI_Background"},{"id":"T5","span":{"begin":681,"end":831},"obj":"DRI_Outcome"},{"id":"T6","span":{"begin":832,"end":992},"obj":"DRI_Outcome"},{"id":"T7","span":{"begin":993,"end":1081},"obj":"DRI_Outcome"},{"id":"T8","span":{"begin":1082,"end":1094},"obj":"Token_Label.OUTSIDE"},{"id":"T9","span":{"begin":1095,"end":1173},"obj":"DRI_Outcome"},{"id":"T10","span":{"begin":1174,"end":1344},"obj":"DRI_Background"}],"relations":[]}