{"text":"Temporal expression of mutant LRRK2 in adult rats impairs dopamine reuptake.\nParkinson's disease (PD) results from progressive degeneration of dopaminergic neurons. Most PD cases are sporadic, but some have pathogenic mutation in the individual genes. Mutation of the leucine-rich repeat kinase-2 (LRRK2) gene is associated with familial and sporadic PD, as exemplified by G2019S substitution. While constitutive expression of mutant LRRK2 in transgenic mice fails to induce neuron death, transient expression of the disease gene by viral delivery causes a substantial loss of dopaminergic neurons in mice. To further assess LRRK2 pathogenesis, we created inducible transgenic rats expressing human LRRK2 with G2019S substitution. Temporal overexpression of LRRK2(G2019S) in adult rats impaired dopamine reuptake by dopamine transporter (DAT) and thus enhanced locomotor activity, the phenotypes that were not observed in transgenic rats constitutively expressing the gene throughout life time. Reduced DAT binding activity is an early sign of dopaminergic dysfunction in asymptomatic subjects carrying pathogenic mutation in LRRK2. Our transgenic rats recapitulated the initiation process of dopaminergic dysfunction caused by pathogenic mutation in LRRK2. Inducible transgenic approach uncovered phenotypes that may be obscured by developmental compensation in constitutive transgenic rats. Finding in inducible LRRK2 transgenic rats would guide developing effective strategy in transgenic studies: Inducible expression of transgene may induce greater phenotypes than constitutive gene expression, particularly in rodents with short life time.\n","denotations":[{"id":"T1","span":{"begin":0,"end":76},"obj":"DRI_Background"},{"id":"T2","span":{"begin":77,"end":164},"obj":"DRI_Background"},{"id":"T3","span":{"begin":165,"end":251},"obj":"DRI_Outcome"},{"id":"T4","span":{"begin":252,"end":393},"obj":"DRI_Approach"},{"id":"T5","span":{"begin":394,"end":606},"obj":"DRI_Challenge"},{"id":"T6","span":{"begin":607,"end":730},"obj":"DRI_Outcome"},{"id":"T7","span":{"begin":731,"end":994},"obj":"DRI_Background"},{"id":"T8","span":{"begin":995,"end":1132},"obj":"DRI_Background"},{"id":"T9","span":{"begin":1133,"end":1257},"obj":"DRI_Outcome"},{"id":"T10","span":{"begin":1258,"end":1392},"obj":"DRI_Background"},{"id":"T11","span":{"begin":1393,"end":1645},"obj":"DRI_Background"}],"relations":[]}