{"text":"LRRK2 protein levels are determined by kinase function and are crucial for kidney and lung homeostasis in mice.\nMutations in leucine-rich repeat kinase 2 (LRRK2) cause late-onset Parkinson's disease (PD), but the underlying pathophysiological mechanisms and the normal function of this large multidomain protein remain speculative. To address the role of this protein in vivo, we generated three different LRRK2 mutant mouse lines. Mice completely lacking the LRRK2 protein (knock-out, KO) showed an early-onset (age 6 weeks) marked increase in number and size of secondary lysosomes in kidney proximal tubule cells and lamellar bodies in lung type II cells. Mice expressing a LRRK2 kinase-dead (KD) mutant from the endogenous locus displayed similar early-onset pathophysiological changes in kidney but not lung. KD mutants had dramatically reduced full-length LRRK2 protein levels in the kidney and this genetic effect was mimicked pharmacologically in wild-type mice treated with a LRRK2-selective kinase inhibitor. Knock-in (KI) mice expressing the G2019S PD-associated mutation that increases LRRK2 kinase activity showed none of the LRRK2 protein level and histopathological changes observed in KD and KO mice. The autophagy marker LC3 remained unchanged but kidney mTOR and TCS2 protein levels decreased in KD and increased in KO and KI mice. Unexpectedly, KO and KI mice suffered from diastolic hypertension opposed to normal blood pressure in KD mice. Our findings demonstrate a role for LRRK2 in kidney and lung physiology and further show that LRRK2 kinase function affects LRRK2 protein steady-state levels thereby altering putative scaffold/GTPase activity. These novel aspects of peripheral LRRK2 biology critically impact ongoing attempts to develop LRRK2 selective kinase inhibitors as therapeutics for PD.\n","denotations":[{"id":"T1","span":{"begin":0,"end":111},"obj":"DRI_Background"},{"id":"T2","span":{"begin":112,"end":331},"obj":"DRI_Outcome"},{"id":"T3","span":{"begin":332,"end":431},"obj":"DRI_Approach"},{"id":"T4","span":{"begin":432,"end":658},"obj":"DRI_Background"},{"id":"T5","span":{"begin":659,"end":676},"obj":"DRI_Background"},{"id":"T6","span":{"begin":677,"end":694},"obj":"Token_Label.OUTSIDE"},{"id":"T7","span":{"begin":695,"end":813},"obj":"DRI_Background"},{"id":"T8","span":{"begin":814,"end":1018},"obj":"DRI_Outcome"},{"id":"T9","span":{"begin":1019,"end":1052},"obj":"DRI_Background"},{"id":"T10","span":{"begin":1053,"end":1073},"obj":"Token_Label.OUTSIDE"},{"id":"T11","span":{"begin":1074,"end":1216},"obj":"DRI_Background"},{"id":"T12","span":{"begin":1217,"end":1349},"obj":"DRI_Background"},{"id":"T13","span":{"begin":1350,"end":1460},"obj":"DRI_Background"},{"id":"T14","span":{"begin":1461,"end":1670},"obj":"DRI_Outcome"},{"id":"T15","span":{"begin":1671,"end":1822},"obj":"DRI_Background"}],"relations":[]}