{"text":"Human primary ductal carcinoma in situ (DCIS) subtype-specific pathology is preserved in a mouse intraductal (MIND) xenograft model.\nDuctal carcinoma in situ (DCIS) is a non-obligate precursor of invasive breast cancer. The current recognition that DCIS lesions exhibit inter- and intra-lesion diversity suggests that the process of evolution to invasive breast cancer is more complex than previously recognized. Here we demonstrate the reproducible growth of primary DCIS cells derived from patient's surgical and biopsy samples by the mouse intraductal (MIND) model. MIND involves injection of cells into the NOD-SCID IL2Rgamma$^{{\\rm{null}}}$ (NSG) mouse mammary ducts. Twelve (eight unique and four repeats) DCIS and two atypical hyperplasia specimens, heterogeneous with respect to biomarker expression and histology, were injected into 48 mouse mammary glands and analysed for successful xenotransplantation. Overall, 14/34 and 11/14 MIND xenotransplanted glands contained human DCIS and atypical hyperplastic cells, respectively, after 8 weeks, which formed single and multi-layered epithelium inside the ducts, and were heterogeneous with respect to expression of human cytokeratins, oestrogen receptor α (ER), and HER2. ER protein expression was recapitulated in MIND xenografts at ratios similar to the corresponding patient biopsies. In both patient biopsies and corresponding MIND xenografts, HER2 protein expression and nuclear HER2 gene overexpression were restricted to the DCIS lesions and were not found in the surrounding stroma or normal ducts. The xenografted DCIS lesions recapitulate the pathology and heterogeneity of human disease, thus providing a powerful tool for the characterization of the distinct cellular and molecular basis of inter- and intra-tumoural heterogeneity and the processes of DCIS to early invasive breast cancer progression.\n","denotations":[{"id":"T1","span":{"begin":0,"end":132},"obj":"DRI_Background"},{"id":"T2","span":{"begin":133,"end":219},"obj":"DRI_Background"},{"id":"T3","span":{"begin":220,"end":412},"obj":"DRI_Outcome"},{"id":"T4","span":{"begin":413,"end":568},"obj":"DRI_Outcome"},{"id":"T5","span":{"begin":569,"end":610},"obj":"DRI_Approach"},{"id":"T6","span":{"begin":611,"end":629},"obj":"Token_Label.OUTSIDE"},{"id":"T7","span":{"begin":629,"end":672},"obj":"DRI_Approach"},{"id":"T8","span":{"begin":673,"end":914},"obj":"DRI_Outcome"},{"id":"T9","span":{"begin":915,"end":1228},"obj":"DRI_Outcome"},{"id":"T10","span":{"begin":1229,"end":1344},"obj":"DRI_Approach"},{"id":"T11","span":{"begin":1345,"end":1563},"obj":"DRI_Background"},{"id":"T12","span":{"begin":1564,"end":1870},"obj":"DRI_Background"}],"relations":[]}