{"text":"Context-related frequency modulations of macaque motor cortical LFP beta oscillations.\nThe local field potential (LFP) is a population measure, mainly reflecting local synaptic activity. Beta oscillations (12-40 Hz) occur in motor cortical LFPs, but their functional relevance remains controversial. Power modulation studies have related beta oscillations to a 'resting' motor cortex, postural maintenance, attention, sensorimotor binding and planning. Frequency modulations were largely overlooked. We here describe context-related beta frequency modulations in motor cortical LFPs. Two monkeys performed a reaching task with 2 delays. The first delay demanded attention in time in expectation of the visual spatial cue, whereas the second delay involved visuomotor integration and movement preparation. The frequency in 2 beta bands (around 20 and 30 Hz) was systematically 2-5 Hz lower during cue expectancy than during visuomotor integration and preparation. Furthermore, the frequency was directionally selective during preparation, with about 3 Hz difference between preferred and nonpreferred directions. Direction decoding with frequency gave similar accuracy as with beta power, and decoding accuracy improved significantly when combining power and frequency, suggesting that frequency might provide an additional signal for brain-machine interfaces. In conclusion, multiple beta bands coexist in motor cortex, and frequency modulations within each band are as behaviorally meaningful as power modulations, reflecting the changing behavioral context and the movement direction during preparation.\n","denotations":[{"id":"T1","span":{"begin":0,"end":86},"obj":"DRI_Background"},{"id":"T2","span":{"begin":87,"end":186},"obj":"DRI_Approach"},{"id":"T3","span":{"begin":187,"end":299},"obj":"DRI_Outcome"},{"id":"T4","span":{"begin":300,"end":452},"obj":"DRI_Background"},{"id":"T5","span":{"begin":453,"end":499},"obj":"DRI_Background"},{"id":"T6","span":{"begin":500,"end":583},"obj":"DRI_Approach"},{"id":"T7","span":{"begin":584,"end":636},"obj":"DRI_Approach"},{"id":"T8","span":{"begin":637,"end":804},"obj":"DRI_Challenge"},{"id":"T9","span":{"begin":805,"end":962},"obj":"DRI_Outcome"},{"id":"T10","span":{"begin":963,"end":1111},"obj":"DRI_Outcome"},{"id":"T11","span":{"begin":1112,"end":1359},"obj":"DRI_Outcome"},{"id":"T12","span":{"begin":1360,"end":1605},"obj":"DRI_Approach"}],"relations":[]}