{"text":"Memantine partly rescues behavioral and cognitive deficits in an animal model of neurodegeneration.\nMemantine, a non-competitive NMDA receptor antagonist, is used for the treatment of Alzheimer's disease (AD) and off-label as an anti-depressant. Here we investigated possible anti-depressant, cognitive enhancing and neuroprotective effects of memantine in the olfactory bulbectomized (OBX) rat. OBX is used as a screening model for antidepressants and shows cognitive disturbances. In Experiment I, memantine treatment started 14 days after OBX surgery (this setup is similar to what we use for screening of potential antidepressants) and 2 days before surgery in experiment II. In both experiments, memantine (20 mg/kg, p.o) was administered once daily for 28 days. Animals were tested in the open field (locomotor activity), passive avoidance (fear learning and memory), and holeboard (spatial acquisition and memory) before and after the bulbectomy. Memantine, when administered before surgery, prevented OBX-induced hyperactivity and partly fear memory loss. These behavioral effects were present for at least 3 weeks after cessation of treatment. Memantine, however did not improve spatial memory. When administered 2 weeks after OBX surgery, memantine was ineffective in normalizing open field hyperactivity and improving cognitive deficits. Interestingly, after the animals were retrained in passive avoidance, memantine- treated OBX rats (both in experiment I and II) showed improved fear learning and memory. Our findings suggest that memantine has both neuroprotective and cognitive enhancing effects without antidepressant-like properties in the OBX rat. Based on our results, we propose that memantine may be more beneficial to AD patients when administered early in the disease process.\n","denotations":[{"id":"T1","span":{"begin":0,"end":99},"obj":"DRI_Challenge"},{"id":"T2","span":{"begin":100,"end":245},"obj":"DRI_Challenge"},{"id":"T3","span":{"begin":246,"end":395},"obj":"DRI_Outcome"},{"id":"T4","span":{"begin":396,"end":482},"obj":"DRI_Outcome"},{"id":"T5","span":{"begin":483,"end":679},"obj":"DRI_Approach"},{"id":"T6","span":{"begin":680,"end":767},"obj":"DRI_Approach"},{"id":"T7","span":{"begin":768,"end":953},"obj":"DRI_Approach"},{"id":"T8","span":{"begin":954,"end":1063},"obj":"DRI_Background"},{"id":"T9","span":{"begin":1064,"end":1152},"obj":"DRI_Background"},{"id":"T10","span":{"begin":1153,"end":1203},"obj":"DRI_Background"},{"id":"T11","span":{"begin":1204,"end":1348},"obj":"DRI_Challenge"},{"id":"T12","span":{"begin":1349,"end":1518},"obj":"DRI_Outcome"},{"id":"T13","span":{"begin":1519,"end":1666},"obj":"DRI_Outcome"},{"id":"T14","span":{"begin":1667,"end":1800},"obj":"DRI_Approach"}],"relations":[]}