{"text":"Redox proteomics analyses of the influence of co-expression of wild-type or mutated LRRK2 and Tau on C. elegans protein expression and oxidative modification: relevance to Parkinson disease.\nThe human LRRK2 gene has been identified as the most common causative gene of autosomal-dominantly inherited and idiopathic Parkinson disease (PD). The G2019S substitution is the most common mutation in LRRK2. The R1441C mutation also occurs in cases of familial PD, but is not as prevalent. Some cases of LRRK2-based PD exhibit Tau pathology, which suggests that alterations on LRRK2 activity affect the pathophysiology of Tau. To investigate how LRRK2 might affect Tau and the pathophysiology of PD, we generated lines of C. elegans expressing human LRRK2 (wild-type (WT) or mutated (G2019S or R1441C)) with and without V337M Tau. Expression and redox proteomics were used to identify the effects of LRRK2 (WT and mutant) on protein expression and oxidative modifications. Co-expression of WT LRRK2 and Tau led to increased expression of numerous proteins, including several 60S ribosomal proteins, mitochondrial proteins, and the V-type proton ATPase, which is associated with autophagy. C. elegans expressing mutant LRRK2 showed similar changes, but also showed increased protein oxidation and lipid peroxidation, the latter indexed as increased protein-bound 4-hydroxy-2-nonenal (HNE). Our study brings new knowledge about the possible alterations induced by LRRK2 (WT and mutated) and Tau interactions, suggesting the involvement of G2019S and R1441C in Tau-dependent neurodegenerative processes. These results suggest that changes in LRRK2 expression or activity lead to corresponding changes in mitochondrial function, autophagy, and protein translation. These findings are discussed with reference to the pathophysiology of PD.\n","denotations":[{"id":"T1","span":{"begin":0,"end":190},"obj":"DRI_Background"},{"id":"T2","span":{"begin":191,"end":338},"obj":"DRI_Background"},{"id":"T3","span":{"begin":339,"end":400},"obj":"DRI_Approach"},{"id":"T4","span":{"begin":401,"end":482},"obj":"DRI_Background"},{"id":"T5","span":{"begin":483,"end":619},"obj":"DRI_Outcome"},{"id":"T6","span":{"begin":620,"end":823},"obj":"DRI_Outcome"},{"id":"T7","span":{"begin":824,"end":965},"obj":"DRI_Background"},{"id":"T8","span":{"begin":966,"end":1181},"obj":"DRI_Background"},{"id":"T9","span":{"begin":1182,"end":1340},"obj":"DRI_Background"},{"id":"T10","span":{"begin":1341,"end":1374},"obj":"Token_Label.OUTSIDE"},{"id":"T11","span":{"begin":1375,"end":1381},"obj":"DRI_Background"},{"id":"T12","span":{"begin":1382,"end":1593},"obj":"DRI_Challenge"},{"id":"T13","span":{"begin":1594,"end":1753},"obj":"DRI_Background"},{"id":"T14","span":{"begin":1754,"end":1827},"obj":"DRI_Background"}],"relations":[]}