{"text":"The I2020T Leucine-rich repeat kinase 2 transgenic mouse exhibits impaired locomotive ability accompanied by dopaminergic neuron abnormalities.\nLeucine-rich repeat kinase 2 (LRRK2) is the gene responsible for autosomal-dominant Parkinson's disease (PD), PARK8, but the mechanism by which LRRK2 mutations cause neuronal dysfunction remains unknown. In the present study, we investigated for the first time a transgenic (TG) mouse strain expressing human LRRK2 with an I2020T mutation in the kinase domain, which had been detected in the patients of the original PARK8 family. The TG mouse expressed I2020T LRRK2 in dopaminergic (DA) neurons of the substantia nigra, ventral tegmental area, and olfactory bulb. In both the beam test and rotarod test, the TG mice exhibited impaired locomotive ability in comparison with their non-transgenic (NTG) littermates. Although there was no obvious loss of DA neurons in either the substantia nigra or striatum, the TG brain showed several neurological abnormalities such as a reduced striatal dopamine content, fragmentation of the Golgi apparatus in DA neurons, and an increased degree of microtubule polymerization. Furthermore, the tyrosine hydroxylase-positive primary neurons derived from the TG mouse showed an increased frequency of apoptosis and had neurites with fewer branches and decreased outgrowth in comparison with those derived from the NTG controls. The I2020T LRRK2 TG mouse exhibited impaired locomotive ability accompanied by several dopaminergic neuron abnormalities. The TG mouse should provide valuable clues to the etiology of PD caused by the LRRK2 mutation.\n","denotations":[{"id":"T1","span":{"begin":0,"end":143},"obj":"DRI_Outcome"},{"id":"T2","span":{"begin":144,"end":347},"obj":"DRI_Challenge"},{"id":"T3","span":{"begin":348,"end":574},"obj":"DRI_Outcome"},{"id":"T4","span":{"begin":575,"end":597},"obj":"DRI_Approach"},{"id":"T5","span":{"begin":598,"end":610},"obj":"Token_Label.OUTSIDE"},{"id":"T6","span":{"begin":611,"end":708},"obj":"DRI_Approach"},{"id":"T7","span":{"begin":709,"end":857},"obj":"DRI_Approach"},{"id":"T8","span":{"begin":858,"end":1157},"obj":"DRI_Background"},{"id":"T9","span":{"begin":1158,"end":1406},"obj":"DRI_Outcome"},{"id":"T10","span":{"begin":1411,"end":1423},"obj":"Token_Label.OUTSIDE"},{"id":"T11","span":{"begin":1424,"end":1528},"obj":"DRI_Outcome"},{"id":"T12","span":{"begin":1529,"end":1623},"obj":"DRI_Outcome"}],"relations":[]}