{"text":"High LRRK2 levels fail to induce or exacerbate neuronal alpha-synucleinopathy in mouse brain.\nThe G2019S mutation in the multidomain protein leucine-rich repeat kinase 2 (LRRK2) is one of the most frequently identified genetic causes of Parkinson's disease (PD). Clinically, LRRK2(G2019S) carriers with PD and idiopathic PD patients have a very similar disease with brainstem and cortical Lewy pathology (α-synucleinopathy) as histopathological hallmarks. Some patients have Tau pathology. Enhanced kinase function of the LRRK2(G2019S) mutant protein is a prime suspect mechanism for carriers to develop PD but observations in LRRK2 knock-out, G2019S knock-in and kinase-dead mutant mice suggest that LRRK2 steady-state abundance of the protein also plays a determining role. One critical question concerning the molecular pathogenesis in LRRK2(G2019S) PD patients is whether α-synuclein (aSN) has a contributory role. To this end we generated mice with high expression of either wildtype or G2019S mutant LRRK2 in brainstem and cortical neurons. High levels of these LRRK2 variants left endogenous aSN and Tau levels unaltered and did not exacerbate or otherwise modify α-synucleinopathy in mice that co-expressed high levels of LRRK2 and aSN in brain neurons. On the contrary, in some lines high LRRK2 levels improved motor skills in the presence and absence of aSN-transgene-induced disease. Therefore, in many neurons high LRRK2 levels are well tolerated and not sufficient to drive or exacerbate neuronal α-synucleinopathy.\n","denotations":[{"id":"T1","span":{"begin":0,"end":93},"obj":"DRI_Challenge"},{"id":"T2","span":{"begin":94,"end":262},"obj":"DRI_Challenge"},{"id":"T3","span":{"begin":263,"end":455},"obj":"DRI_Challenge"},{"id":"T4","span":{"begin":456,"end":489},"obj":"DRI_Background"},{"id":"T5","span":{"begin":490,"end":643},"obj":"DRI_Background"},{"id":"T6","span":{"begin":644,"end":659},"obj":"Token_Label.OUTSIDE"},{"id":"T7","span":{"begin":660,"end":775},"obj":"DRI_Background"},{"id":"T8","span":{"begin":776,"end":918},"obj":"DRI_Background"},{"id":"T9","span":{"begin":919,"end":1046},"obj":"DRI_Outcome"},{"id":"T10","span":{"begin":1047,"end":1261},"obj":"DRI_Unspecified"},{"id":"T11","span":{"begin":1262,"end":1394},"obj":"DRI_Outcome"},{"id":"T12","span":{"begin":1395,"end":1528},"obj":"DRI_Challenge"}],"relations":[]}