{"text":"Leucine-rich repeat kinase 2 disturbs mitochondrial dynamics via Dynamin-like protein.\nMutations in Leucine-rich repeat kinase 2 (LRRK2) are the leading causes of genetically inherited Parkinson's disease (PD) identified so far. The underlying mechanism whereby missense alterations in LRRK2 initiate neurodegeneration remains largely unclear. Mitochondrial dysfunction has been recognized to contribute to the pathogenesis of both sporadic and familial PD. The pathogenic gain-of-function mutant form of LRRK2, LRRK2 G2019S, is associated with elevated kinase activity and PD. Here we show that LRRK2 G2019S can cause defects in the morphology and dynamics of mitochondria in cortical neurons. In neurons, endogenous LRRK2 and the mitochondrial fission factor Dynamin like protein 1 (DLP1) interact with and partially co-localize with each other. DLP1 plays an essential role in LRRK2-induced mitochondrial fission. In support of this, expression of LRRK2 leads to the translocation of DLP1 from the cytosol to the mitochondria and knockdown of DLP1 expression inhibits LRRK2-induced mitochondrial fission. In addition, co-expression of LRRK2 and DLP1 induces mitochondrial clearance. Furthermore, we have found that expression of LRRK2 leads to increased reactive oxygen species levels in cells. Taken together, our results provide insights into the pathobiology of LRRK2 and suggest that LRRK2 G2019S may induce neuronal dysfunction or cell death by disturbing normal mitochondrial fission/fusion dynamics and function.\n","denotations":[{"id":"T1","span":{"begin":0,"end":86},"obj":"DRI_Approach"},{"id":"T2","span":{"begin":87,"end":228},"obj":"DRI_Approach"},{"id":"T3","span":{"begin":229,"end":343},"obj":"DRI_Background"},{"id":"T4","span":{"begin":344,"end":457},"obj":"DRI_Background"},{"id":"T5","span":{"begin":458,"end":511},"obj":"DRI_Background"},{"id":"T6","span":{"begin":512,"end":524},"obj":"Token_Label.OUTSIDE"},{"id":"T7","span":{"begin":524,"end":577},"obj":"DRI_Background"},{"id":"T8","span":{"begin":578,"end":595},"obj":"DRI_Outcome"},{"id":"T9","span":{"begin":596,"end":608},"obj":"Token_Label.OUTSIDE"},{"id":"T10","span":{"begin":609,"end":694},"obj":"DRI_Outcome"},{"id":"T11","span":{"begin":695,"end":847},"obj":"DRI_Outcome"},{"id":"T12","span":{"begin":848,"end":916},"obj":"DRI_Background"},{"id":"T13","span":{"begin":917,"end":1107},"obj":"DRI_Outcome"},{"id":"T14","span":{"begin":1108,"end":1185},"obj":"DRI_Background"},{"id":"T15","span":{"begin":1186,"end":1297},"obj":"DRI_Outcome"},{"id":"T16","span":{"begin":1298,"end":1390},"obj":"DRI_Outcome"},{"id":"T17","span":{"begin":1391,"end":1403},"obj":"Token_Label.OUTSIDE"},{"id":"T18","span":{"begin":1404,"end":1522},"obj":"DRI_Outcome"}],"relations":[]}