{"text":"G2019S leucine-rich repeat kinase 2 causes uncoupling protein-mediated mitochondrial depolarization.\nThe G2019S leucine rich repeat kinase 2 (LRRK2) mutation is the most common genetic cause of Parkinson's disease (PD), clinically and pathologically indistinguishable from idiopathic PD. Mitochondrial abnormalities are a common feature in PD pathogenesis and we have investigated the impact of G2019S mutant LRRK2 expression on mitochondrial bioenergetics. LRRK2 protein expression was detected in fibroblasts and lymphoblasts at levels higher than those observed in the mouse brain. The presence of G2019S LRRK2 mutation did not influence LRRK2 expression in fibroblasts. However, the expression of the G2019S LRRK2 mutation in both fibroblast and neuroblastoma cells was associated with mitochondrial uncoupling. This was characterized by decreased mitochondrial membrane potential and increased oxygen utilization under basal and oligomycin-inhibited conditions. This resulted in a decrease in cellular ATP levels consistent with compromised cellular function. This uncoupling of mitochondrial oxidative phosphorylation was associated with a cell-specific increase in uncoupling protein (UCP) 2 and 4 expression. Restoration of mitochondrial membrane potential by the UCP inhibitor genipin confirmed the role of UCPs in this mechanism. The G2019S LRRK2-induced mitochondrial uncoupling and UCP4 mRNA up-regulation were LRRK2 kinase-dependent, whereas endogenous LRRK2 levels were required for constitutive UCP expression. We propose that normal mitochondrial function was deregulated by the expression of G2019S LRRK2 in a kinase-dependent mechanism that is a modification of the normal LRRK2 function, and this leads to the vulnerability of selected neuronal populations in PD.\n","denotations":[{"id":"T1","span":{"begin":0,"end":100},"obj":"DRI_Approach"},{"id":"T2","span":{"begin":101,"end":287},"obj":"DRI_Challenge"},{"id":"T3","span":{"begin":288,"end":457},"obj":"DRI_Background"},{"id":"T4","span":{"begin":458,"end":584},"obj":"DRI_Background"},{"id":"T5","span":{"begin":585,"end":600},"obj":"DRI_Background"},{"id":"T6","span":{"begin":601,"end":613},"obj":"Token_Label.OUTSIDE"},{"id":"T7","span":{"begin":614,"end":673},"obj":"DRI_Background"},{"id":"T8","span":{"begin":674,"end":704},"obj":"DRI_Outcome"},{"id":"T9","span":{"begin":705,"end":717},"obj":"Token_Label.OUTSIDE"},{"id":"T10","span":{"begin":718,"end":815},"obj":"DRI_Outcome"},{"id":"T11","span":{"begin":816,"end":966},"obj":"DRI_Background"},{"id":"T12","span":{"begin":967,"end":1064},"obj":"DRI_Approach"},{"id":"T13","span":{"begin":1065,"end":1216},"obj":"DRI_Background"},{"id":"T14","span":{"begin":1217,"end":1339},"obj":"DRI_Background"},{"id":"T15","span":{"begin":1344,"end":1364},"obj":"Token_Label.OUTSIDE"},{"id":"T16","span":{"begin":1365,"end":1422},"obj":"DRI_Background"},{"id":"T17","span":{"begin":1423,"end":1445},"obj":"Token_Label.OUTSIDE"},{"id":"T18","span":{"begin":1445,"end":1525},"obj":"DRI_Background"},{"id":"T19","span":{"begin":1526,"end":1608},"obj":"DRI_Challenge"},{"id":"T20","span":{"begin":1609,"end":1621},"obj":"Token_Label.OUTSIDE"},{"id":"T21","span":{"begin":1622,"end":1782},"obj":"DRI_Challenge"}],"relations":[]}