{"text":"Regulation of DCIS to invasive breast cancer progression by Singleminded-2s (SIM2s).\nSingleminded-2s (SIM2s) is a member of the bHLH/PAS family of transcription factors and a key regulator of mammary epithelial cell differentiation. SIM2s is highly expressed in mammary epithelial cells and downregulated in human breast cancer. Loss of Sim2s causes aberrant mouse mammary ductal development, with features suggestive of malignant transformation, whereas overexpression of SIM2s promotes precocious alveolar differentiation in nulliparous mouse mammary glands, suggesting that SIM2s is required for establishing and enhancing mammary gland differentiation. To test the hypothesis that SIM2s regulates tumor cell differentiation, we analyzed SIM2s expression in human primary breast ductal carcinoma in situ (DCIS) samples and found that SIM2s is lost with progression from DCIS to invasive ductal cancer (IDC). Using a MCF10DCIS.COM progression model, we have shown that SIM2s expression is decreased in MCF10DCIS.COM cells compared with MCF10A cells, and reestablishment of SIM2s in MCF10DCIS.COM cells significantly inhibits growth and invasion both in vitro and in vivo. Analysis of SIM2s-MCF10DCIS.com tumors showed that SIM2s promoted a more differentiated tumor phenotype including the expression of a broad range of luminal markers (CSN2 (β-casein), CDH1 (E-cadherin), and KER18 (keratin-18)) and suppressed genes associated with stem cell maintenance and a basal phenotype (SMO (smoothened), p63, SLUG (snail-2), KER14 (keratin-14) and VIM (vimentin)). Furthermore, loss of SIM2s expression in MCF10DCIS.COM xenografts resulted in a more invasive phenotype and increased lung metastasis likely due to an increase in Hedgehog signaling and matrix metalloproteinase expression. Together, these exciting new data support a role for SIM2s in promoting human breast tumor differentiation and maintaining epithelial integrity.\n","denotations":[{"id":"T1","span":{"begin":0,"end":84},"obj":"DRI_Background"},{"id":"T2","span":{"begin":85,"end":232},"obj":"DRI_Background"},{"id":"T3","span":{"begin":233,"end":328},"obj":"DRI_Background"},{"id":"T4","span":{"begin":329,"end":656},"obj":"DRI_Challenge"},{"id":"T5","span":{"begin":657,"end":910},"obj":"DRI_Outcome"},{"id":"T6","span":{"begin":911,"end":1173},"obj":"DRI_Outcome"},{"id":"T7","span":{"begin":1174,"end":1560},"obj":"DRI_Background"},{"id":"T8","span":{"begin":1561,"end":1783},"obj":"DRI_Background"},{"id":"T9","span":{"begin":1784,"end":1928},"obj":"DRI_Outcome"}],"relations":[]}