{"text":"Cullin-3 protein expression levels correlate with breast cancer progression.\nCullin-3 is a component of the Cullin-Ring ubiquitin ligase (CRL) family that plays an important role in mediating protein degradation. Deregulation of Cullin-3 expression has been observed in human cancers; however, a role for Cullin-3 in tumor progression has not been previously recognized. Using the MCF10DCIS.com human breast cancer xenograft model, we show that Cullin-3 is increasingly expressed during progression from comedo ductal carcinoma in situ (DCIS) to invasive carcinomas. Cullin-3 protein is not detected in early lesions but is noticeably increased in DCIS tumors and significantly overexpressed in invasive cancers. In experimental metastasis assays, high expression of Cullin-3 was observed in the lung site. Importantly, Cullin-3 staining is detected in human breast cancer tissues, not in normal breast tissues and its expression level positively correlates with tumor stage. These data suggest that Cullin-3 may play an important role in tumor progression from DCIS to invasive cancer and may serve as a biomarker for the diagnosis of aggressive breast cancer.\n","denotations":[{"id":"T1","span":{"begin":0,"end":76},"obj":"DRI_Outcome"},{"id":"T2","span":{"begin":77,"end":212},"obj":"DRI_Challenge"},{"id":"T3","span":{"begin":213,"end":370},"obj":"DRI_Background"},{"id":"T4","span":{"begin":371,"end":566},"obj":"DRI_Outcome"},{"id":"T5","span":{"begin":567,"end":712},"obj":"DRI_Background"},{"id":"T6","span":{"begin":713,"end":806},"obj":"DRI_Background"},{"id":"T7","span":{"begin":807,"end":975},"obj":"DRI_Outcome"},{"id":"T8","span":{"begin":976,"end":1161},"obj":"DRI_Approach"}],"relations":[]}