{"text":"Effects of erythropoietin on blood-brain barrier tight junctions in ischemia-reperfusion rats.\nAdministration of recombinant human erythropoietin (rhEPO) protects neurons from injury after brain ischemia-reperfusion (I/R), which is in part mediated by ameliorating the blood-brain barrier (BBB) leakage. But the mechanism of rhEPO's protective effects on BBB remains unclear. This study aims to investigate the effects of rhEPO on BBB integrity and the expressions of tight junctions (TJs) associated proteins of zonula occluden-1 (ZO-1), occludin, and claudin-5 in cerebral I/R rats. These rats underwent 2 h of ischemia and then were reperfused for up to 3 and 72 h. Animals were randomly divided into five groups: sham-operated group, I/R 3 h and I/R 72 h group (2 ml saline was injected intraperitoneally just before the onset of ischemia), rhEPO +I/R 3 h, and rhEPO +I/R 72 h group (5,000 U/kg rhEPO diluted in 2 ml saline solution was injected intraperitoneally just before the onset of ischemia). We verified that rhEPO could decrease the BBB leakage induced by I/R injury detected by Evans blue extravasation. 2, 3, 5-Triphenyltetrazolium chloride staining results showed that rhEPO decreased infarct volume after cerebral I/R. TJ integrity was partly restored by rhEPO observed by transmission electron microscopy. The mRNA and protein expression levels of ZO-1, occludin, and claudin-5 were significantly increased compared with I/R groups at the same reperfusion time point by reverse transcriptase-polymerase chain reaction and Western blot assays. The treatment of rhEPO induced the redistribution of ZO-1, occludin, and claudin-5 in cerebral microvessels observed by immunohistochemical staining. Compared with I/R groups, the mRNA level of tumor necrosis factor-alpha (TNF-α) in cerebral microvessels decreased markedly after rhEPO treatment, accompanied with reduced TNF-α protein level and nuclear factor-кB (NF-кB) p65 activation detected by enzyme-linked immunosorbent assay. These results suggested that the protective mechanism of rhEPO on BBB after cerebral I/R injury was associated with the upregulation of TJ-associated proteins. The downregulated TNF-α levels and NF-кB activation induced by rhEPO might be involved in this process.\n","denotations":[{"id":"T1","span":{"begin":0,"end":94},"obj":"DRI_Approach"},{"id":"T2","span":{"begin":95,"end":303},"obj":"DRI_Approach"},{"id":"T3","span":{"begin":304,"end":375},"obj":"DRI_Background"},{"id":"T4","span":{"begin":376,"end":512},"obj":"DRI_Challenge"},{"id":"T5","span":{"begin":513,"end":530},"obj":"Token_Label.OUTSIDE"},{"id":"T6","span":{"begin":531,"end":584},"obj":"DRI_Challenge"},{"id":"T7","span":{"begin":585,"end":844},"obj":"DRI_Background"},{"id":"T8","span":{"begin":876,"end":893},"obj":"DRI_Background"},{"id":"T9","span":{"begin":905,"end":1003},"obj":"DRI_Background"},{"id":"T10","span":{"begin":1004,"end":1117},"obj":"DRI_Approach"},{"id":"T11","span":{"begin":1118,"end":1235},"obj":"DRI_Background"},{"id":"T12","span":{"begin":1236,"end":1323},"obj":"DRI_Background"},{"id":"T13","span":{"begin":1324,"end":1560},"obj":"DRI_Outcome"},{"id":"T14","span":{"begin":1561,"end":1710},"obj":"DRI_Background"},{"id":"T15","span":{"begin":1711,"end":1994},"obj":"DRI_Unspecified"},{"id":"T16","span":{"begin":1995,"end":2154},"obj":"DRI_Background"},{"id":"T17","span":{"begin":2155,"end":2258},"obj":"DRI_Approach"}],"relations":[]}