{"text":"Phosphorylation of 4E-BP1 in the mammalian brain is not altered by LRRK2 expression or pathogenic mutations.\nMutations in the leucine-rich repeat kinase 2 (LRRK2) gene are a common cause of autosomal dominant familial Parkinson's disease (PD). LRRK2 encodes a multi-domain protein containing GTPase and kinase enzymatic domains. Disease-associated mutations in LRRK2 variably influence enzymatic activity with the common G2019S variant leading to enhanced kinase activity. Mutant LRRK2 induces neuronal toxicity through a kinase-dependent mechanism suggesting that kinase activity is important for mediating the pathogenic effects of LRRK2 mutations. A number of LRRK2 kinase substrates have been identified in vitro but whether they represent authentic physiological substrates in mammalian cells or tissues is not yet clear. The eukaryotic initiation factor 4E (eIF4E)-binding protein, 4E-BP1, was recently identified as a potential substrate of LRRK2 kinase activity in vitro and in Drosophila with phosphorylation occurring at Thr37 and Thr46. Here, we explore a potential interaction of LRRK2 and 4E-BP1 in mammalian cells and brain. We find that LRRK2 can weakly phosphorylate 4E-BP1 in vitro but LRRK2 overexpression is not able to alter endogenous 4E-BP1 phosphorylation in mammalian cells. In mammalian neurons LRRK2 and 4E-BP1 display minimal co-localization, whereas the subcellular distribution, protein complex formation and covalent post-translational modification of endogenous 4E-BP1 are not altered in the brains of LRRK2 knockout or mutant LRRK2 transgenic mice. In the brain, the phosphorylation of 4E-BP1 at Thr37 and Thr46 does not change in LRRK2 knockout or mutant LRRK2 transgenic mice, nor is 4E-BP1 phosphorylation altered in idiopathic or G2019S mutant PD brains. Collectively, our results suggest that 4E-BP1 is neither a major nor robust physiological substrate of LRRK2 in mammalian cells or brain.\n","denotations":[{"id":"T1","span":{"begin":0,"end":108},"obj":"DRI_Background"},{"id":"T2","span":{"begin":109,"end":243},"obj":"DRI_Approach"},{"id":"T3","span":{"begin":244,"end":328},"obj":"DRI_Outcome"},{"id":"T4","span":{"begin":329,"end":472},"obj":"DRI_Background"},{"id":"T5","span":{"begin":473,"end":650},"obj":"DRI_Challenge"},{"id":"T6","span":{"begin":651,"end":826},"obj":"DRI_Background"},{"id":"T7","span":{"begin":827,"end":1047},"obj":"DRI_Outcome"},{"id":"T8","span":{"begin":1048,"end":1138},"obj":"DRI_Challenge"},{"id":"T9","span":{"begin":1139,"end":1298},"obj":"DRI_Outcome"},{"id":"T10","span":{"begin":1299,"end":1580},"obj":"DRI_Background"},{"id":"T11","span":{"begin":1581,"end":1790},"obj":"DRI_Background"},{"id":"T12","span":{"begin":1791,"end":1928},"obj":"DRI_Outcome"}],"relations":[]}