{"text":"Near-infrared fluorescence molecular imaging of ductal carcinoma in situ with CD44v6-specific antibodies in mice: a preclinical study.\nThe purpose of this study was to develop a molecular imaging technique using tracers specific for ductal carcinoma in situ (DCIS) to improve visualization and localization of DCIS during surgery. As CD44v6 is frequently expressed in DCIS, we used near-infrared fluorescently labeled CD44v6-targeting antibodies for detection of DCIS. Mice bearing orthotopically transplanted CD44v6-positive MCF10DCIS DCIS-like tumors and CD44v6-negative MDA-MB-231 control tumors were intravenously injected with IRDye800CW conjugated to CD44v6-specific antibodies or control IgGs. Noninvasive imaging was performed for 8 days postinjection, followed by intraoperative imaging. Antibody accumulation and intratumor distribution were examined. Maximum accumulation of CD44v6-specific antibodies was obtained 24 h postinjection. Maximum tumor-to-background ratio for MCF10DCIS tumors was 4.5 ± 0.2, compared to 1.4 ± 0.1 (control tumors, p = 0.006), and 1.7 ± 0.1 (control IgG, p = 0.014), for 8 days postinjection. Ex vivo, tumor-to-background ratios were comparable to those obtained by intraoperative imaging. We show the applicability of noninvasive and intraoperative optical imaging of DCIS-like lesions in vivo using CD44v6-specific antibodies.\n","denotations":[{"id":"T1","span":{"begin":0,"end":134},"obj":"DRI_Background"},{"id":"T2","span":{"begin":135,"end":330},"obj":"DRI_Background"},{"id":"T3","span":{"begin":331,"end":468},"obj":"DRI_Background"},{"id":"T4","span":{"begin":469,"end":509},"obj":"DRI_Background"},{"id":"T5","span":{"begin":510,"end":545},"obj":"Token_Label.OUTSIDE"},{"id":"T6","span":{"begin":557,"end":583},"obj":"Token_Label.OUTSIDE"},{"id":"T7","span":{"begin":584,"end":700},"obj":"DRI_Background"},{"id":"T8","span":{"begin":701,"end":796},"obj":"DRI_Background"},{"id":"T9","span":{"begin":797,"end":861},"obj":"DRI_Background"},{"id":"T10","span":{"begin":862,"end":945},"obj":"DRI_Approach"},{"id":"T11","span":{"begin":946,"end":1132},"obj":"DRI_Approach"},{"id":"T12","span":{"begin":1133,"end":1229},"obj":"DRI_Background"},{"id":"T13","span":{"begin":1230,"end":1368},"obj":"DRI_Outcome"}],"relations":[]}