{"text":"Decoding grasp types with high frequency of local field potentials from primate primary dorsal premotor cortex.\nRecently, local field potentials (LFPs) have been successfully used to extract information of arm and hand movement in some brain-machine interfaces (BMIs) studies, which suggested that LFPs would improve the performance of BMI applications because of its long-term stability. However, the performance of LFPs in different frequency bands has not been investigated in decoding hand grasp types. Here, the LFPs from the monkey's dorsal premotor cortices were collected by microelectrode array when monkey was performing grip-specific grasp task. A K-nearest neighbor classifier performed on the power spectrum of LFPs was used to decode grasping movements. The decoding powers of LFPs in different frequency bands, channels and trials used for training were also studied. The results show that the broad high frequency band (200-400Hz) LFPs achieved the best performance with classification accuracy reaching over 0.9. It infers that high frequency band LFPs in PMd cortex could be a promising source of control signals in developing functional BMIs for hand grasping.\n","denotations":[{"id":"T1","span":{"begin":0,"end":111},"obj":"DRI_Outcome"},{"id":"T2","span":{"begin":112,"end":388},"obj":"DRI_Background"},{"id":"T3","span":{"begin":389,"end":506},"obj":"DRI_Outcome"},{"id":"T4","span":{"begin":507,"end":656},"obj":"DRI_Outcome"},{"id":"T5","span":{"begin":657,"end":767},"obj":"DRI_Outcome"},{"id":"T6","span":{"begin":768,"end":882},"obj":"DRI_Background"},{"id":"T7","span":{"begin":883,"end":1029},"obj":"DRI_Outcome"},{"id":"T8","span":{"begin":1030,"end":1179},"obj":"DRI_Challenge"}],"relations":[]}