{"text":"Dopaminergic expression of the Parkinsonian gene LRRK2-G2019S leads to non-autonomous visual neurodegeneration, accelerated by increased neural demands for energy.\nParkinson's disease (PD) is associated with loss of dopaminergic signalling, and affects not just movement, but also vision. As both mammalian and fly visual systems contain dopaminergic neurons, we investigated the effect of LRRK2 mutations (the most common cause of inherited PD) on Drosophila electroretinograms (ERGs). We reveal progressive loss of photoreceptor function in flies expressing LRRK2-G2019S in dopaminergic neurons. The photoreceptors showed elevated autophagy, apoptosis and mitochondrial disorganization. Head sections confirmed extensive neurodegeneration throughout the visual system, including regions not directly innervated by dopaminergic neurons. Other PD-related mutations did not affect photoreceptor function, and no loss of vision was seen with kinase-dead transgenics. Manipulations of the level of Drosophila dLRRK suggest G2019S is acting as a gain-of-function, rather than dominant negative mutation. Increasing activity of the visual system, or of just the dopaminergic neurons, accelerated the G2019S-induced deterioration of vision. The fly visual system provides an excellent, tractable model of a non-autonomous deficit reminiscent of that seen in PD, and suggests that increased energy demand may contribute to the mechanism by which LRRK2-G2019S causes neurodegeneration.\n","denotations":[{"id":"T1","span":{"begin":0,"end":163},"obj":"DRI_Background"},{"id":"T2","span":{"begin":164,"end":288},"obj":"DRI_Challenge"},{"id":"T3","span":{"begin":289,"end":486},"obj":"DRI_Approach"},{"id":"T4","span":{"begin":487,"end":597},"obj":"DRI_Outcome"},{"id":"T5","span":{"begin":598,"end":688},"obj":"DRI_Background"},{"id":"T6","span":{"begin":689,"end":837},"obj":"DRI_Background"},{"id":"T7","span":{"begin":838,"end":964},"obj":"DRI_Outcome"},{"id":"T8","span":{"begin":965,"end":1099},"obj":"DRI_Background"},{"id":"T9","span":{"begin":1100,"end":1234},"obj":"DRI_Background"},{"id":"T10","span":{"begin":1235,"end":1477},"obj":"DRI_Outcome"}],"relations":[]}