{"text":"Interplay of LRRK2 with chaperone-mediated autophagy.\nMutations in leucine-rich repeat kinase 2 (LRRK2) are the most common cause of familial Parkinson's disease. We found LRRK2 to be degraded in lysosomes by chaperone-mediated autophagy (CMA), whereas the most common pathogenic mutant form of LRRK2, G2019S, was poorly degraded by this pathway. In contrast to the behavior of typical CMA substrates, lysosomal binding of both wild-type and several pathogenic mutant LRRK2 proteins was enhanced in the presence of other CMA substrates, which interfered with the organization of the CMA translocation complex, resulting in defective CMA. Cells responded to such LRRK2-mediated CMA compromise by increasing levels of the CMA lysosomal receptor, as seen in neuronal cultures and brains of LRRK2 transgenic mice, induced pluripotent stem cell-derived dopaminergic neurons and brains of Parkinson's disease patients with LRRK2 mutations. This newly described LRRK2 self-perpetuating inhibitory effect on CMA could underlie toxicity in Parkinson's disease by compromising the degradation of α-synuclein, another Parkinson's disease-related protein degraded by this pathway.\n","denotations":[{"id":"T1","span":{"begin":0,"end":53},"obj":"DRI_Unspecified"},{"id":"T2","span":{"begin":54,"end":162},"obj":"DRI_Approach"},{"id":"T3","span":{"begin":163,"end":346},"obj":"DRI_Background"},{"id":"T4","span":{"begin":347,"end":637},"obj":"DRI_Outcome"},{"id":"T5","span":{"begin":638,"end":933},"obj":"DRI_Challenge"},{"id":"T6","span":{"begin":934,"end":1168},"obj":"DRI_Challenge"}],"relations":[]}