{"text":"Contribution of GTPase activity to LRRK2-associated Parkinson disease.\nMutations in the leucine-rich repeat kinase 2 (LRRK2, PARK8, OMIM 607060) gene represent the most common known cause of hereditary Parkinson's disease (PD) with late-onset and dominant inheritance. LRRK2 protein is composed of multiple domains including two distinct enzymatic domains, a kinase and a Ras-of-complex (Roc) GTPase, connected by a C-terminal-of-Roc (COR) domain, and belongs to the ROCO protein family. Disease-causing mutations located in the kinase domain enhance kinase activity (i.e., G2019S) whereas mutations clustering within the Roc-COR tandem domain impair GTPase activity (i.e., R1441C/G and Y1699C). Familial LRRK2 mutations commonly induce neuronal toxicity that, at least for the frequent G2019S variant, is dependent on kinase activity. The contribution of GTPase activity to LRRK2-dependent neuronal toxicity is not yet clear. Therefore, both GTPase and kinase activity may be important for mediating neurodegeneration in PD due to familial LRRK2 mutations. At present, the physiological function of LRRK2 in the mammalian brain and the regulation of its enzymatic activity are incompletely understood. In this review, we focus on the GTPase domain of LRRK2 and discuss the recent advances in elucidating its function and its interplay with the kinase domain for the regulation of LRRK2 activity and toxicity. GTPase activity is an important feature of LRRK2 biology and pathophysiology and represents an underexplored yet potentially tractable therapeutic target for treating LRRK2-associated PD.\n","denotations":[{"id":"T1","span":{"begin":0,"end":70},"obj":"DRI_Unspecified"},{"id":"T2","span":{"begin":71,"end":268},"obj":"DRI_Outcome"},{"id":"T3","span":{"begin":269,"end":487},"obj":"DRI_Background"},{"id":"T4","span":{"begin":488,"end":695},"obj":"DRI_Background"},{"id":"T5","span":{"begin":696,"end":835},"obj":"DRI_Background"},{"id":"T6","span":{"begin":836,"end":926},"obj":"DRI_Outcome"},{"id":"T7","span":{"begin":927,"end":1057},"obj":"DRI_Challenge"},{"id":"T8","span":{"begin":1058,"end":1202},"obj":"DRI_Background"},{"id":"T9","span":{"begin":1203,"end":1409},"obj":"DRI_Approach"},{"id":"T10","span":{"begin":1410,"end":1597},"obj":"DRI_Challenge"}],"relations":[]}