{"text":"Mismatch repair genes Mlh1 and Mlh3 modify CAG instability in Huntington's disease mice: genome-wide and candidate approaches.\nThe Huntington's disease gene (HTT) CAG repeat mutation undergoes somatic expansion that correlates with pathogenesis. Modifiers of somatic expansion may therefore provide routes for therapies targeting the underlying mutation, an approach that is likely applicable to other trinucleotide repeat diseases. Huntington's disease Hdh(Q111) mice exhibit higher levels of somatic HTT CAG expansion on a C57BL/6 genetic background (B6.Hdh(Q111) ) than on a 129 background (129.Hdh(Q111) ). Linkage mapping in (B6x129).Hdh(Q111) F2 intercross animals identified a single quantitative trait locus underlying the strain-specific difference in expansion in the striatum, implicating mismatch repair (MMR) gene Mlh1 as the most likely candidate modifier. Crossing B6.Hdh(Q111) mice onto an Mlh1 null background demonstrated that Mlh1 is essential for somatic CAG expansions and that it is an enhancer of nuclear huntingtin accumulation in striatal neurons. Hdh(Q111) somatic expansion was also abolished in mice deficient in the Mlh3 gene, implicating MutLγ (MLH1-MLH3) complex as a key driver of somatic expansion. Strikingly, Mlh1 and Mlh3 genes encoding MMR effector proteins were as critical to somatic expansion as Msh2 and Msh3 genes encoding DNA mismatch recognition complex MutSβ (MSH2-MSH3). The Mlh1 locus is highly polymorphic between B6 and 129 strains. While we were unable to detect any difference in base-base mismatch or short slipped-repeat repair activity between B6 and 129 MLH1 variants, repair efficiency was MLH1 dose-dependent. MLH1 mRNA and protein levels were significantly decreased in 129 mice compared to B6 mice, consistent with a dose-sensitive MLH1-dependent DNA repair mechanism underlying the somatic expansion difference between these strains. Together, these data identify Mlh1 and Mlh3 as novel critical genetic modifiers of HTT CAG instability, point to Mlh1 genetic variation as the likely source of the instability difference in B6 and 129 strains and suggest that MLH1 protein levels play an important role in driving of the efficiency of somatic expansions.\n","denotations":[{"id":"T1","span":{"begin":0,"end":126},"obj":"DRI_Challenge"},{"id":"T2","span":{"begin":127,"end":245},"obj":"DRI_Outcome"},{"id":"T3","span":{"begin":246,"end":432},"obj":"DRI_Challenge"},{"id":"T4","span":{"begin":433,"end":610},"obj":"DRI_Background"},{"id":"T5","span":{"begin":611,"end":870},"obj":"DRI_Challenge"},{"id":"T6","span":{"begin":871,"end":1072},"obj":"DRI_Challenge"},{"id":"T7","span":{"begin":1073,"end":1231},"obj":"DRI_Background"},{"id":"T8","span":{"begin":1232,"end":1416},"obj":"DRI_Background"},{"id":"T9","span":{"begin":1417,"end":1481},"obj":"DRI_Background"},{"id":"T10","span":{"begin":1482,"end":1666},"obj":"DRI_Approach"},{"id":"T11","span":{"begin":1667,"end":1775},"obj":"DRI_Background"},{"id":"T12","span":{"begin":1776,"end":1805},"obj":"Token_Label.OUTSIDE"},{"id":"T13","span":{"begin":1806,"end":1893},"obj":"DRI_Background"},{"id":"T14","span":{"begin":1894,"end":2214},"obj":"DRI_Approach"}],"relations":[]}