{"text":"A broad phenotypic screen identifies novel phenotypes driven by a single mutant allele in Huntington's disease CAG knock-in mice.\nHuntington's disease (HD) is an autosomal dominant neurodegenerative disorder caused by the expansion of a CAG trinucleotide repeat in the HTT gene encoding huntingtin. The disease has an insidious course, typically progressing over 10-15 years until death. Currently there is no effective disease-modifying therapy. To better understand the HD pathogenic process we have developed genetic HTT CAG knock-in mouse models that accurately recapitulate the HD mutation in man. Here, we describe results of a broad, standardized phenotypic screen in 10-46 week old heterozygous HdhQ111 knock-in mice, probing a wide range of physiological systems. The results of this screen revealed a number of behavioral abnormalities in HdhQ111/+ mice that include hypoactivity, decreased anxiety, motor learning and coordination deficits, and impaired olfactory discrimination. The screen also provided evidence supporting subtle cardiovascular, lung, and plasma metabolite alterations. Importantly, our results reveal that a single mutant HTT allele in the mouse is sufficient to elicit multiple phenotypic abnormalities, consistent with a dominant disease process in patients. These data provide a starting point for further investigation of several organ systems in HD, for the dissection of underlying pathogenic mechanisms and for the identification of reliable phenotypic endpoints for therapeutic testing.\n","denotations":[{"id":"T1","span":{"begin":0,"end":129},"obj":"DRI_Background"},{"id":"T2","span":{"begin":130,"end":298},"obj":"DRI_Challenge"},{"id":"T3","span":{"begin":299,"end":387},"obj":"DRI_Background"},{"id":"T4","span":{"begin":388,"end":446},"obj":"DRI_Approach"},{"id":"T5","span":{"begin":447,"end":602},"obj":"DRI_Outcome"},{"id":"T6","span":{"begin":603,"end":702},"obj":"DRI_Outcome"},{"id":"T7","span":{"begin":703,"end":719},"obj":"Token_Label.OUTSIDE"},{"id":"T8","span":{"begin":720,"end":772},"obj":"DRI_Outcome"},{"id":"T9","span":{"begin":773,"end":990},"obj":"DRI_Challenge"},{"id":"T10","span":{"begin":991,"end":1099},"obj":"DRI_Outcome"},{"id":"T11","span":{"begin":1100,"end":1291},"obj":"DRI_Outcome"},{"id":"T12","span":{"begin":1292,"end":1525},"obj":"DRI_Approach"}],"relations":[]}