{"text":"Functional interaction of Parkinson's disease-associated LRRK2 with members of the dynamin GTPase superfamily.\nMutations in LRRK2 cause autosomal dominant Parkinson's disease (PD). LRRK2 encodes a multi-domain protein containing GTPase and kinase domains, and putative protein-protein interaction domains. Familial PD mutations alter the GTPase and kinase activity of LRRK2 in vitro. LRRK2 is suggested to regulate a number of cellular pathways although the underlying mechanisms are poorly understood. To explore such mechanisms, it has proved informative to identify LRRK2-interacting proteins, some of which serve as LRRK2 kinase substrates. Here, we identify common interactions of LRRK2 with members of the dynamin GTPase superfamily. LRRK2 interacts with dynamin 1-3 that mediate membrane scission in clathrin-mediated endocytosis and with dynamin-related proteins that mediate mitochondrial fission (Drp1) and fusion (mitofusins and OPA1). LRRK2 partially co-localizes with endosomal dynamin-1 or with mitofusins and OPA1 at mitochondrial membranes. The subcellular distribution and oligomeric complexes of dynamin GTPases are not altered by modulating LRRK2 in mouse brain, whereas mature OPA1 levels are reduced in G2019S PD brains. LRRK2 enhances mitofusin-1 GTP binding, whereas dynamin-1 and OPA1 serve as modest substrates of LRRK2-mediated phosphorylation in vitro. While dynamin GTPase orthologs are not required for LRRK2-induced toxicity in yeast, LRRK2 functionally interacts with dynamin-1 and mitofusin-1 in cultured neurons. LRRK2 attenuates neurite shortening induced by dynamin-1 by reducing its levels, whereas LRRK2 rescues impaired neurite outgrowth induced by mitofusin-1 potentially by reversing excessive mitochondrial fusion. Our study elucidates novel functional interactions of LRRK2 with dynamin-superfamily GTPases that implicate LRRK2 in the regulation of membrane dynamics important for endocytosis and mitochondrial morphology.\n","denotations":[{"id":"T1","span":{"begin":0,"end":37},"obj":"DRI_Outcome"},{"id":"T2","span":{"begin":38,"end":62},"obj":"Token_Label.OUTSIDE"},{"id":"T3","span":{"begin":63,"end":110},"obj":"DRI_Outcome"},{"id":"T4","span":{"begin":111,"end":180},"obj":"DRI_Background"},{"id":"T5","span":{"begin":181,"end":305},"obj":"DRI_Outcome"},{"id":"T6","span":{"begin":306,"end":383},"obj":"DRI_Outcome"},{"id":"T7","span":{"begin":384,"end":502},"obj":"DRI_Background"},{"id":"T8","span":{"begin":503,"end":644},"obj":"DRI_Background"},{"id":"T9","span":{"begin":645,"end":739},"obj":"DRI_Approach"},{"id":"T10","span":{"begin":740,"end":946},"obj":"DRI_Background"},{"id":"T11","span":{"begin":947,"end":1056},"obj":"DRI_Background"},{"id":"T12","span":{"begin":1057,"end":1241},"obj":"DRI_Background"},{"id":"T13","span":{"begin":1242,"end":1379},"obj":"DRI_Outcome"},{"id":"T14","span":{"begin":1380,"end":1545},"obj":"DRI_Outcome"},{"id":"T15","span":{"begin":1546,"end":1755},"obj":"DRI_Challenge"},{"id":"T16","span":{"begin":1756,"end":1964},"obj":"DRI_Outcome"}],"relations":[]}