{"text":"MAP1B rescues LRRK2 mutant-mediated cytotoxicity.\nLeucine-rich repeat kinase 2 (LRRK2) mutations are the most common cause of dominant and sporadic Parkinson's disease (PD), a common neurodegenerative disorder. Yeast-two-hybrid screening using human LRRK2 kinase domain as bait identified microtubule associated protein 1B (MAP1B) as a LRRK2 interactor. The interacting domains were LRRK2 kinase and the light chain portion of MAP1B (LC1). LRRK2 + LC1 interaction resulted in LRRK2 kinase inhibition. LRRK2 mutants (R1441C, G2019S and I2020T) exhibited decreased endogenous LC1 expression and its co-expression with LC1 rescued LRRK2 mutant-mediated toxicity. This study presented the first data on the effects of LRRK2 + LC1 interaction and also suggested that LCI possibly rescued LRRK2 mutant-induced cytotoxicity by inhibiting LRRK2 kinase activity. Compounds that upregulate LC1 expression may therefore hold therapeutic potential for LRRK2-linked diseases.\n","denotations":[{"id":"T1","span":{"begin":0,"end":13},"obj":"DRI_Unspecified"},{"id":"T2","span":{"begin":14,"end":35},"obj":"Token_Label.OUTSIDE"},{"id":"T3","span":{"begin":36,"end":49},"obj":"DRI_Unspecified"},{"id":"T4","span":{"begin":50,"end":210},"obj":"DRI_Approach"},{"id":"T5","span":{"begin":211,"end":335},"obj":"DRI_Background"},{"id":"T6","span":{"begin":336,"end":352},"obj":"Token_Label.OUTSIDE"},{"id":"T7","span":{"begin":352,"end":353},"obj":"DRI_Background"},{"id":"T8","span":{"begin":354,"end":439},"obj":"DRI_Background"},{"id":"T9","span":{"begin":440,"end":500},"obj":"DRI_Outcome"},{"id":"T10","span":{"begin":501,"end":627},"obj":"DRI_Background"},{"id":"T11","span":{"begin":628,"end":649},"obj":"Token_Label.OUTSIDE"},{"id":"T12","span":{"begin":650,"end":659},"obj":"DRI_Background"},{"id":"T13","span":{"begin":660,"end":782},"obj":"DRI_Outcome"},{"id":"T14","span":{"begin":783,"end":803},"obj":"Token_Label.OUTSIDE"},{"id":"T15","span":{"begin":804,"end":853},"obj":"DRI_Outcome"},{"id":"T16","span":{"begin":854,"end":962},"obj":"DRI_Outcome"}],"relations":[]}