{"text":"(G2019S) LRRK2 causes early-phase dysfunction of SNpc dopaminergic neurons and impairment of corticostriatal long-term depression in the PD transgenic mouse.\nTwelve- to sixteen-month-old (G2019S) LRRK2 transgenic mice prepared by us displayed progressive neuronal death of substantia nigra pars compacta (SNpc) dopaminergic cells. In the present study, we hypothesized that prior to a late-phase death of SNpc dopaminergic neurons, (G2019S) LRRK2 also causes an early-phase neuronal dysfunction of SNpc dopaminergic cells in the (G2019S) LRRK2 mouse. Eight to nine-month-old (G2019S) LRRK2 transgenic mice exhibited the symptom of hypoactivity in the absence of the degeneration of SNpc dopaminergic neurons or nigrostriatal dopaminergic terminals. Whole-cell current-clamp recordings of SNpc dopaminergic cells in brain slices demonstrated a significant decrease in spontaneous firing frequency of SNpc dopaminergic neurons of 8-month-old (G2019S) LRRK2 mice. Carbon fiber electrode amperometry recording using striatal slices showed that (G2019S) LRRK2 transgenic mice at the age of 8 to 9months display an impaired evoked dopamine release in the dorsolateral striatum. Normal nigrostriatal dopaminergic transmission is required for the induction of long-term synaptic plasticity expressed at corticostriatal glutamatergic synapses of striatal medium spiny neurons. Whole-cell voltage-clamp recordings showed that in contrast to medium spiny neurons of 8 to 9-month-old wild-type mice, high-frequency stimulation of corticostriatal afferents failed to induce long-term depression (LTD) of corticostriatal EPSCs in medium spiny neurons of (G2019S) LRRK2 mice at the same age. Our study provides the evidence that mutant (G2019S) LRRK2 causes early-phase dysfunctions of SNpc dopaminergic neurons, including a decrease in spontaneous firing rate and a reduction in evoked dopamine release, and impairment of corticostriatal LTD in the (G2019S) LRRK2 transgenic mouse.\n","denotations":[{"id":"T1","span":{"begin":0,"end":157},"obj":"DRI_Challenge"},{"id":"T2","span":{"begin":158,"end":330},"obj":"DRI_Background"},{"id":"T3","span":{"begin":331,"end":550},"obj":"DRI_Challenge"},{"id":"T4","span":{"begin":551,"end":748},"obj":"DRI_Outcome"},{"id":"T5","span":{"begin":760,"end":773},"obj":"Token_Label.OUTSIDE"},{"id":"T6","span":{"begin":774,"end":960},"obj":"DRI_Background"},{"id":"T7","span":{"begin":961,"end":1171},"obj":"DRI_Approach"},{"id":"T8","span":{"begin":1172,"end":1367},"obj":"DRI_Background"},{"id":"T9","span":{"begin":1379,"end":1392},"obj":"Token_Label.OUTSIDE"},{"id":"T10","span":{"begin":1393,"end":1590},"obj":"DRI_Background"},{"id":"T11","span":{"begin":1591,"end":1612},"obj":"Token_Label.OUTSIDE"},{"id":"T12","span":{"begin":1613,"end":1676},"obj":"DRI_Background"},{"id":"T13","span":{"begin":1677,"end":1967},"obj":"DRI_Outcome"}],"relations":[]}