{"text":"Mutant LRRK2 enhances glutamatergic synapse activity and evokes excitotoxic dendrite degeneration.\nMutations in leucine-rich repeat kinase 2 (LRRK2), which are associated with autosomal dominant Parkinson's disease, elicit progressive dendrite degeneration in neurons. We hypothesized that synaptic dysregulation contributes to mutant LRRK2-induced dendritic injury. We performed in vitro whole-cell voltage clamp studies of glutamatergic receptor agonist responses and glutamatergic synaptic activity in cultured rat cortical neurons expressing full-length wild-type and mutant forms of LRRK2. Expression of the pathogenic G2019S or R1441C LRRK2 mutants resulted in larger whole-cell current responses to direct application of AMPA and NMDA receptor agonists. In addition, mutant LRRK2-expressing neurons exhibited an increased frequency of spontaneous miniature excitatory postsynaptic currents (mEPSCs) in conjunction with increased excitatory synapse density as assessed by immunofluorescence for PSD95 and VGLUT1. Mutant LRRK2-expressing neurons showed enhanced vulnerability to acute synaptic glutamate stress. Furthermore, treatment with the NMDA receptor antagonist memantine significantly protected against subsequent losses in dendrite length and branching complexity. These data demonstrate an early association between mutant LRRK2 and increased excitatory synapse activity, implicating an excitotoxic contribution to mutant LRRK2 induced dendrite degeneration.\n","denotations":[{"id":"T1","span":{"begin":0,"end":98},"obj":"DRI_Background"},{"id":"T2","span":{"begin":99,"end":268},"obj":"DRI_Approach"},{"id":"T3","span":{"begin":269,"end":366},"obj":"DRI_Outcome"},{"id":"T4","span":{"begin":367,"end":594},"obj":"DRI_Outcome"},{"id":"T5","span":{"begin":595,"end":633},"obj":"DRI_Challenge"},{"id":"T6","span":{"begin":634,"end":646},"obj":"Token_Label.OUTSIDE"},{"id":"T7","span":{"begin":647,"end":760},"obj":"DRI_Challenge"},{"id":"T8","span":{"begin":761,"end":1018},"obj":"DRI_Background"},{"id":"T9","span":{"begin":1019,"end":1116},"obj":"DRI_Background"},{"id":"T10","span":{"begin":1117,"end":1278},"obj":"DRI_Outcome"},{"id":"T11","span":{"begin":1279,"end":1473},"obj":"DRI_Background"}],"relations":[]}