{"text":"Reliability of directional information in unsorted spikes and local field potentials recorded in human motor cortex.\nAction potentials and local field potentials (LFPs) recorded in primary motor cortex contain information about the direction of movement. LFPs are assumed to be more robust to signal instabilities than action potentials, which makes LFPs, along with action potentials, a promising signal source for brain-computer interface applications. Still, relatively little research has directly compared the utility of LFPs to action potentials in decoding movement direction in human motor cortex. We conducted intracortical multi-electrode recordings in motor cortex of two persons (T2 and (S3)) as they performed a motor imagery task. We then compared the offline decoding performance of LFPs and spiking extracted from the same data recorded across a one-year period in each participant. We obtained offline prediction accuracy of movement direction and endpoint velocity in multiple LFP bands, with the best performance in the highest (200-400 Hz) LFP frequency band, presumably also containing low-pass filtered action potentials. Cross-frequency correlations of preferred directions and directional modulation index showed high similarity of directional information between action potential firing rates (spiking) and high frequency LFPs (70-400 Hz), and increasing disparity with lower frequency bands (0-7, 10-40 and 50-65 Hz). Spikes predicted the direction of intended movement more accurately than any individual LFP band, however combined decoding of all LFPs was statistically indistinguishable from spike-based performance. As the quality of spiking signals (i.e. signal amplitude) and the number of significantly modulated spiking units decreased, the offline decoding performance decreased 3.6(5.65)%/month (for T2 and (S3) respectively). The decrease in the number of significantly modulated LFP signals and their decoding accuracy followed a similar trend (2.4(2.85)%/month, ANCOVA, p = 0.27(0.03)). Field potentials provided comparable offline decoding performance to unsorted spikes. Thus, LFPs may provide useful external device control using current human intracortical recording technology. ( NCT00912041.).\n","denotations":[{"id":"T1","span":{"begin":0,"end":116},"obj":"DRI_Outcome"},{"id":"T2","span":{"begin":117,"end":254},"obj":"DRI_Outcome"},{"id":"T3","span":{"begin":255,"end":454},"obj":"DRI_Challenge"},{"id":"T4","span":{"begin":455,"end":605},"obj":"DRI_Challenge"},{"id":"T5","span":{"begin":606,"end":618},"obj":"DRI_Approach"},{"id":"T6","span":{"begin":619,"end":648},"obj":"Token_Label.OUTSIDE"},{"id":"T7","span":{"begin":649,"end":744},"obj":"DRI_Approach"},{"id":"T8","span":{"begin":745,"end":898},"obj":"DRI_Approach"},{"id":"T9","span":{"begin":899,"end":1143},"obj":"DRI_Outcome"},{"id":"T10","span":{"begin":1144,"end":1443},"obj":"DRI_Outcome"},{"id":"T11","span":{"begin":1444,"end":1645},"obj":"DRI_Outcome"},{"id":"T12","span":{"begin":1646,"end":1685},"obj":"DRI_Outcome"},{"id":"T13","span":{"begin":1686,"end":1862},"obj":"DRI_Outcome"},{"id":"T14","span":{"begin":1863,"end":2025},"obj":"DRI_Outcome"},{"id":"T15","span":{"begin":2026,"end":2111},"obj":"DRI_Outcome"},{"id":"T16","span":{"begin":2112,"end":2221},"obj":"DRI_Outcome"},{"id":"T17","span":{"begin":2222,"end":2236},"obj":"DRI_Unspecified"},{"id":"T18","span":{"begin":2236,"end":2238},"obj":"DRI_Unspecified"}],"relations":[]}