{"text":"G2019S LRRK2 mutant fibroblasts from Parkinson's disease patients show increased sensitivity to neurotoxin 1-methyl-4-phenylpyridinium dependent of autophagy.\nParkinson's disease (PD) is a neurodegenerative disorder of unknown etiology. It is considered as a multifactorial disease dependent on environmental and genetic factors. Deregulation in cell degradation has been related with a significant increase in cell damage, becoming a target for studies on the PD etiology. In the present study, we have characterized the parkinsonian toxin 1-methyl-4-phenylpyridinium ion (MPP(+))-induced damage in fibroblasts from Parkinson's patients with the mutation G2019S in leucine-rich repeat kinase 2 protein (LRRK2) and control individuals without this mutation. The results reveal that MPP(+) induces mTOR-dependent autophagy in fibroblasts. Moreover, the effects of caspase-dependent cell death to MPP(+) were higher in cells with the G2019S LRRK2 mutation, which showed basal levels of autophagy due to the G2019S LRRK2 mutation (mTOR-independent). The inhibition of autophagy by 3-methyladenine (3-MA) treatment reduces these sensitivity differences between both cell types, however, the inhibition of autophagosome-lysosome fusion by bafilomycin A1 (Baf A1) increases these differences. This data confirm the importance of the combination of genetic and environmental factors in the PD etiology. Thereby, the sensitivity to the same damage may be different in function of a genetic predisposition, reason why individuals with certain mutations can develop some early-onset diseases, such as individuals with G2019S LRRK2 mutation and PD.\n","denotations":[{"id":"T1","span":{"begin":13,"end":158},"obj":"DRI_Background"},{"id":"T2","span":{"begin":159,"end":236},"obj":"DRI_Challenge"},{"id":"T3","span":{"begin":237,"end":329},"obj":"DRI_Approach"},{"id":"T4","span":{"begin":330,"end":473},"obj":"DRI_Background"},{"id":"T5","span":{"begin":474,"end":757},"obj":"DRI_Outcome"},{"id":"T6","span":{"begin":758,"end":837},"obj":"DRI_Outcome"},{"id":"T7","span":{"begin":838,"end":931},"obj":"DRI_Background"},{"id":"T8","span":{"begin":932,"end":944},"obj":"Token_Label.OUTSIDE"},{"id":"T9","span":{"begin":945,"end":1004},"obj":"DRI_Background"},{"id":"T10","span":{"begin":1005,"end":1017},"obj":"Token_Label.OUTSIDE"},{"id":"T11","span":{"begin":1018,"end":1046},"obj":"DRI_Background"},{"id":"T12","span":{"begin":1047,"end":1286},"obj":"DRI_Background"},{"id":"T13","span":{"begin":1287,"end":1395},"obj":"DRI_Challenge"},{"id":"T14","span":{"begin":1396,"end":1607},"obj":"DRI_Challenge"},{"id":"T15","span":{"begin":1608,"end":1620},"obj":"Token_Label.OUTSIDE"},{"id":"T16","span":{"begin":1621,"end":1637},"obj":"DRI_Challenge"}],"relations":[]}