{"text":"LRRK2 pathobiology in Parkinson's disease.\nMutations in the catalytic Roc-COR and kinase domains of leucine-rich repeat kinase 2 (LRRK2) are a common cause of familial Parkinson's disease (PD). LRRK2 mutations cause PD with age-related penetrance and clinical features identical to late-onset sporadic PD. Biochemical studies support an increase in LRRK2 kinase activity and a decrease in GTPase activity for kinase domain and Roc-COR mutations, respectively. Strong evidence exists that LRRK2 toxicity is kinase dependent leading to extensive efforts to identify selective and brain-permeable LRRK2 kinase inhibitors for clinical development. Cell and animal models of PD indicate that LRRK2 mutations affect vesicular trafficking, autophagy, protein synthesis, and cytoskeletal function. Although some of these biological functions are affected consistently by most disease-linked mutations, others are not and it remains currently unclear how mutations that produce variable effects on LRRK2 biochemistry and function all commonly result in the degeneration and death of dopamine neurons. LRRK2 is typically present in Lewy bodies and its toxicity in mammalian models appears to be dependent on the presence of α-synuclein, which is elevated in human iPS-derived dopamine neurons from patients harboring LRRK2 mutations. Here, we summarize biochemical and functional studies of LRRK2 and its mutations and focus on aberrant vesicular trafficking and protein synthesis as two leading mechanisms underlying LRRK2-linked disease.\n","denotations":[{"id":"T1","span":{"begin":0,"end":42},"obj":"DRI_Unspecified"},{"id":"T2","span":{"begin":43,"end":193},"obj":"DRI_Background"},{"id":"T3","span":{"begin":194,"end":305},"obj":"DRI_Background"},{"id":"T4","span":{"begin":306,"end":459},"obj":"DRI_Background"},{"id":"T5","span":{"begin":460,"end":577},"obj":"DRI_Challenge"},{"id":"T6","span":{"begin":578,"end":599},"obj":"Token_Label.OUTSIDE"},{"id":"T7","span":{"begin":600,"end":643},"obj":"DRI_Challenge"},{"id":"T8","span":{"begin":644,"end":789},"obj":"DRI_Background"},{"id":"T9","span":{"begin":790,"end":1091},"obj":"DRI_Background"},{"id":"T10","span":{"begin":1092,"end":1323},"obj":"DRI_Background"},{"id":"T11","span":{"begin":1324,"end":1529},"obj":"DRI_Challenge"}],"relations":[]}