{"text":"Multiparametric spectroscopic photoacoustic imaging of breast cancer development in a transgenic mouse model.\nTo evaluate the potential of multiparametric spectroscopic photoacoustic imaging using oxygen saturation, total hemoglobin, and lipid content to differentiate among four different breast histologies (normal, hyperplasia, ductal carcinoma in situ (DCIS), and invasive breast carcinoma) in a transgenic mouse model of breast cancer development. Animal studies were approved by the Institutional Administrative Panel on Laboratory Animal Care. Mammary glands (n=251) of a transgenic mouse model of breast cancer development (FVB/N-Tg(MMTV-PyMT)634Mul) were imaged using B-mode ultrasound and spectroscopic photoacoustic imaging, analyzed for oxygen saturation, total hemoglobin, and lipid content, and processed for histological analysis. Statistical analysis was performed using one-way ANOVA, two-sample t-tests, logistic regression, and ROC analysis. Eighty-two normal, 12 hyperplastic, 96 DCIS, and 61 invasive breast carcinoma mammary glands were analyzed. Based on spectroscopic photoacoustic imaging, the oxygen saturation of hyperplasia (50.6%), DCIS (43.0%), and invasive carcinoma (46.2%) significantly increased compared to normal glands (35.5%, P  less than 0.0001), while both total hemoglobin (P less than 0.01), and lipid content (P less than 0.0008) significantly decreased with advancing histology. In differentiating normal and hyperplasia from DCIS and invasive breast carcinoma, multiparametric imaging of oxygen saturation, lipid content, and raw photoacoustic signal at 750 nm provided an AUC value of 0.770. Multiparametric spectroscopic photoacoustic imaging is feasible and allows detection of differences in concentration of tissue chromophores among different histologies in a transgenic mouse model of breast cancer development.\n","denotations":[{"id":"T1","span":{"begin":0,"end":109},"obj":"DRI_Background"},{"id":"T2","span":{"begin":110,"end":452},"obj":"DRI_Background"},{"id":"T3","span":{"begin":453,"end":550},"obj":"DRI_Background"},{"id":"T4","span":{"begin":551,"end":845},"obj":"DRI_Background"},{"id":"T5","span":{"begin":846,"end":901},"obj":"DRI_Approach"},{"id":"T6","span":{"begin":902,"end":920},"obj":"Token_Label.OUTSIDE"},{"id":"T7","span":{"begin":920,"end":960},"obj":"DRI_Approach"},{"id":"T8","span":{"begin":961,"end":1068},"obj":"DRI_Background"},{"id":"T9","span":{"begin":1069,"end":1422},"obj":"DRI_Outcome"},{"id":"T10","span":{"begin":1423,"end":1637},"obj":"DRI_Background"},{"id":"T11","span":{"begin":1638,"end":1863},"obj":"DRI_Background"}],"relations":[]}