{"text":"Non-enzymatic, serum-free tissue culture of pre-invasive breast lesions for spontaneous generation of mammospheres.\nBreast ductal carcinoma in situ (DCIS), by definition, is proliferation of neoplastic epithelial cells within the confines of the breast duct, without breaching the collagenous basement membrane. While DCIS is a non-obligate precursor to invasive breast cancers, the molecular mechanisms and cell populations that permit progression to invasive cancer are not fully known. To determine if progenitor cells capable of invasion existed within the DCIS cell population, we developed a methodology for collecting and culturing sterile human breast tissue at the time of surgery, without enzymatic disruption of tissue. Sterile breast tissue containing ductal segments is harvested from surgically excised breast tissue following routine pathological examination. Tissue containing DCIS is placed in nutrient rich, antibiotic-containing, serum free medium, and transported to the tissue culture laboratory. The breast tissue is further dissected to isolate the calcified areas. Multiple breast tissue pieces (organoids) are placed in a minimal volume of serum free medium in a flask with a removable lid and cultured in a humidified CO₂ incubator. Epithelial and fibroblast cell populations emerge from the organoid after 10 - 14 days. Mammospheres spontaneously form on and around the epithelial cell monolayer. Specific cell populations can be harvested directly from the flask without disrupting neighboring cells. Our non-enzymatic tissue culture system reliably reveals cytogenetically abnormal, invasive progenitor cells from fresh human DCIS lesions.\n","denotations":[{"id":"T1","span":{"begin":0,"end":115},"obj":"DRI_Background"},{"id":"T2","span":{"begin":116,"end":311},"obj":"DRI_Background"},{"id":"T3","span":{"begin":312,"end":488},"obj":"DRI_Background"},{"id":"T4","span":{"begin":489,"end":730},"obj":"DRI_Challenge"},{"id":"T5","span":{"begin":731,"end":874},"obj":"DRI_Background"},{"id":"T6","span":{"begin":875,"end":1017},"obj":"DRI_Background"},{"id":"T7","span":{"begin":1018,"end":1088},"obj":"DRI_Approach"},{"id":"T8","span":{"begin":1089,"end":1258},"obj":"DRI_Background"},{"id":"T9","span":{"begin":1259,"end":1346},"obj":"DRI_Background"},{"id":"T10","span":{"begin":1347,"end":1423},"obj":"DRI_Background"},{"id":"T11","span":{"begin":1424,"end":1528},"obj":"DRI_Approach"},{"id":"T12","span":{"begin":1529,"end":1668},"obj":"DRI_Outcome"}],"relations":[]}