{"text":"Towards non-invasive diagnostic imaging of early-stage Alzheimer's disease.\nOne way to image the molecular pathology in Alzheimer's disease is by positron emission tomography using probes that target amyloid fibrils. However, these fibrils are not closely linked to the development of the disease. It is now thought that early-stage biomarkers that instigate memory loss are composed of Aβ oligomers. Here, we report a sensitive molecular magnetic resonance imaging contrast probe that is specific for Aβ oligomers. We attach oligomer-specific antibodies onto magnetic nanostructures and show that the complex is stable and binds to Aβ oligomers on cells and brain tissues to give a magnetic resonance imaging signal. When intranasally administered to an Alzheimer's disease mouse model, the probe readily reached hippocampal Aβ oligomers. In isolated samples of human brain tissue, we observed a magnetic resonance imaging signal that distinguished Alzheimer's disease from controls. Such nanostructures that target neurotoxic Aβ oligomers are potentially useful for evaluating the efficacy of new drugs and ultimately for early-stage Alzheimer's disease diagnosis and disease management.\n","denotations":[{"id":"T1","span":{"begin":0,"end":75},"obj":"DRI_Background"},{"id":"T2","span":{"begin":76,"end":216},"obj":"DRI_Background"},{"id":"T3","span":{"begin":217,"end":297},"obj":"DRI_Approach"},{"id":"T4","span":{"begin":298,"end":400},"obj":"DRI_Outcome"},{"id":"T5","span":{"begin":401,"end":515},"obj":"DRI_Unspecified"},{"id":"T6","span":{"begin":516,"end":717},"obj":"DRI_Outcome"},{"id":"T7","span":{"begin":718,"end":839},"obj":"DRI_Background"},{"id":"T8","span":{"begin":840,"end":984},"obj":"DRI_Challenge"},{"id":"T9","span":{"begin":985,"end":1189},"obj":"DRI_Challenge"}],"relations":[]}