{"text":"Microfluidic model of ductal carcinoma in situ with 3D, organotypic structure.\nDuctal carcinoma in situ (DCIS) is a non-invasive form of breast cancer that is thought to be a precursor to most invasive and metastatic breast cancers. Understanding the mechanisms regulating the invasive transition of DCIS is critical in order to better understand how some types of DCIS become invasive. While significant insights have been gained using traditional in vivo and in vitro models, existing models do not adequately recapitulate key structure and functions of human DCIS well. In addition, existing models are time-consuming and costly, limiting their use in routine screens. Here, we present a microscale DCIS model that recapitulates key structures and functions of human DCIS, while enhancing the throughput capability of the system to simultaneously screen numerous molecules and drugs. Our microscale DCIS model is prepared in two steps. First, viscous finger patterning is used to generate mammary epithelial cell-lined lumens through extracellular matrix hydrogels. Next, DCIS cells are added to fill the mammary ducts to create a DCIS-like structure. For coculture experiments, human mammary fibroblasts (HMF) are added to the two side channels connected to the center channel containing DCIS. To validate the invasive transition of the DCIS model, the invasion of cancer cells and the loss of cell-cell junctions are then examined. A student t-test is conducted for statistical analysis. We demonstrate that our DCIS model faithfully recapitulates key structures and functions of human mammary DCIS and can be employed to study the mechanisms involved in the invasive progression of DCIS. First, the formation of cell-cell junctions and cell polarity in the normal mammary duct, and the structure of the DCIS model are characterized. Second, coculture with HMF is shown to induce the invasion of DCIS. Third, multiple endpoint analyses are demonstrated to validate the invasion. We have developed and characterized a novel in vitro model of normal and DCIS-inflicted mammary ducts with 3D lumen structures. These models will enable researchers to investigate the role of microenvironmental factors on the invasion of DCIS in more in vivo-like conditions.\n","denotations":[{"id":"T1","span":{"begin":0,"end":78},"obj":"DRI_Background"},{"id":"T2","span":{"begin":79,"end":232},"obj":"DRI_Background"},{"id":"T3","span":{"begin":233,"end":386},"obj":"DRI_Challenge"},{"id":"T4","span":{"begin":387,"end":572},"obj":"DRI_Background"},{"id":"T5","span":{"begin":573,"end":671},"obj":"DRI_Background"},{"id":"T6","span":{"begin":672,"end":886},"obj":"DRI_Challenge"},{"id":"T7","span":{"begin":887,"end":938},"obj":"DRI_Approach"},{"id":"T8","span":{"begin":939,"end":1068},"obj":"DRI_Background"},{"id":"T9","span":{"begin":1069,"end":1154},"obj":"DRI_Approach"},{"id":"T10","span":{"begin":1155,"end":1297},"obj":"DRI_Approach"},{"id":"T11","span":{"begin":1298,"end":1436},"obj":"DRI_Outcome"},{"id":"T12","span":{"begin":1437,"end":1492},"obj":"DRI_Unspecified"},{"id":"T13","span":{"begin":1493,"end":1693},"obj":"DRI_Outcome"},{"id":"T14","span":{"begin":1694,"end":1838},"obj":"DRI_Background"},{"id":"T15","span":{"begin":1839,"end":1906},"obj":"DRI_Background"},{"id":"T16","span":{"begin":1907,"end":1983},"obj":"DRI_Outcome"},{"id":"T17","span":{"begin":1984,"end":2111},"obj":"DRI_Outcome"},{"id":"T18","span":{"begin":2112,"end":2259},"obj":"DRI_Background"}],"relations":[]}