{"text":"Adenoviral-mediated expression of G2019S LRRK2 induces striatal pathology in a kinase-dependent manner in a rat model of Parkinson's disease.\nMutations in the leucine-rich repeat kinase 2 (LRRK2) gene cause late-onset, autosomal dominant Parkinson's disease (PD). LRRK2 contains functional GTPase and kinase domains. The most common G2019S mutation enhances the kinase activity of LRRK2 in vitro whereas G2019S LRRK2 expression in cultured neurons induces toxicity in a kinase-dependent manner. These observations suggest a potential role for kinase activity in LRRK2-associated PD. We have recently developed a novel rodent model of PD with progressive neurodegeneration induced by the adenoviral-mediated expression of G2019S LRRK2. In the present study, we further characterize this LRRK2 model and determine the contribution of kinase activity to LRRK2-mediated neurodegeneration. Recombinant human adenoviral vectors were employed to deliver human wild-type, G2019S or kinase-inactive G2019S/D1994N LRRK2 to the rat striatum. LRRK2-dependent pathology was assessed in the striatum, a region where LRRK2 protein is normally enriched in the mammalian brain. Human LRRK2 variants are robustly expressed throughout the rat striatum. Expression of G2019S LRRK2 selectively induces the accumulation of neuronal ubiquitin-positive inclusions accompanied by neurite degeneration and the altered distribution of axonal phosphorylated neurofilaments. Importantly, the introduction of a kinase-inactive mutation (G2019S/D1994N) completely ameliorates the pathological effects of G2019S LRRK2 in the striatum supporting a kinase activity-dependent mechanism for this PD-associated mutation. Collectively, our study further elucidates the pathological effects of the G2019S mutation in the mammalian brain and supports the development of kinase inhibitors as a potential therapeutic approach for treating LRRK2-associated PD. This adenoviral rodent model provides an important tool for elucidating the molecular basis of LRRK2-mediated neurodegeneration.\n","denotations":[{"id":"T1","span":{"begin":0,"end":33},"obj":"DRI_Challenge"},{"id":"T2","span":{"begin":34,"end":46},"obj":"Token_Label.OUTSIDE"},{"id":"T3","span":{"begin":47,"end":141},"obj":"DRI_Challenge"},{"id":"T4","span":{"begin":142,"end":263},"obj":"DRI_Approach"},{"id":"T5","span":{"begin":264,"end":316},"obj":"DRI_Unspecified"},{"id":"T6","span":{"begin":317,"end":403},"obj":"DRI_Background"},{"id":"T7","span":{"begin":404,"end":416},"obj":"Token_Label.OUTSIDE"},{"id":"T8","span":{"begin":417,"end":494},"obj":"DRI_Background"},{"id":"T9","span":{"begin":495,"end":582},"obj":"DRI_Background"},{"id":"T10","span":{"begin":583,"end":720},"obj":"DRI_Approach"},{"id":"T11","span":{"begin":721,"end":733},"obj":"Token_Label.OUTSIDE"},{"id":"T12","span":{"begin":733,"end":734},"obj":"DRI_Approach"},{"id":"T13","span":{"begin":735,"end":884},"obj":"DRI_Outcome"},{"id":"T14","span":{"begin":885,"end":973},"obj":"DRI_Background"},{"id":"T15","span":{"begin":974,"end":1009},"obj":"Token_Label.OUTSIDE"},{"id":"T16","span":{"begin":1010,"end":1030},"obj":"DRI_Background"},{"id":"T17","span":{"begin":1031,"end":1160},"obj":"DRI_Outcome"},{"id":"T18","span":{"begin":1161,"end":1233},"obj":"DRI_Background"},{"id":"T19","span":{"begin":1234,"end":1247},"obj":"DRI_Challenge"},{"id":"T20","span":{"begin":1248,"end":1260},"obj":"Token_Label.OUTSIDE"},{"id":"T21","span":{"begin":1261,"end":1445},"obj":"DRI_Challenge"},{"id":"T22","span":{"begin":1446,"end":1572},"obj":"DRI_Challenge"},{"id":"T23","span":{"begin":1573,"end":1585},"obj":"Token_Label.OUTSIDE"},{"id":"T24","span":{"begin":1586,"end":1683},"obj":"DRI_Challenge"},{"id":"T25","span":{"begin":1684,"end":1917},"obj":"DRI_Outcome"},{"id":"T26","span":{"begin":1918,"end":2046},"obj":"DRI_Outcome"}],"relations":[]}