{"text":"No dopamine cell loss or changes in cytoskeleton function in transgenic mice expressing physiological levels of wild type or G2019S mutant LRRK2 and in human fibroblasts.\nMutations within the LRRK2 gene have been identified in Parkinson's disease (PD) patients and have been implicated in the dysfunction of several cellular pathways. Here, we explore how pathogenic mutations and the inhibition of LRRK2 kinase activity affect cytoskeleton dynamics in mouse and human cell systems. We generated and characterized a novel transgenic mouse model expressing physiological levels of human wild type and G2019S-mutant LRRK2. No neuronal loss or neurodegeneration was detected in midbrain dopamine neurons at the age of 12 months. Postnatal hippocampal neurons derived from transgenic mice showed no alterations in the seven parameters examined concerning neurite outgrowth sampled automatically on several hundred neurons using high content imaging. Treatment with the kinase inhibitor LRRK2-IN-1 resulted in no significant changes in the neurite outgrowth. In human fibroblasts we analyzed whether pathogenic LRRK2 mutations change cytoskeleton functions such as cell adhesion. To this end we compared the adhesion characteristics of human skin fibroblasts derived from six PD patients carrying one of three different pathogenic LRRK2 mutations and from four age-matched control individuals. The mutant LRRK2 variants as well as the inhibition of LRRK2 kinase activity did not reveal any significant cell adhesion differences in cultured fibroblasts. In summary, our results in both human and mouse cell systems suggest that neither the expression of wild type or mutant LRRK2, nor the inhibition of LRRK2 kinase activity affect neurite complexity and cellular adhesion.\n","denotations":[{"id":"T1","span":{"begin":0,"end":170},"obj":"DRI_Background"},{"id":"T2","span":{"begin":171,"end":334},"obj":"DRI_Background"},{"id":"T3","span":{"begin":335,"end":482},"obj":"DRI_Challenge"},{"id":"T4","span":{"begin":483,"end":599},"obj":"DRI_Outcome"},{"id":"T5","span":{"begin":600,"end":619},"obj":"Token_Label.OUTSIDE"},{"id":"T6","span":{"begin":619,"end":620},"obj":"DRI_Outcome"},{"id":"T7","span":{"begin":621,"end":725},"obj":"DRI_Background"},{"id":"T8","span":{"begin":726,"end":945},"obj":"DRI_Background"},{"id":"T9","span":{"begin":946,"end":1053},"obj":"DRI_Background"},{"id":"T10","span":{"begin":1054,"end":1174},"obj":"DRI_Outcome"},{"id":"T11","span":{"begin":1175,"end":1388},"obj":"DRI_Challenge"},{"id":"T12","span":{"begin":1389,"end":1547},"obj":"DRI_Outcome"},{"id":"T13","span":{"begin":1548,"end":1767},"obj":"DRI_Outcome"}],"relations":[]}