{"text":"G2019S LRRK2 and aging confer susceptibility to proteasome inhibitor-induced neurotoxicity in nigrostriatal dopaminergic system.\nThe leucine-rich repeat kinase 2 (LRRK2) mutation G2019S is one of the most common genetic causes in Parkinson's disease (PD). The penetrance of G2019S LRRK2 is incomplete and is age-dependent, therefore, it has been speculated that environmental toxins and aging could contribute to G2019S LRRK2-related PD pathogenesis. To prove this speculation, we performed a longitudinal investigation in mice bearing G2019S LRRK2 mutation. BAC G2019S LRRK2 transgenic (Tg) mice and their wildtype (Wt) littermates were treated with lactacystin, a specific proteasome inhibitor. The susceptibilities of mice to lactacystin-induced nigrostriatal dopaminergic (DAergic) degeneration were evaluated, at 5 and 12 months of age. We found that lactacystin treatment caused a greater decline of striatal DA content in the Tg mice at either 5 or 12 months of age than their age-matched Wt littermates. Moreover, the lactacystin-treated Tg or Wt mice at 12 months of age lose much more nigral tyrosine hydroxylase (TH)-positive neurons than the mice at 5 months of age, indicating an age-associated DAergic neurotoxicity. Additionally, stereotactic injection of lactacystin induced a dramatic increase of activated microglia in substantia nigra of mice at 12 months of age, compared with mice at 5 months of age. In summary, our study suggests that expression of the G2019S mutation in the mouse LRRK2 gene confers an age-associated high susceptibility to proteasome inhibition-induced nigrostriatal DAergic degeneration.\n","denotations":[{"id":"T1","span":{"begin":13,"end":128},"obj":"DRI_Background"},{"id":"T2","span":{"begin":129,"end":255},"obj":"DRI_Approach"},{"id":"T3","span":{"begin":256,"end":273},"obj":"DRI_Challenge"},{"id":"T4","span":{"begin":274,"end":286},"obj":"Token_Label.OUTSIDE"},{"id":"T5","span":{"begin":287,"end":412},"obj":"DRI_Challenge"},{"id":"T6","span":{"begin":413,"end":433},"obj":"Token_Label.OUTSIDE"},{"id":"T7","span":{"begin":434,"end":450},"obj":"DRI_Challenge"},{"id":"T8","span":{"begin":451,"end":535},"obj":"DRI_Approach"},{"id":"T9","span":{"begin":536,"end":548},"obj":"Token_Label.OUTSIDE"},{"id":"T10","span":{"begin":549,"end":558},"obj":"DRI_Approach"},{"id":"T11","span":{"begin":563,"end":575},"obj":"Token_Label.OUTSIDE"},{"id":"T12","span":{"begin":576,"end":696},"obj":"DRI_Background"},{"id":"T13","span":{"begin":697,"end":728},"obj":"DRI_Background"},{"id":"T14","span":{"begin":729,"end":762},"obj":"Token_Label.OUTSIDE"},{"id":"T15","span":{"begin":763,"end":841},"obj":"DRI_Background"},{"id":"T16","span":{"begin":842,"end":1011},"obj":"DRI_Outcome"},{"id":"T17","span":{"begin":1012,"end":1192},"obj":"DRI_Background"},{"id":"T18","span":{"begin":1193,"end":1215},"obj":"Token_Label.OUTSIDE"},{"id":"T19","span":{"begin":1216,"end":1230},"obj":"DRI_Background"},{"id":"T20","span":{"begin":1231,"end":1421},"obj":"DRI_Background"},{"id":"T21","span":{"begin":1422,"end":1575},"obj":"DRI_Outcome"},{"id":"T22","span":{"begin":1576,"end":1616},"obj":"Token_Label.OUTSIDE"},{"id":"T23","span":{"begin":1617,"end":1630},"obj":"DRI_Outcome"}],"relations":[]}