{"text":"Myoepithelial cell differentiation markers in ductal carcinoma in situ progression.\nWe describe a preclinical model that investigates progression of early-stage ductal carcinoma in situ (DCIS) and report that compromised myoepithelial cell differentiation occurs before transition to invasive disease. Human breast cancer MCF10DCIS.com cells were delivered into the mouse mammary teat by intraductal injection in the absence of surgical manipulations and accompanying wound-healing confounders. DCIS-like lesions developed throughout the mammary ducts with full representation of human DCIS histologic patterns. Tumor cells were incorporated into the normal mammary epithelium, developed ductal intraepithelial neoplasia and DCIS, and progressed to invasive carcinoma, suggesting the model provides a rigorous approach to study early stages of breast cancer progression. Mammary glands were evaluated for myoepithelium integrity with immunohistochemical assays. Progressive loss of the myoepithelial cell differentiation markers p63, calponin, and α-smooth muscle actin was observed in the mouse myoepithelium surrounding DCIS-involved ducts. p63 loss was an early indicator, calponin loss intermediate, and α-smooth muscle actin a later indicator of compromised myoepithelium. Loss of myoepithelial calponin was specifically associated with gain of the basal marker p63 in adjacent tumor cells. In single time point biopsies obtained from 16 women diagnosed with pure DCIS, a similar loss in myoepithelial cell markers was observed. These results suggest that further research is warranted into the role of myoepithelial cell p63 and calponin expression on DCIS progression to invasive disease.\n","denotations":[{"id":"T1","span":{"begin":0,"end":83},"obj":"DRI_Background"},{"id":"T2","span":{"begin":84,"end":301},"obj":"DRI_Challenge"},{"id":"T3","span":{"begin":302,"end":467},"obj":"DRI_Background"},{"id":"T4","span":{"begin":468,"end":493},"obj":"Token_Label.OUTSIDE"},{"id":"T5","span":{"begin":493,"end":494},"obj":"DRI_Background"},{"id":"T6","span":{"begin":495,"end":611},"obj":"DRI_Outcome"},{"id":"T7","span":{"begin":612,"end":870},"obj":"DRI_Background"},{"id":"T8","span":{"begin":871,"end":961},"obj":"DRI_Background"},{"id":"T9","span":{"begin":962,"end":1142},"obj":"DRI_Background"},{"id":"T10","span":{"begin":1143,"end":1277},"obj":"DRI_Background"},{"id":"T11","span":{"begin":1286,"end":1308},"obj":"Token_Label.OUTSIDE"},{"id":"T12","span":{"begin":1309,"end":1395},"obj":"DRI_Background"},{"id":"T13","span":{"begin":1396,"end":1533},"obj":"DRI_Approach"},{"id":"T14","span":{"begin":1534,"end":1695},"obj":"DRI_Background"}],"relations":[]}