{"text":"(R1441C) LRRK2 induces the degeneration of SN dopaminergic neurons and alters the expression of genes regulating neuronal survival in a transgenic mouse model.\nMutation of leucine-rich repeat kinase 2 (LRRK2) is the most common genetic cause of both familial and sporadic Parkinson's disease (PD) cases. Several mutations in LRRK2 gene were reported in PD patients. R1441 is the second most frequent site of LRRK2 mutation. We generated (R1441C) LRRK2 transgenic mice that displayed motor deficits at the age of 16 months. Compared with wild-type mice, 16-month-old (R1441C) LRRK2 mice exhibited a significant reduction in the number of substantia nigra (SN) dopaminergic neurons. To elucidate molecular pathogenic pathways involved in (R1441C) LRRK2-induced death of SN dopaminergic neurons, we performed microarray analysis to visualize altered mRNA expressions in the SN of (R1441C) LRRK2 mouse. In the SN of (R1441C) LRRK2 transgenic mouse, the mRNA expression of three genes that promote cell death was upregulated, while the mRNA expression of seven genes that contribute to neurogenesis/neuroprotection was significantly downregulated. Our results suggest that altered expression of these genes involved in regulating neuronal survival may contribute to the pathogenesis of (R1441C) LRRK2-induced PD.\n","denotations":[{"id":"T1","span":{"begin":0,"end":159},"obj":"DRI_Outcome"},{"id":"T2","span":{"begin":160,"end":303},"obj":"DRI_Challenge"},{"id":"T3","span":{"begin":304,"end":365},"obj":"DRI_Background"},{"id":"T4","span":{"begin":366,"end":423},"obj":"DRI_Approach"},{"id":"T5","span":{"begin":424,"end":522},"obj":"DRI_Outcome"},{"id":"T6","span":{"begin":523,"end":680},"obj":"DRI_Background"},{"id":"T7","span":{"begin":681,"end":898},"obj":"DRI_Background"},{"id":"T8","span":{"begin":899,"end":1142},"obj":"DRI_Outcome"},{"id":"T9","span":{"begin":1143,"end":1307},"obj":"DRI_Outcome"}],"relations":[]}