{"text":"A less invasive method for orthotopic injection of breast cancer cells into the mouse mammary gland.\nBreast cancer is the most common type of cancer diagnosed in women, and the second most common cause of cancer-related deaths in women in North America. The use of laboratory mice in research is an essential tool for the study of breast cancer biology and for pre-clinical therapeutic development. While subcutaneous flank injections of cancer cells are widely used for studying breast cancer biology and for exploring novel therapies, orthotopic xenografting of tumors into the mouse mammary gland allow for the study of breast cancers in a biologically relevant microenvironment. In this study we report a modification of the method of orthotopic injections of cancer cells into the mouse mammary gland which greatly reduces the effects of surgery in mice including decreased wound size, procedure time and anesthesia. It also removes the risk of accidentally puncturing the peritoneal cavity. Consequently post-operative animal handling and stress are significantly reduced. All of these advantages are present without compromising procedure success rate. Therefore, this modification makes orthotopic mammary gland injection a more efficient procedure and greatly improves animal welfare.\n","denotations":[{"id":"T1","span":{"begin":0,"end":100},"obj":"DRI_Background"},{"id":"T2","span":{"begin":101,"end":253},"obj":"DRI_Background"},{"id":"T3","span":{"begin":254,"end":398},"obj":"DRI_Background"},{"id":"T4","span":{"begin":399,"end":536},"obj":"DRI_Background"},{"id":"T5","span":{"begin":537,"end":560},"obj":"Token_Label.OUTSIDE"},{"id":"T6","span":{"begin":561,"end":682},"obj":"DRI_Background"},{"id":"T7","span":{"begin":683,"end":921},"obj":"DRI_Approach"},{"id":"T8","span":{"begin":922,"end":996},"obj":"DRI_Background"},{"id":"T9","span":{"begin":997,"end":1078},"obj":"DRI_Background"},{"id":"T10","span":{"begin":1079,"end":1159},"obj":"DRI_Outcome"},{"id":"T11","span":{"begin":1160,"end":1293},"obj":"DRI_Outcome"}],"relations":[]}