{"text": "Cerebellar Purkinje cell simple spike discharge encodes movement velocity in primates during visuomotor arm tracking.\nPathophysiological, lesion, and electrophysiological studies suggest that the cerebellar cortex is important for controlling the direction and speed of movement. The relationship of cerebellar Purkinje cell discharge to the control of arm movement parameters, however, remains unclear. The goal of this study was to examine how movement direction and speed and their interaction-velocity-modulate Purkinje cell simple spike discharge in an arm movement task in which direction and speed were independently controlled. The simple spike discharge of 154 Purkinje cells was recorded in two monkeys during the performance of two visuomotor tasks that required the animals to track targets that moved in one of eight directions and at one of four speeds. Single-parameter regression analyses revealed that a large proportion of cells had discharge modulation related to movement direction and speed. Most cells with significant directional tuning, however, were modulated at one speed, and most cells with speed-related discharge were modulated along one direction; this suggested that the patterns of simple spike discharge were not adequately described by single-parameter models. Therefore, a regression surface was fitted to the data, which showed that the discharge could be tuned to specific direction-speed combinations (preferred velocities). The overall variability in simple spike discharge was well described by the surface model, and the velocities corresponding to maximal and minimal discharge rates were distributed uniformly throughout the workspace. Simple spike discharge therefore appears to integrate information about both the direction and speed of arm movements, thereby encoding movement velocity.\n", "denotations": [{"span": {"begin": 0, "end": 117}, "obj": "BACKGROUND", "id": "T1"}, {"span": {"begin": 118, "end": 279}, "obj": "BACKGROUND", "id": "T2"}, {"span": {"begin": 280, "end": 403}, "obj": "BACKGROUND", "id": "T3"}, {"span": {"begin": 404, "end": 635}, "obj": "BACKGROUND", "id": "T4"}, {"span": {"begin": 636, "end": 867}, "obj": "METHODS", "id": "T5"}, {"span": {"begin": 868, "end": 1012}, "obj": "RESULTS", "id": "T6"}, {"span": {"begin": 1013, "end": 1295}, "obj": "RESULTS", "id": "T7"}, {"span": {"begin": 1296, "end": 1463}, "obj": "RESULTS", "id": "T8"}, {"span": {"begin": 1464, "end": 1679}, "obj": "RESULTS", "id": "T9"}, {"span": {"begin": 1680, "end": 1834}, "obj": "CONCLUSIONS", "id": "T10"}]}