{"text": "Different mismatch repair deficiencies all have the same effects on somatic hypermutation: intact primary mechanism accompanied by secondary modifications.\nSomatic hypermutation of Ig genes is probably dependent on transcription of the target gene via a mutator factor associated with the RNA polymerase (Storb, U., E.L. Klotz, J. Hackett, Jr., K. Kage, G. Bozek, and T.E. Martin. 1998. J. Exp. Med. 188:689-698). It is also probable that some form of DNA repair is involved in the mutation process. It was shown that the nucleotide excision repair proteins were not required, nor were mismatch repair (MMR) proteins. However, certain changes in mutation patterns and frequency of point mutations were observed in Msh2 (MutS homologue) and Pms2 (MutL homologue) MMR-deficient mice (for review see Kim, N., and U. Storb. 1998. J. Exp. Med. 187:1729-1733). These data were obtained from endogenous immunoglobulin (Ig) genes and were presumably influenced by selection of B cells whose Ig genes had undergone certain mutations. In this study, we have analyzed somatic hypermutation in two MutL types of MMR deficiencies, Pms2 and Mlh1. The mutation target was a nonselectable Ig-kappa gene with an artificial insert in the V region. We found that both Pms2- and Mlh1-deficient mice can somatically hypermutate the Ig test gene at approximately twofold reduced frequencies. Furthermore, highly mutated sequences are almost absent. Together with the finding of genome instability in the germinal center B cells, these observations support the conclusion, previously reached for Msh2 mice, that MMR-deficient B cells undergoing somatic hypermutation have a short life span. Pms2- and Mlh-1-deficient mice also resemble Msh2-deficient mice with respect to preferential targeting of G and C nucleotides. Thus, it appears that the different MMR proteins do not have unique functions with respect to somatic hypermutation. Several intrinsic characteristics of somatic hypermutation remain unaltered in the MMR-deficient mice: a preference for targeting A over T, a strand bias, mutational hot spots, and hypermutability of the artificial insert are all seen in the unselectable Ig gene. This implies that the MMR proteins are not required for and most likely are not involved in the primary step of introducing the mutations. Instead, they are recruited to repair certain somatic point mutations, presumably soon after these are created.\n", "denotations": [{"span": {"begin": 0, "end": 155}, "obj": "BACKGROUND", "id": "T1"}, {"span": {"begin": 156, "end": 315}, "obj": "BACKGROUND", "id": "T2"}, {"span": {"begin": 316, "end": 380}, "obj": "BACKGROUND", "id": "T3"}, {"span": {"begin": 381, "end": 386}, "obj": "BACKGROUND", "id": "T4"}, {"span": {"begin": 387, "end": 394}, "obj": "BACKGROUND", "id": "T5"}, {"span": {"begin": 395, "end": 399}, "obj": "BACKGROUND", "id": "T6"}, {"span": {"begin": 400, "end": 413}, "obj": "BACKGROUND", "id": "T7"}, {"span": {"begin": 414, "end": 499}, "obj": "BACKGROUND", "id": "T8"}, {"span": {"begin": 500, "end": 617}, "obj": "BACKGROUND", "id": "T9"}, {"span": {"begin": 618, "end": 819}, "obj": "BACKGROUND", "id": "T10"}, {"span": {"begin": 820, "end": 825}, "obj": "BACKGROUND", "id": "T11"}, {"span": {"begin": 826, "end": 833}, "obj": "METHODS", "id": "T12"}, {"span": {"begin": 834, "end": 838}, "obj": "METHODS", "id": "T13"}, {"span": {"begin": 839, "end": 854}, "obj": "METHODS", "id": "T14"}, {"span": {"begin": 855, "end": 1024}, "obj": "METHODS", "id": "T15"}, {"span": {"begin": 1025, "end": 1132}, "obj": "METHODS", "id": "T16"}, {"span": {"begin": 1133, "end": 1229}, "obj": "METHODS", "id": "T17"}, {"span": {"begin": 1230, "end": 1369}, "obj": "RESULTS", "id": "T18"}, {"span": {"begin": 1370, "end": 1426}, "obj": "RESULTS", "id": "T19"}, {"span": {"begin": 1427, "end": 1667}, "obj": "RESULTS", "id": "T20"}, {"span": {"begin": 1668, "end": 1673}, "obj": "RESULTS", "id": "T21"}, {"span": {"begin": 1674, "end": 1795}, "obj": "RESULTS", "id": "T22"}, {"span": {"begin": 1796, "end": 1912}, "obj": "RESULTS", "id": "T23"}, {"span": {"begin": 1913, "end": 2176}, "obj": "RESULTS", "id": "T24"}, {"span": {"begin": 2177, "end": 2315}, "obj": "RESULTS", "id": "T25"}, {"span": {"begin": 2316, "end": 2427}, "obj": "CONCLUSIONS", "id": "T26"}]}