{"text": "Fast oscillations display sharper orientation tuning than slower components of the same recordings in striate cortex of the awake monkey.\nWe wanted to know whether fast oscillations ( approximately 30-80 Hz) in striate cortex of awake monkeys show sharper orientation selectivity than (i) slower components, including spike rate modulations, and (ii) broad-band signals of the same recordings. As fast oscillations are probably of cortical origin this may further clarify whether cortical network mechanisms are substantially involved in generating orientation selectivity. We recorded multi unit activity (MUA) and local field potentials (LFP, 1-140 Hz) by the same microelectrodes from upper layers of macaque striate cortex during visual stimulation with grating textures of different orientations. An orientation index (OI) was derived from the cortical responses in three frequency ranges (low, 0-11.7 Hz; medium, 11.7-31.3 Hz; and fast oscillations, 31.3-62.5 Hz) and for the broad-band LFP and MUA power. (i) Both LFP and MUA fast oscillations reveal a higher orientation index than signal components in the low and medium frequency ranges. (ii) For MUA the orientation index was significantly higher with fast oscillations than for the lower frequency ranges and the initial broad-band transient responses. (iii) LFPs show a significantly higher orientation index only for the fast oscillations during sustained activation compared with their broad-band power during the transient responses. Thus, our main result is the sharper orientation tuning of fast oscillations in spike activities of local populations compared with slower components of the same broad-band recordings. As fast oscillations occur synchronized in the awake monkey's striate cortex we assume that they have enhanced probability of activating successive stages of visual processing and hence contribute to the perception of orientation.\n", "denotations": [{"span": {"begin": 0, "end": 137}, "obj": "OBJECTIVE", "id": "T1"}, {"span": {"begin": 138, "end": 393}, "obj": "OBJECTIVE", "id": "T2"}, {"span": {"begin": 394, "end": 573}, "obj": "OBJECTIVE", "id": "T3"}, {"span": {"begin": 574, "end": 801}, "obj": "METHODS", "id": "T4"}, {"span": {"begin": 802, "end": 1011}, "obj": "METHODS", "id": "T5"}, {"span": {"begin": 1012, "end": 1015}, "obj": "METHODS", "id": "T6"}, {"span": {"begin": 1016, "end": 1147}, "obj": "RESULTS", "id": "T7"}, {"span": {"begin": 1148, "end": 1152}, "obj": "RESULTS", "id": "T8"}, {"span": {"begin": 1153, "end": 1314}, "obj": "RESULTS", "id": "T9"}, {"span": {"begin": 1315, "end": 1499}, "obj": "RESULTS", "id": "T10"}, {"span": {"begin": 1500, "end": 1684}, "obj": "RESULTS", "id": "T11"}, {"span": {"begin": 1685, "end": 1915}, "obj": "CONCLUSIONS", "id": "T12"}]}