{"text": "17 beta-Hydroxysteroid dehydrogenase type 1 and type 2 in ductal carcinoma in situ and intraductal proliferative lesions of the human breast.\n17 beta-hydroxysteroid dehydrogenases (17 beta-HSDs) are involved in the interconversion of biologically active and inactive sex steroids and are considered to play important roles in the in situ metabolism of estrogen in various estrogen dependent tissues. 17 beta-HSD type 1 catalyzes primarily the reduction of estrone (E1) to estradiol (E2), whereas 17 beta-HSD type 2 catalyzes primarily the oxidation of E2 to E1. However, the possible biological roles of these estrogen metabolizing isozymes in human breast cancer, especially in carcinogenesis of the human breast, have not been examined in detail. Because of the potential roles of estrogens in the early stages of human breast carcinogenesis, we have examined the immunolocalization of 17 beta-HSD type 1 and type 2 isozymes and estrogen receptor alpha(ER alpha) in both normal human breast tissue and in breast cancers, including ductal carcinoma in situ (DCIS), proliferative disease without atypia (PDWA) or fibrocystic disease and atypical ductal hyperplasia (ADH). We also correlated these findings with clinicopathological findings, Ki67 antigen, progesterone receptor (PR), c-erbB-2, and p53. 17 beta-HSD type 2 immunoreactivity was sporadically detected in non-proliferative or Ki67 negative ductal epithelia of normal breast, but rarely in breast carcinoma cells. 17 beta-HSD type 1 immunoreactivity was detected in 12/22 (54.5%) PDWA cases, 8/26 (30.8%) ADH cases, and 25/40 (62.5%) DCIS cases, respectively. 17 beta-HSD type 1 immunoreactivity was not statistically correlated with the age of the patients, Ki67 labeling index (LI), and PR LI, p-53 and c-erbB-2 immunoreactivity. There was no significant correlation between ER alpha LI and 17 beta-HSD type 1 immunoreactivity. There was a positive correlation between ER alpha and Ki67 LI in PDWA, whereas a negative correlation was detected between ER alpha and Ki67 LI in DCIS. There was no correlation between ER alpha and Ki67 LI in ADH. These results suggest that in human breast epithelial cells, development of ADH and DCIS may be associated with the loss and/or deviation of oestrogen dependent regulation of cell proliferation.\n", "denotations": [{"span": {"begin": 0, "end": 141}, "obj": "BACKGROUND", "id": "T1"}, {"span": {"begin": 142, "end": 399}, "obj": "BACKGROUND", "id": "T2"}, {"span": {"begin": 400, "end": 561}, "obj": "BACKGROUND", "id": "T3"}, {"span": {"begin": 562, "end": 748}, "obj": "BACKGROUND", "id": "T4"}, {"span": {"begin": 749, "end": 1171}, "obj": "BACKGROUND", "id": "T5"}, {"span": {"begin": 1172, "end": 1301}, "obj": "BACKGROUND", "id": "T6"}, {"span": {"begin": 1302, "end": 1474}, "obj": "RESULTS", "id": "T7"}, {"span": {"begin": 1475, "end": 1540}, "obj": "RESULTS", "id": "T8"}, {"span": {"begin": 1541, "end": 1565}, "obj": "RESULTS", "id": "T9"}, {"span": {"begin": 1566, "end": 1620}, "obj": "RESULTS", "id": "T10"}, {"span": {"begin": 1621, "end": 1792}, "obj": "RESULTS", "id": "T11"}, {"span": {"begin": 1793, "end": 1890}, "obj": "RESULTS", "id": "T12"}, {"span": {"begin": 1891, "end": 2043}, "obj": "RESULTS", "id": "T13"}, {"span": {"begin": 2044, "end": 2105}, "obj": "RESULTS", "id": "T14"}, {"span": {"begin": 2106, "end": 2300}, "obj": "CONCLUSIONS", "id": "T15"}]}