{"text": "The oligomerization of amyloid beta-protein begins intracellularly in cells derived from human brain.\nThe progressive aggregation and deposition of amyloid beta-protein (Abeta) in brain regions subserving memory and cognition is an early and invariant feature of Alzheimer's disease, the most common cause of cognitive failure in aged humans. Inhibiting Abeta aggregation is therapeutically attractive because this process is believed to be an exclusively pathological event. Whereas many studies have examined the aggregation of synthetic Abeta peptides under nonphysiological conditions and concentrations, we have detected and characterized the oligomerization of naturally secreted Abeta at nanomolar levels in cultures of APP-expressing CHO cells (Podlisny, M. B., Ostaszewski, B. L., Squazzo, S. L., Koo, E. H., Rydell, R. E., Teplow, D. B., and Selkoe, D. J. (1995) J. Biol. Chem. 270, 9564-9570 (1); Podlisny, M. B., Walsh, D. M., Amarante, P., Ostaszewski, B. L., Stimson, E. R., Maggio, J. E., Teplow, D. B., and Selkoe, D. J. (1998) Biochemistry 37, 3602-3611 (2)). To determine whether similar species occur in vivo, we probed samples of human cerebrospinal fluid (CSF) and detected SDS-stable dimers of Abeta in some subjects. Incubation of CSF or of CHO conditioned medium at 37 degrees C did not lead to new oligomer formation. This inability to induce oligomers extracellularly as well as the detection of oligomers in cell medium very early during the course of pulse-chase experiments suggested that natural Abeta oligomers might first form intracellularly. We therefore searched for and detected intracellular Abeta oligomers, principally dimers, in primary human neurons and in neuronal and nonneural cell lines. These dimers arose intracellularly rather than being derived from the medium by reuptake. The dimers were particularly detectable in neural cells: the ratio of intracellular to extracellular oligomers was much higher in brain-derived than nonbrain cells. We conclude that the pathogenically critical process of Abeta oligomerization begins intraneuronally.\n", "denotations": [{"span": {"begin": 0, "end": 101}, "obj": "BACKGROUND", "id": "T1"}, {"span": {"begin": 102, "end": 342}, "obj": "BACKGROUND", "id": "T2"}, {"span": {"begin": 343, "end": 475}, "obj": "BACKGROUND", "id": "T3"}, {"span": {"begin": 476, "end": 867}, "obj": "BACKGROUND", "id": "T4"}, {"span": {"begin": 867, "end": 881}, "obj": "BACKGROUND", "id": "T5"}, {"span": {"begin": 882, "end": 887}, "obj": "BACKGROUND", "id": "T6"}, {"span": {"begin": 888, "end": 1043}, "obj": "BACKGROUND", "id": "T7"}, {"span": {"begin": 1044, "end": 1076}, "obj": "BACKGROUND", "id": "T8"}, {"span": {"begin": 1077, "end": 1239}, "obj": "BACKGROUND", "id": "T9"}, {"span": {"begin": 1240, "end": 1342}, "obj": "BACKGROUND", "id": "T10"}, {"span": {"begin": 1343, "end": 1575}, "obj": "BACKGROUND", "id": "T11"}, {"span": {"begin": 1576, "end": 1732}, "obj": "BACKGROUND", "id": "T12"}, {"span": {"begin": 1733, "end": 1822}, "obj": "BACKGROUND", "id": "T13"}, {"span": {"begin": 1823, "end": 1987}, "obj": "RESULTS", "id": "T14"}, {"span": {"begin": 1988, "end": 2089}, "obj": "CONCLUSIONS", "id": "T15"}]}