{"text": "Role for matrix metalloproteinase 9 after focal cerebral ischemia: effects of gene knockout and enzyme inhibition with BB-94.\nIt has been shown recently that matrix metalloproteinases (MMPs) are elevated after cerebral ischemia. In the current study, we investigated the pathophysiologic role for MMP-9 (gelatinase B, EC.3.4.24.35) in a mouse model of permanent focal cerebral ischemia, using a combination of genetic and pharmacologic approaches. Zymography and Western blot analysis demonstrated that MMP-9 protein levels were rapidly up-regulated in brain after ischemic onset. Reverse transcription polymerase chain reaction showed increased transcription of MMP-9. There were no differences in systemic hemodynamic parameters and gross cerebrovascular anatomy between wild type mice and mutant mice with a targeted knockout of the MMP-9 gene. After induction of focal ischemia, similar reductions in cerebral blood flow were obtained. In the MMP-9 knockout mice, ischemic lesion volumes were significantly reduced compared with wild type littermates in male and female mice. In normal wild type mice, the broad spectrum MMP inhibitor BB-94 (batimastat) also significantly reduced ischemic lesion size. However, BB-94 had no detectable protective effect when administered to MMP-9 knockout mice subjected to focal cerebral ischemia. These data demonstrate that MMP-9 plays a deleterious role in the development of brain injury after focal ischemia.\n", "denotations": [{"span": {"begin": 0, "end": 125}, "obj": "BACKGROUND", "id": "T1"}, {"span": {"begin": 126, "end": 228}, "obj": "BACKGROUND", "id": "T2"}, {"span": {"begin": 229, "end": 296}, "obj": "BACKGROUND", "id": "T3"}, {"span": {"begin": 297, "end": 447}, "obj": "BACKGROUND", "id": "T4"}, {"span": {"begin": 448, "end": 580}, "obj": "RESULTS", "id": "T5"}, {"span": {"begin": 581, "end": 662}, "obj": "RESULTS", "id": "T6"}, {"span": {"begin": 663, "end": 669}, "obj": "RESULTS", "id": "T7"}, {"span": {"begin": 670, "end": 847}, "obj": "RESULTS", "id": "T8"}, {"span": {"begin": 848, "end": 939}, "obj": "RESULTS", "id": "T9"}, {"span": {"begin": 940, "end": 1079}, "obj": "RESULTS", "id": "T10"}, {"span": {"begin": 1080, "end": 1206}, "obj": "RESULTS", "id": "T11"}, {"span": {"begin": 1207, "end": 1336}, "obj": "RESULTS", "id": "T12"}, {"span": {"begin": 1337, "end": 1452}, "obj": "CONCLUSIONS", "id": "T13"}]}