{"text": "Inactivation of DNA mismatch repair by increased expression of yeast MLH1.\nInactivation of DNA mismatch repair by mutation or by transcriptional silencing of the MLH1 gene results in genome instability and cancer predisposition. We recently found (P. V. Shcherbakova and T. A. Kunkel, Mol. Cell. Biol. 19:3177-3183, 1999) that an elevated spontaneous mutation rate can also result from increased expression of yeast MLH1. Here we investigate the mechanism of this mutator effect. Hybridization of poly(A)(+) mRNA to DNA microarrays containing 96.4% of yeast open reading frames revealed that MLH1 overexpression did not induce changes in expression of other genes involved in DNA replication or repair. MLH1 overexpression strongly enhanced spontaneous mutagenesis in yeast strains with defects in the 3'-- greater than 5' exonuclease activity of replicative DNA polymerases delta and epsilon but did not enhance the mutation rate in strains with deletions of MSH2, MLH1, or PMS1. This suggests that overexpression of MLH1 inactivates mismatch repair of replication errors. Overexpression of the PMS1 gene alone caused a moderate increase in the mutation rate and strongly suppressed the mutator effect caused by MLH1 overexpression. The mutator effect was also reduced by a missense mutation in the MLH1 gene that disrupted Mlh1p-Pms1p interaction. Analytical ultracentrifugation experiments showed that purified Mlh1p forms a homodimer in solution, albeit with a K(d) of 3.14 microM, 36-fold higher than that for Mlh1p-Pms1p heterodimerization. These observations suggest that the mismatch repair defect in cells overexpressing MLH1 results from an imbalance in the levels of Mlh1p and Pms1p and that this imbalance might lead to formation of nonfunctional mismatch repair complexes containing Mlh1p homodimers.\n", "denotations": [{"span": {"begin": 0, "end": 74}, "obj": "BACKGROUND", "id": "T1"}, {"span": {"begin": 75, "end": 228}, "obj": "BACKGROUND", "id": "T2"}, {"span": {"begin": 229, "end": 289}, "obj": "BACKGROUND", "id": "T3"}, {"span": {"begin": 290, "end": 295}, "obj": "BACKGROUND", "id": "T4"}, {"span": {"begin": 296, "end": 301}, "obj": "BACKGROUND", "id": "T5"}, {"span": {"begin": 302, "end": 321}, "obj": "BACKGROUND", "id": "T6"}, {"span": {"begin": 322, "end": 421}, "obj": "BACKGROUND", "id": "T7"}, {"span": {"begin": 422, "end": 479}, "obj": "BACKGROUND", "id": "T8"}, {"span": {"begin": 480, "end": 507}, "obj": "METHODS", "id": "T9"}, {"span": {"begin": 508, "end": 702}, "obj": "RESULTS", "id": "T10"}, {"span": {"begin": 703, "end": 980}, "obj": "RESULTS", "id": "T11"}, {"span": {"begin": 981, "end": 1073}, "obj": "RESULTS", "id": "T12"}, {"span": {"begin": 1074, "end": 1233}, "obj": "RESULTS", "id": "T13"}, {"span": {"begin": 1234, "end": 1349}, "obj": "RESULTS", "id": "T14"}, {"span": {"begin": 1350, "end": 1546}, "obj": "RESULTS", "id": "T15"}, {"span": {"begin": 1547, "end": 1813}, "obj": "CONCLUSIONS", "id": "T16"}]}