{"text": "The N-methyl-D-aspartate receptor channel blockers memantine, MRZ 2/579 and other amino-alkyl-cyclohexanes antagonise 5-HT(3) receptor currents in cultured HEK-293 and N1E-115 cell systems in a non-competitive manner.\nThe type 3 serotonin (5-HT(3)) receptor is a ligand-gated ion channel. In concentration-clamp experiments, we investigated the effects of the uncompetitive N-methyl-D-aspartate (NMDA) receptor antagonists memantine, amantadine and MRZ 2/579 on 5-HT receptors stabley expressed in HEK-293 cells and on native 5-HT(3) receptors in the N1E-115 cell line. All agents antagonized serotonin (10 microM)-induced inward currents with similar potency to that reported for NMDA receptors. This effect was characterized by inducing a pronounced receptor desensitization, and was probably non-competitive and voltage-independent. In contrast, (S)-ketamine was much weaker as an antagonist of 5-HT(3) receptors than NMDA receptors. Similar effects on 5-HT(3) receptors have been reported previously for a variety of anti-depressants and it is possible that the clinical anti-depressant effects reported for both memantine and amantadine are mediated, at least in part, by antagonistic effects at 5-HT(3) receptors.\n", "denotations": [{"span": {"begin": 0, "end": 217}, "obj": "BACKGROUND", "id": "T1"}, {"span": {"begin": 218, "end": 248}, "obj": "BACKGROUND", "id": "T2"}, {"span": {"begin": 249, "end": 288}, "obj": "BACKGROUND", "id": "T3"}, {"span": {"begin": 289, "end": 569}, "obj": "METHODS", "id": "T4"}, {"span": {"begin": 570, "end": 696}, "obj": "RESULTS", "id": "T5"}, {"span": {"begin": 697, "end": 835}, "obj": "RESULTS", "id": "T6"}, {"span": {"begin": 836, "end": 936}, "obj": "RESULTS", "id": "T7"}, {"span": {"begin": 937, "end": 1219}, "obj": "CONCLUSIONS", "id": "T8"}]}