{"text": "Increased matrix metalloproteinase 9 activity and mRNA expression in lung ischemia-reperfusion injury.\nIn lung ischemia-reperfusion injury, neutrophil migration from the vasculature to the interstitial spaces plays a major role in tissue injury. Degradation of the basement membrane, which is composed of extracellular matrix (ECM) molecules, is necessary for neutrophil migration. Matrix metalloproteinases (MMPs) might play a role in ECM degradation in lung ischemia-reperfusion injury. We evaluated the changes in the activity of MMP-2 and MMP-9, and tissue inhibitor of metalloproteinase 1 (TIMP-1) gene expressions using rat lung transplantation models. We divided animals into 4 groups. Groups I and II served as control groups with intact lungs (Group I) and 24-hour cold-preserved lungs (Group II). Groups III and IV received lung grafts after 24-hour cold preservation. The recipient animals were sacrificed 1 hour (Group III) or 24 hours (Group IV) after transplantation. We evaluated lung injury histologically. We assessed MMP activity using zymography. We assessed MMP-2, MMP-9, and TIMP-1 gene expression using biplex reverse transcriptase-polymerase chain reaction method. In Groups III and IV, we noted severe ischemia-reperfusion injury. We noted no significant difference in enzyme activity and gene expression of MMP-2 between Groups I and IV. The MMP-9 activity and gene expression were low during ischemia and increased on reperfusion. TIMP-1 gene expression was low during ischemia and at the early phase of reperfusion, and showed a dramatic increase at the late phase of reperfusion. Matrix metalloproteinase 9, but not MMP-2, may play an important role in ischemia-reperfusion injury. TIMP-1 increases at the late phase of reperfusion and may compensate for the activity of MMP-9.\n", "denotations": [{"span": {"begin": 0, "end": 102}, "obj": "BACKGROUND", "id": "T1"}, {"span": {"begin": 103, "end": 245}, "obj": "BACKGROUND", "id": "T2"}, {"span": {"begin": 246, "end": 381}, "obj": "BACKGROUND", "id": "T3"}, {"span": {"begin": 382, "end": 488}, "obj": "BACKGROUND", "id": "T4"}, {"span": {"begin": 489, "end": 658}, "obj": "METHODS", "id": "T5"}, {"span": {"begin": 659, "end": 692}, "obj": "METHODS", "id": "T6"}, {"span": {"begin": 693, "end": 806}, "obj": "METHODS", "id": "T7"}, {"span": {"begin": 807, "end": 878}, "obj": "METHODS", "id": "T8"}, {"span": {"begin": 879, "end": 981}, "obj": "METHODS", "id": "T9"}, {"span": {"begin": 982, "end": 1022}, "obj": "METHODS", "id": "T10"}, {"span": {"begin": 1023, "end": 1065}, "obj": "METHODS", "id": "T11"}, {"span": {"begin": 1066, "end": 1187}, "obj": "METHODS", "id": "T12"}, {"span": {"begin": 1188, "end": 1254}, "obj": "RESULTS", "id": "T13"}, {"span": {"begin": 1255, "end": 1362}, "obj": "RESULTS", "id": "T14"}, {"span": {"begin": 1363, "end": 1456}, "obj": "RESULTS", "id": "T15"}, {"span": {"begin": 1457, "end": 1607}, "obj": "RESULTS", "id": "T16"}, {"span": {"begin": 1608, "end": 1709}, "obj": "CONCLUSIONS", "id": "T17"}, {"span": {"begin": 1710, "end": 1805}, "obj": "CONCLUSIONS", "id": "T18"}]}