{"text": "The selective 5-HT(1A) receptor agonist repinotan HCl attenuates histopathology and spatial learning deficits following traumatic brain injury in rats.\nThe selective 5-HT(1A) receptor agonist Repinotan HCl (BAY x3702) has been reported to attenuate cortical damage and improve functional performance in experimental models of cerebral ischemia and acute subdural hematoma. Using a clinically relevant contusion model of traumatic brain injury, we tested the hypothesis that a 4-h continuous infusion of Repinotan HCl (10 microg/kg/h i.v.) commencing 5 min post-injury would ameliorate functional outcome and attenuate histopathology. Forty isoflurane-anesthetized male adult rats were randomly assigned to receive either a controlled cortical impact (2.7 mm tissue deformation, 4 m/s) or sham injury (Injury/Vehicle=10, Injury/MK-801=10, Injury/Repinotan HCl=10, Sham/Vehicle=10), then tested for vestibulomotor function on post-operative days 1-5 and for spatial learning on days 14-18. Neither Repinotan HCl nor the non-competitive N-methyl-D-aspartate receptor antagonist MK-801, which served as a positive control, improved vestibulomotor function on beam balance and beam walk tasks relative to the Injury/Vehicle group, but both did significantly attenuate spatial learning and memory deficits on a water maze task. Repinotan HCl also reduced hippocampal CA(1) and CA(3) neuronal loss, as well as cortical tissue damage, compared to the Injury/Vehicle group at 4 weeks post-trauma. No significant difference in histological outcome was revealed between the Repinotan HCl- and MK-801-treated groups.These findings extend the therapeutic efficacy of Repinotan HCl to a contusion model of experimental brain injury and demonstrate for the first time that 5-HT(1A) receptor agonists confer neuroprotection and attenuate spatial learning deficits following controlled cortical impact injury. This treatment strategy may be beneficial in a clinical context where memory impairments are common following human traumatic brain injury.\n", "denotations": [{"span": {"begin": 0, "end": 151}, "obj": "BACKGROUND", "id": "T1"}, {"span": {"begin": 152, "end": 372}, "obj": "BACKGROUND", "id": "T2"}, {"span": {"begin": 373, "end": 633}, "obj": "BACKGROUND", "id": "T3"}, {"span": {"begin": 634, "end": 799}, "obj": "METHODS", "id": "T4"}, {"span": {"begin": 800, "end": 862}, "obj": "METHODS", "id": "T5"}, {"span": {"begin": 863, "end": 879}, "obj": "METHODS", "id": "T6"}, {"span": {"begin": 879, "end": 987}, "obj": "METHODS", "id": "T7"}, {"span": {"begin": 988, "end": 1321}, "obj": "RESULTS", "id": "T8"}, {"span": {"begin": 1322, "end": 1487}, "obj": "RESULTS", "id": "T9"}, {"span": {"begin": 1488, "end": 1604}, "obj": "RESULTS", "id": "T10"}, {"span": {"begin": 1604, "end": 1892}, "obj": "CONCLUSIONS", "id": "T11"}, {"span": {"begin": 1893, "end": 2032}, "obj": "CONCLUSIONS", "id": "T12"}]}