{"text": "Amplification of Her-2/neu gene in Her-2/neu-overexpressing and -nonexpressing breast carcinomas and their synchronous benign, premalignant, and metastatic lesions detected by FISH in archival material.\nAmplification of Her-2/neu in breast carcinoma is associated with poor prognosis, short disease-free interval, and short survival time in both node-negative and -positive patients. Little is known about the starting point of amplification of Her-2/neu and how it progresses from benign to malignant breast lesions. We attempted to address these questions by evaluating amplification of Her-2/neu in benign, premalignant, and malignant lesions using fluorescence in situ hybridization (FISH). Twenty-six patients with Her-2/neu-overexpressing invasive ductal carcinomas (as judged by strong immunoreactivity with Her-2/neu antibody) and coexisting lesions of ductal hyperplasia (DH), atypical ductal hyperplasia (ADH), ductal carcinoma in situ (DCIS) in the vicinity of the invasive tumor (as judged by review of the hematoxylin and eosin-stained sections), as well as metastatic carcinoma in axillary lymph nodes (mets) were selected for this study. In the primary carcinomas, a close relationship was present between overexpression as detected by immunohistochemistry (IHC) and amplification as demonstrated by FISH (85% concordance). Among these patients, amplification of Her-2/neu in ADH was demonstrated in 7 of 13 cases with ADH, and in DCIS, in 21 of 22 cases with DCIS. There was no amplification in DH or normal ductal epithelium. Significantly, in all 12 patients with synchronous positive axillary lymph nodes, there was concordant amplification of Her-2/neu in the primary and metastatic carcinoma. Amplification was consistent in multifocal metastases, despite morphological heterogeneity in some patients. Amplification ratios increased from ADH to DCIS to invasive carcinoma (P  less than .01, ADH versus DCIS; P  less than .05, DCIS versus invasive cancer), but there was no difference in amplification ratios between primary cancers and synchronous axillary metastases (P  greater than .05). We also evaluated Her-2/neu amplification in 21 patients without Her-2/neu overexpression in their primary carcinomas (as judged by absent immunoreactivity with Her-2/neu antibody). Three showed amplification in both primary and metastatic lesions, with a low amplification ratio (approximately 2). One patient had amplification in the primary tumor but not in an axillary metastasis. Two patients exhibited slight amplification in the metastatic carcinoma (ratios 1.6 and 2), but not in their primary cancers. This FISH study indicates that amplification of Her-2/neu can emerge de novo in any stage of the disease process, from ADH to metastatic lesions, but most often appears first in ADH or DCIS. The degree of Her-2/neu amplification increases with progression to invasive carcinoma, there being no further increase in synchronous metastasis. Our data suggest that amplification of Her-2/neu appears to be mainly involved in initiation of breast oncogenesis and that its role in progression of breast cancers is uncertain.\n", "denotations": [{"span": {"begin": 0, "end": 202}, "obj": "OBJECTIVE", "id": "T1"}, {"span": {"begin": 203, "end": 383}, "obj": "OBJECTIVE", "id": "T2"}, {"span": {"begin": 384, "end": 517}, "obj": "OBJECTIVE", "id": "T3"}, {"span": {"begin": 518, "end": 694}, "obj": "OBJECTIVE", "id": "T4"}, {"span": {"begin": 695, "end": 1152}, "obj": "METHODS", "id": "T5"}, {"span": {"begin": 1153, "end": 1338}, "obj": "RESULTS", "id": "T6"}, {"span": {"begin": 1339, "end": 1480}, "obj": "RESULTS", "id": "T7"}, {"span": {"begin": 1481, "end": 1542}, "obj": "RESULTS", "id": "T8"}, {"span": {"begin": 1543, "end": 1713}, "obj": "RESULTS", "id": "T9"}, {"span": {"begin": 1714, "end": 1822}, "obj": "RESULTS", "id": "T10"}, {"span": {"begin": 1823, "end": 1892}, "obj": "RESULTS", "id": "T11"}, {"span": {"begin": 1893, "end": 2088}, "obj": "RESULTS", "id": "T12"}, {"span": {"begin": 2089, "end": 2111}, "obj": "RESULTS", "id": "T13"}, {"span": {"begin": 2112, "end": 2293}, "obj": "RESULTS", "id": "T14"}, {"span": {"begin": 2294, "end": 2410}, "obj": "RESULTS", "id": "T15"}, {"span": {"begin": 2411, "end": 2496}, "obj": "RESULTS", "id": "T16"}, {"span": {"begin": 2497, "end": 2622}, "obj": "RESULTS", "id": "T17"}, {"span": {"begin": 2623, "end": 2813}, "obj": "CONCLUSIONS", "id": "T18"}, {"span": {"begin": 2814, "end": 2960}, "obj": "CONCLUSIONS", "id": "T19"}, {"span": {"begin": 2961, "end": 3140}, "obj": "CONCLUSIONS", "id": "T20"}]}