{"text": "Stromelysin-1 and gelatinase A are upregulated before TNF-alpha in LPS-stimulated neuroinflammation.\nNeuroinflammation induces a complex molecular cascade that leads to the proteolysis of cells. Matrix metalloproteinases (MMPs) attack all components of the extracellular matrix in a number of neuroinflammatory diseases and cause a delayed opening of the blood-brain barrier (BBB). Earlier, we showed that lipopolysaccharide (LPS) disrupted the BBB through the action of gelatinase B (MMP-9). In a study of cerebral ischemia, gelatinase A (MMP-2) was seen in astrocytic end-feet and stromelysin-1 (MMP-3) in microglia. Since other MMPs may be important in LPS-induced injury, we studied the gene transcription and cellular localization of several MMPs and an inflammatory mediator, tumor necrosis factor (TNF-alpha), using competitive polymerase chain reaction (PCR) and immunohistochemical methods. Significantly elevated levels of MMP-2 and -3 mRNA were observed in LPS-injected brains by 2 h after injection as compared to non-injected brain tissue (P less than 0.05). By 8 h post-LPS injection, gene expression of MMP-2 and -3 had declined in both saline- and LPS-injected tissue, while TNF-alpha mRNA levels rose significantly. Immunohistochemistry of control brains confirmed the earlier observation of MMP-2 immunoreactivity in processes abutting cerebral blood vessels, which increased after LPS injection. The expression of MMP-9 and MMP-3 was localized mainly to the cerebrovasculature in LPS-stimulated brain tissue, predominantly in the perivascular cells of the basal lamina near the site of injection. Both of these proteinases were present at the site of LPS injection at 8 h, but MMP-2 was absent. Our results show that MMP genes are up-regulated prior to the induction of cytokines such as TNF-alpha, and that MMP proteins are prominent around blood vessels in LPS-induced neuroinflammation.\n", "denotations": [{"span": {"begin": 0, "end": 100}, "obj": "BACKGROUND", "id": "T1"}, {"span": {"begin": 101, "end": 194}, "obj": "BACKGROUND", "id": "T2"}, {"span": {"begin": 195, "end": 381}, "obj": "BACKGROUND", "id": "T3"}, {"span": {"begin": 382, "end": 492}, "obj": "BACKGROUND", "id": "T4"}, {"span": {"begin": 493, "end": 618}, "obj": "BACKGROUND", "id": "T5"}, {"span": {"begin": 619, "end": 899}, "obj": "BACKGROUND", "id": "T6"}, {"span": {"begin": 900, "end": 932}, "obj": "RESULTS", "id": "T7"}, {"span": {"begin": 933, "end": 945}, "obj": "RESULTS", "id": "T8"}, {"span": {"begin": 946, "end": 1071}, "obj": "RESULTS", "id": "T9"}, {"span": {"begin": 1072, "end": 1117}, "obj": "RESULTS", "id": "T10"}, {"span": {"begin": 1118, "end": 1232}, "obj": "RESULTS", "id": "T11"}, {"span": {"begin": 1233, "end": 1414}, "obj": "RESULTS", "id": "T12"}, {"span": {"begin": 1415, "end": 1615}, "obj": "RESULTS", "id": "T13"}, {"span": {"begin": 1616, "end": 1713}, "obj": "RESULTS", "id": "T14"}, {"span": {"begin": 1714, "end": 1908}, "obj": "CONCLUSIONS", "id": "T15"}]}