{"text": "Potential novel targets for Alzheimer pharmacotherapy: I. Secretases.\nThe prevailing major theory of Alzheimer's disease (AD) is that insoluble amyloid beta-peptide (Abeta) found in the cerebral plaques characteristic of the disease is causative or is at least a contributing factor. According to this theory, inhibition of aberrant Abeta production should prevent or at least limit the extent of AD pathophysiology. As three 'secretase' enzymes (alpha, beta and gamma) catalyse the proteolytic cleavage of amyloid precursor protein (APP) (the precursor protein of Abeta), one or more secretases have become targets for potential novel AD pharmacotherapy. Secretase inhibitors have been designed and are in various stages of development. The clinical trials of these compounds will, if positive, result in drugs with dramatically better clinical efficacy or, if negative, will force a reassessment of the theory about the role of Abeta in AD.\n", "denotations": [{"span": {"begin": 0, "end": 69}, "obj": "BACKGROUND", "id": "T1"}, {"span": {"begin": 70, "end": 283}, "obj": "BACKGROUND", "id": "T2"}, {"span": {"begin": 284, "end": 416}, "obj": "BACKGROUND", "id": "T3"}, {"span": {"begin": 417, "end": 655}, "obj": "BACKGROUND", "id": "T4"}, {"span": {"begin": 656, "end": 737}, "obj": "BACKGROUND", "id": "T5"}, {"span": {"begin": 738, "end": 942}, "obj": "BACKGROUND", "id": "T6"}]}