{"text": "Re-evaluation of phencyclidine low-affinity or 'non-NMDA' binding sites.\nTCP and its derivative gacyclidine (+/- GK11) are high-affinity non-competitive antagonists of N-methyl-D-aspartate (NMDA) receptors (NMDARs) and as such exhibit significant neuroprotective properties. These compounds also bind with a low affinity to binding sites whose pharmacological profiles are different from that of NMDARs. With the intention to develop new strategies of neuroprotection, we found it mandatory to investigate whether 1-(1-(2-thienyl)cyclohexyl)piperidine (TCP) and gacyclidine low-affinity sites are similar. The effects of several drugs selective for either NMDARs or the ((3)H)TCP low-affinity site (or PCP(3) site) on (+), (-)((3)H)GK11 and ((3)H)TCP specific binding were investigated. Competition experiments on cerebellum homogenates revealed substantial differences between the pharmacological profiles of the PCP(3) site and that of gacyclidine's enantiomers low-affinity sites. Under experimental conditions preventing the interaction of the radioligands with NMDARs, the autoradiographic study showed, however, that the distributions of both ((3)H)TCP and (-)((3)H)GK11 specific binding were similar. The specific labelling was low and uniform in telencephalic structures, whereas in the cerebellum it was higher in the molecular than in the granular layer. Finally, the analysis of competition experiments performed on tissues slices demonstrated that PCP(3) selective ligands were unable to prevent ((3)H)TCP or (-)((3)H)GK11 binding to 'non-NMDA' binding sites. As a whole, our data suggest that: (1) the different pharmacological profiles of ((3)H)TCP and ((3)H)gacyclidine enantiomers on low-affinity sites are due to their selectivity for specific NMDARs subpopulations; (2) the pharmacological isolation of TCP and gacyclidine 'non-NMDA' binding sites is the most appropriate way to further study the low-affinity component of their specific binding. Obtaining reliable and specific pharmacological tools for those binding sites is of particular interest, since it is likely that they play a substantial role in the low neurotoxicity, and therefore tolerability, of gacyclidine, a new neuroprotective drug currently evaluated in clinical trials for the treatment of brain and spinal cord injuries.\n", "denotations": [{"span": {"begin": 0, "end": 72}, "obj": "OBJECTIVE", "id": "T1"}, {"span": {"begin": 73, "end": 107}, "obj": "OBJECTIVE", "id": "T2"}, {"span": {"begin": 108, "end": 112}, "obj": "OBJECTIVE", "id": "T3"}, {"span": {"begin": 113, "end": 118}, "obj": "OBJECTIVE", "id": "T4"}, {"span": {"begin": 119, "end": 274}, "obj": "OBJECTIVE", "id": "T5"}, {"span": {"begin": 275, "end": 403}, "obj": "OBJECTIVE", "id": "T6"}, {"span": {"begin": 404, "end": 605}, "obj": "OBJECTIVE", "id": "T7"}, {"span": {"begin": 606, "end": 786}, "obj": "OBJECTIVE", "id": "T8"}, {"span": {"begin": 787, "end": 983}, "obj": "RESULTS", "id": "T9"}, {"span": {"begin": 984, "end": 1207}, "obj": "RESULTS", "id": "T10"}, {"span": {"begin": 1208, "end": 1364}, "obj": "RESULTS", "id": "T11"}, {"span": {"begin": 1365, "end": 1466}, "obj": "RESULTS", "id": "T12"}, {"span": {"begin": 1467, "end": 1571}, "obj": "RESULTS", "id": "T13"}, {"span": {"begin": 1572, "end": 1964}, "obj": "CONCLUSIONS", "id": "T14"}, {"span": {"begin": 1965, "end": 2311}, "obj": "CONCLUSIONS", "id": "T15"}]}