{"text": "Three-dimensional tuning profile of motor cortical activity during arm movements.\nThe neural firing activity in the primary motor cortex was modulated to the direction of hand movement. In contradiction to previous reports, a recent study found a non-uniform distribution of preferred directions of neurons while monkeys made center-out reaching movements in a horizontal plane. To re-examine the distribution of preferred directions in three-dimensional space, we recorded the activity of 117 arm-related neurons in the primary motor cortex and electromyographic signals of shoulder and upper arm muscles of a monkey while it performed center-out reaching movements towards 26 target points placed on a sphere-shaped workspace. We found that the distribution of preferred directions of neurons was non-uniform and that it was correlated to muscle activity and arm joint rotations.\n", "denotations": [{"span": {"begin": 0, "end": 81}, "obj": "BACKGROUND", "id": "T1"}, {"span": {"begin": 82, "end": 185}, "obj": "BACKGROUND", "id": "T2"}, {"span": {"begin": 186, "end": 378}, "obj": "BACKGROUND", "id": "T3"}, {"span": {"begin": 379, "end": 728}, "obj": "METHODS", "id": "T4"}, {"span": {"begin": 729, "end": 881}, "obj": "CONCLUSIONS", "id": "T5"}]}