{"text": "Identification of a presymptomatic molecular phenotype in Hdh CAG knock-in mice.\nThe hallmark striatal neurodegeneration of Huntington's disease (HD) is first triggered by a dominant property of the expanded glutamine tract in mutant huntingtin that increases in severity with glutamine size. Indeed 111-glutamine murine huntingtin leads to a dominant cascade of phenotypes in Hdh(Q111) mice, although these abnormalities are not manifest in Hdh(Q50) mice, with 50-glutamine mutant protein. Therefore, to identify phenotypes that might reflect events closer to the fundamental trigger mechanism, and that can be measured as a consequence of adult-onset HD mutant huntingtin, we have screened for altered expression of genes conserved in evolution, which are likely to encode essential proteins. Probes generated from Hdh(Q111) homozygote and wild-type striatal RNAs were hybridized to human gene segments on filter arrays, disclosing a mutant-specific increase in hybridization to Rrs1, encoding a ribosomal protein. Subsequent, quantitative RT-PCR assays demonstrated increased Rrs1 mRNA from 3 weeks of age in homozygous and heterozygous Hdh(Q111) striatum and increased Rrs1 mRNA expression with a single copy's worth of 50-glutamine mutant huntingtin in Hdh(Q50) striatum. Moreover, quantitative RT-PCR assays for the human homologue demonstrated elevated Rrs1 mRNA in HD compared with control postmortem brain. These findings, therefore, support a chronic impact of mutant huntingtin on an essential ribosomal regulatory gene to be investigated for its role very early in HD pathogenesis.\n", "denotations": [{"span": {"begin": 0, "end": 80}, "obj": "OBJECTIVE", "id": "T1"}, {"span": {"begin": 81, "end": 292}, "obj": "OBJECTIVE", "id": "T2"}, {"span": {"begin": 293, "end": 490}, "obj": "OBJECTIVE", "id": "T3"}, {"span": {"begin": 491, "end": 794}, "obj": "OBJECTIVE", "id": "T4"}, {"span": {"begin": 795, "end": 841}, "obj": "METHODS", "id": "T5"}, {"span": {"begin": 842, "end": 1016}, "obj": "METHODS", "id": "T6"}, {"span": {"begin": 1017, "end": 1083}, "obj": "RESULTS", "id": "T7"}, {"span": {"begin": 1084, "end": 1276}, "obj": "RESULTS", "id": "T8"}, {"span": {"begin": 1277, "end": 1364}, "obj": "RESULTS", "id": "T9"}, {"span": {"begin": 1365, "end": 1415}, "obj": "CONCLUSIONS", "id": "T10"}, {"span": {"begin": 1416, "end": 1593}, "obj": "CONCLUSIONS", "id": "T11"}]}