{"text": "beta-Amyloid peptide induces formation of actin stress fibers through p38 mitogen-activated protein kinase.\nBased on the critical role of actin in the maintenance of synaptic function, we examined whether expression of familial beta-amyloid precursor protein APP-V642I (IAPP) or mutant presenilin-1 L286V (mPS1) affects actin polymerization in rat septal neuronal cells. Expression of either IAPP or mPS1 but not wild-type amyloid precursor protein or presenilin-1induced formation of actin stress fibers in SN1 cells, a septal neuronal cell line. Treatment with beta-amyloid (Abeta) peptide also caused formation of actin stress fibers in SN1 cells and primary cultured hippocampal neurons. Treatment with a gamma-secretase inhibitor completely blocked formation of actin stress fibers, indicating that overproduction of Abeta peptide induces actin stress fibers. Because activation of the p38 mitogen-activated protein kinase (p38MAPK)-mitogen-associated protein kinase-associated protein kinase (MAPKAPK)-2-heat-shock protein 27 signaling pathway mediates actin polymerization, we explored whether Abeta peptide activates p38MAPK and MAPKAPK-2. Expression of IAPP or mPS1 induced activation of p38MAPK and MAPKAPK-2. Treatment with a p38MAPK inhibitor completely inhibited formation of actin stress fibers mediated by Abeta peptide, IAPP or mPS1. Moreover, treatment with a gamma-secretase inhibitor completely blocked activation of p38MAPK and MAPKAPK-2. In summary, our data suggest that overproduction of Abeta peptide induces formation of actin stress fibers through activation of the p38MAPK signaling pathway in septal neuronal cells.\n", "denotations": [{"span": {"begin": 0, "end": 107}, "obj": "BACKGROUND", "id": "T1"}, {"span": {"begin": 108, "end": 370}, "obj": "BACKGROUND", "id": "T2"}, {"span": {"begin": 371, "end": 547}, "obj": "BACKGROUND", "id": "T3"}, {"span": {"begin": 548, "end": 691}, "obj": "BACKGROUND", "id": "T4"}, {"span": {"begin": 692, "end": 864}, "obj": "BACKGROUND", "id": "T5"}, {"span": {"begin": 865, "end": 1147}, "obj": "BACKGROUND", "id": "T6"}, {"span": {"begin": 1148, "end": 1219}, "obj": "RESULTS", "id": "T7"}, {"span": {"begin": 1220, "end": 1349}, "obj": "RESULTS", "id": "T8"}, {"span": {"begin": 1350, "end": 1458}, "obj": "RESULTS", "id": "T9"}, {"span": {"begin": 1459, "end": 1643}, "obj": "CONCLUSIONS", "id": "T10"}]}