{"text": "Neuronal activity related to the visual representation of arm movements in the lateral cerebellar cortex.\nTesting the hypothesis that the lateral cerebellum forms a sensory representation of arm movements, we investigated cortical neuronal activity in two monkeys performing visually guided step-tracking movements with a manipulandum. A virtual target and cursor image were viewed co-planar with the manipulandum. In the normal task, manipulandum and cursor moved in the same direction; in the mirror task, the cursor was left-right reversed. In one monkey, 70- and 200-ms time delays were introduced on cursor movement. Significant task-related activity was recorded in 31 cells in one animal and 142 cells in the second: 10.2% increased activity before arm movements onset, 77.1% during arm movement, and 12.7% after the new position was reached. To test for neural representation of the visual outcome of movement, firing rate modulation was compared in normal and mirror step-tracking. Most task-related neurons (68%) showed no significant directional modulation. Of 70 directionally sensitive cells, almost one-half (n = 34, 48%) modulated firing with a consistent cursor movement direction, many fewer responding to the manipulandum direction (n = 9, 13%). For those 'cursor-related' cells tested with delayed cursor movement, increased activity onset was time-locked to arm movement and not cursor movement, but activation duration was extended by an amount similar to the applied delay. Hence, activity returned to baseline about when the delayed cursor reached the target. We conclude that many cells in the lateral cerebellar cortex signaled the direction of cursor movement during active step-tracking. Such a predictive representation of the arm movement could be used in the guidance of visuo-motor actions.\n", "denotations": [{"span": {"begin": 0, "end": 105}, "obj": "OBJECTIVE", "id": "T1"}, {"span": {"begin": 106, "end": 335}, "obj": "METHODS", "id": "T2"}, {"span": {"begin": 336, "end": 414}, "obj": "METHODS", "id": "T3"}, {"span": {"begin": 415, "end": 543}, "obj": "METHODS", "id": "T4"}, {"span": {"begin": 544, "end": 621}, "obj": "METHODS", "id": "T5"}, {"span": {"begin": 622, "end": 849}, "obj": "METHODS", "id": "T6"}, {"span": {"begin": 850, "end": 990}, "obj": "METHODS", "id": "T7"}, {"span": {"begin": 991, "end": 1068}, "obj": "RESULTS", "id": "T8"}, {"span": {"begin": 1069, "end": 1263}, "obj": "RESULTS", "id": "T9"}, {"span": {"begin": 1264, "end": 1495}, "obj": "RESULTS", "id": "T10"}, {"span": {"begin": 1496, "end": 1582}, "obj": "RESULTS", "id": "T11"}, {"span": {"begin": 1583, "end": 1714}, "obj": "CONCLUSIONS", "id": "T12"}, {"span": {"begin": 1715, "end": 1821}, "obj": "CONCLUSIONS", "id": "T13"}]}