{"text": "Neuroprotection against excitotoxicity by N-alkylglycines in rat hippocampal neurons.\nExcessive activation of glutamate receptors of the N-methyl-D-aspartate (NMDA) subtype is considered a relevant initial step underlying different neurodegenerative diseases. Recently, with the approval of memantine to treat Alzheimer dementia, NMDA receptors have regained clinical interest. Accordingly, the development and validation of NMDA receptor antagonists is being reconsidered. We recently identified a family of trialkylglycines that act as channel blockers of the NMDAreceptor. Their neuroprotective activity against excitotoxic insults remains elusive. To address this issue, we first characterized the contribution of glutamate receptor subtypes to hippocampal death in culture as a function of days in culture in vitro (DIV). Whereas at 7 DIV neither NMDA nor glutamate produced a significant neuronal death, at 14 and 21 DIV, NMDA produced the death of 40% of the neurons exposed to this receptor agonist that was fully protected by MK-801. Similar results were obtained for L-glutamate at 14 DIV. In contrast, when neurons at 21 DIV were used, glutamate killed 51.1 +/- 4.9% of the neuronal population. This neuronal death was only partially prevented by MK-801, and fully abrogated by a combination of MK-801 and 6-cyano-7-nitroquinoxaline-2,3-dione (CNQX). Glucose deprivation injured 37.1 +/- 9.2% of the neurons through a mechanism sensitive to MK-801. The family of recently identified N-alkylglycines tested protected neurons against NMDA and glucosedeprivation toxicity, but not against glutamate toxicity. Noteworthy, N-alkylglicines with a moderate protection against NMDA-induced toxicity strongly protected from beta-amyloid toxicity. Collectively, these findings imply both NMDA and non-NMDA receptors in excitotoxicity of hippocampal neurons, and suggest that blockade of NMDA receptors alone may not suffice to efficiently abrogate neurodegeneration.\n", "denotations": [{"span": {"begin": 0, "end": 85}, "obj": "BACKGROUND", "id": "T1"}, {"span": {"begin": 86, "end": 259}, "obj": "BACKGROUND", "id": "T2"}, {"span": {"begin": 260, "end": 377}, "obj": "BACKGROUND", "id": "T3"}, {"span": {"begin": 378, "end": 473}, "obj": "BACKGROUND", "id": "T4"}, {"span": {"begin": 474, "end": 575}, "obj": "BACKGROUND", "id": "T5"}, {"span": {"begin": 576, "end": 651}, "obj": "BACKGROUND", "id": "T6"}, {"span": {"begin": 652, "end": 826}, "obj": "BACKGROUND", "id": "T7"}, {"span": {"begin": 827, "end": 1042}, "obj": "RESULTS", "id": "T8"}, {"span": {"begin": 1043, "end": 1099}, "obj": "RESULTS", "id": "T9"}, {"span": {"begin": 1100, "end": 1172}, "obj": "RESULTS", "id": "T10"}, {"span": {"begin": 1173, "end": 1205}, "obj": "RESULTS", "id": "T11"}, {"span": {"begin": 1206, "end": 1361}, "obj": "RESULTS", "id": "T12"}, {"span": {"begin": 1362, "end": 1398}, "obj": "RESULTS", "id": "T13"}, {"span": {"begin": 1399, "end": 1459}, "obj": "RESULTS", "id": "T14"}, {"span": {"begin": 1460, "end": 1616}, "obj": "RESULTS", "id": "T15"}, {"span": {"begin": 1617, "end": 1748}, "obj": "RESULTS", "id": "T16"}, {"span": {"begin": 1749, "end": 1967}, "obj": "CONCLUSIONS", "id": "T17"}]}