{"text": "Synchronization in monkey motor cortex during a precision grip task. II. effect of oscillatory activity on corticospinal output.\nRecordings from primary motor cortex (M1) during periods of steady contraction show oscillatory activity; these oscillations are coherent with the activity of contralateral muscles. We investigated synchronization of corticospinal output neurons with the oscillations, which could provide the pathway for their transmission to the spinal motoneurons. One hundred seventy-six antidromically identified pyramidal tract neurons (PTNs) were recorded from M1 in three macaque monkeys trained to perform a precision grip task. Local field potentials (LFP) were simultaneously recorded. All analysis was confined to the hold period of the task, where our previous work has shown that there is the strongest oscillatory activity. Coherence was calculated between LFP and PTN discharge. Significant coherence was seen in three bands, with frequencies of 10-14, 17-31, and 34-44 Hz. Coherence values were low, with the majority of PTN-LFP coherences having a peak lower than 0.05. The phase of coherence was approximately -pi/2 radians for each band (with LFP polarity defined as negative upward), although there was some dispersion of phase across the population of PTNs. Coherence was also calculated between pairs of PTNs that had been simultaneously recorded. Where there was significant coherence, it was also generally smaller than 0.05. The phase of PTN-PTN coherence clustered around zero radians. A computer model was constructed to assist the interpretation of the experimental results. It simulated an integrate-and-fire neuron responding to synaptic inputs. A fraction of the synaptic inputs was synchronized with a simulated LFP; the remainder were uncorrelated with it. The model showed that coherence between the LFP and the output spike train considerably underestimated the fraction of synchronized inputs. Additionally, for a given fraction of synchronized inputs, coherence was smaller for high- compared with low-frequency bins. Cell discharge rate also influenced the spike-LFP coherence: coherence was higher for simulations in which the cell discharged at a faster rate. Thus although levels of PTN-LFP coherence seen experimentally were low, a considerable proportion of the input to the PTN must be synchronized with the global oscillatory activity recorded by the LFP. The low LFP-PTN coherences do however indicate that cortical oscillations are transmitted with only low fidelity in the discharge of a single PTN. Using further computer simulations, it was demonstrated that a small population of PTNs could encode the cortical oscillatory signal effectively, since the action of averaging across the population improves the signal:noise ratio. The oscillations will therefore be effectively transmitted to spinal motoneurons, and this has important consequences for the possible role of oscillations in motor control of the hand.\n", "denotations": [{"span": {"begin": 0, "end": 68}, "obj": "BACKGROUND", "id": "T1"}, {"span": {"begin": 69, "end": 72}, "obj": "METHODS", "id": "T2"}, {"span": {"begin": 73, "end": 128}, "obj": "METHODS", "id": "T3"}, {"span": {"begin": 129, "end": 310}, "obj": "METHODS", "id": "T4"}, {"span": {"begin": 311, "end": 479}, "obj": "METHODS", "id": "T5"}, {"span": {"begin": 480, "end": 649}, "obj": "METHODS", "id": "T6"}, {"span": {"begin": 650, "end": 708}, "obj": "METHODS", "id": "T7"}, {"span": {"begin": 709, "end": 850}, "obj": "METHODS", "id": "T8"}, {"span": {"begin": 851, "end": 906}, "obj": "METHODS", "id": "T9"}, {"span": {"begin": 907, "end": 1001}, "obj": "RESULTS", "id": "T10"}, {"span": {"begin": 1002, "end": 1099}, "obj": "RESULTS", "id": "T11"}, {"span": {"begin": 1100, "end": 1291}, "obj": "RESULTS", "id": "T12"}, {"span": {"begin": 1292, "end": 1382}, "obj": "RESULTS", "id": "T13"}, {"span": {"begin": 1383, "end": 1462}, "obj": "RESULTS", "id": "T14"}, {"span": {"begin": 1463, "end": 1524}, "obj": "RESULTS", "id": "T15"}, {"span": {"begin": 1525, "end": 1615}, "obj": "RESULTS", "id": "T16"}, {"span": {"begin": 1616, "end": 1688}, "obj": "RESULTS", "id": "T17"}, {"span": {"begin": 1689, "end": 1802}, "obj": "RESULTS", "id": "T18"}, {"span": {"begin": 1803, "end": 1942}, "obj": "RESULTS", "id": "T19"}, {"span": {"begin": 1943, "end": 2067}, "obj": "RESULTS", "id": "T20"}, {"span": {"begin": 2068, "end": 2212}, "obj": "RESULTS", "id": "T21"}, {"span": {"begin": 2213, "end": 2413}, "obj": "RESULTS", "id": "T22"}, {"span": {"begin": 2414, "end": 2560}, "obj": "CONCLUSIONS", "id": "T23"}, {"span": {"begin": 2561, "end": 2791}, "obj": "CONCLUSIONS", "id": "T24"}, {"span": {"begin": 2792, "end": 2977}, "obj": "CONCLUSIONS", "id": "T25"}]}