{"text": "A simple model of breast carcinoma growth may provide explanations for observations of apparently complex phenomena.\nThere has been great debate regarding the importance of ductal carcinoma in situ (DCIS) in the breast. Autopsy results that demonstrate a much greater number of these lesions compared with the number of invasive carcinomas, and the numbers of deaths from breast carcinoma each year have been cited as evidence that DCIS rarely leads to invasion and death. These analyses have overlooked the fact that, to sustain a rate of detection each year, there would have to be a reservoir of undetected breast carcinomas growing in the population. The authors developed a simple model that makes this clear. In addition, complex phenomena have been suggested to explain why invasive breast disease may grow more rapidly among very young women and more slowly among the very old. A simple model provides some insight that may simplify the explanation of these observations. The simple model of breast carcinoma growth assumes that there are three types of breast carcinoma that begin each year in a cohort of women. It assumes that all breast carcinomas begin as DCIS and take 9 years to go from a single cell to an invasive lesion for the slowest growing lesions, 6 years for intermediate growing DCIS lesions, and 3 years for fast-growing DCIS lesions. Furthermore, once an invasive clone forms, the model assumes that it will double in 60 days for fast-growing lesions, 120 days for intermediate growing lesions, and 180 days for slow-growing lesions. Three new tumors begin to grow in each successive year (one of each type). The model uses simple vectors that are defined by the size of the tumors and the time since tumor initiation, and it assumes that all tumors are detected when they reach 2 cm in greatest dimension. The model can be used to show graphically how many undetected tumors (DCIS as well as invasive carcinomas) there may be in the population to sustain the detection of three invasive tumors each year. Using the assumptions described above, the model showed that, by the time the first slow-growing breast carcinoma reaches 2 cm in greatest dimension, there will be 29 other slow-growing tumors that have not reached that size (9 DCIS and 20 smaller invasive carcinomas), 19 moderately growing tumors (6 DCIS and 13 smaller invasive carcinomas), and 9 fast-growing tumors (3 DCIS and 6 smaller invasive carcinomas). This means that, for every three breast tumors that reach 2 cm, the model predicted that there would be another 57 tumors (39 smaller invasive carcinomas and 18 DCIS) that would be undetected 'below the surface'. The model showed clearly that faster growing tumors would be expected to predominate among the youngest women, because they are the first to 'reach the surface'; and, if the number of newly initiated tumors decreases with age, then there will be more of the slowest growing tumors that are left to reach the surface among the oldest women in the population. Even if the authors' assumptions are incorrect, their model made it clear that, to diagnose several breast carcinomas per 1000 women each year means that there have to be many more undetected carcinomas in the population to sustain the rate of detection. Although the model did not prove that DCIS may become potentially invasive and lethal, it did demonstrate that, even if all of these in situ lesions become invasive and lethal, many more DCIS lesions would have to be expected in the population than the number of invasive carcinomas detected each year and the number of deaths from breast carcinoma each year. Furthermore, the model provided a simple, purely mechanical illustration that may explain the preponderance of faster growing breast carcinomas among very young women and the preponderance of slower growing tumors among elderly women.\n", "denotations": [{"span": {"begin": 0, "end": 116}, "obj": "BACKGROUND", "id": "T1"}, {"span": {"begin": 117, "end": 219}, "obj": "BACKGROUND", "id": "T2"}, {"span": {"begin": 220, "end": 472}, "obj": "BACKGROUND", "id": "T3"}, {"span": {"begin": 473, "end": 654}, "obj": "BACKGROUND", "id": "T4"}, {"span": {"begin": 655, "end": 714}, "obj": "BACKGROUND", "id": "T5"}, {"span": {"begin": 715, "end": 885}, "obj": "BACKGROUND", "id": "T6"}, {"span": {"begin": 886, "end": 979}, "obj": "BACKGROUND", "id": "T7"}, {"span": {"begin": 980, "end": 1121}, "obj": "BACKGROUND", "id": "T8"}, {"span": {"begin": 1122, "end": 1360}, "obj": "METHODS", "id": "T9"}, {"span": {"begin": 1361, "end": 1560}, "obj": "METHODS", "id": "T10"}, {"span": {"begin": 1561, "end": 1635}, "obj": "METHODS", "id": "T11"}, {"span": {"begin": 1636, "end": 1833}, "obj": "RESULTS", "id": "T12"}, {"span": {"begin": 1834, "end": 2032}, "obj": "RESULTS", "id": "T13"}, {"span": {"begin": 2033, "end": 2446}, "obj": "RESULTS", "id": "T14"}, {"span": {"begin": 2447, "end": 2659}, "obj": "RESULTS", "id": "T15"}, {"span": {"begin": 2660, "end": 3017}, "obj": "RESULTS", "id": "T16"}, {"span": {"begin": 3018, "end": 3272}, "obj": "RESULTS", "id": "T17"}, {"span": {"begin": 3273, "end": 3632}, "obj": "CONCLUSIONS", "id": "T18"}, {"span": {"begin": 3633, "end": 3867}, "obj": "CONCLUSIONS", "id": "T19"}]}