{"text": "Loss of aurora A/STK15/BTAK overexpression correlates with transition of in situ to invasive ductal carcinoma of the breast.\nThe biological mechanisms involved in the progression of ductal carcinoma in situ (DCIS) to invasive breast cancer are not fully understood. We previously have shown that the putative oncogene Aurora-A/STK15/BTAK, encoding a centrosome-associated kinase that regulates centrosomes and chromosome segregation, is amplified in human breast cancer. In this study, 37 archival breast tissue specimens of histologically confirmed DCIS lesions with adjacent invasive carcinoma and morphologically nonmalignant mammary ducts were analyzed immunohistochemically for expression of STK15. Statistically significant differences in overexpression of STK15 was found between invasive cancer and either nonmalignant mammary ducts (P  less than  0.0001) or DCIS lesions (P  less than  0.0005). Abnormalities in centrosome size and number was detected in the samples analyzed and 56% (14 of 25) of the cases also showed aneuploidy reflected in  greater than 2 signals of chromosome 3 and 17. Our data demonstrate that STK15 overexpression correlates with centrosome anomaly and aneuploidy in DCIS, and loss of STK15 overexpression is associated with progression of in situ to ductal invasive breast carcinoma.\n", "denotations": [{"span": {"begin": 0, "end": 124}, "obj": "BACKGROUND", "id": "T1"}, {"span": {"begin": 125, "end": 265}, "obj": "BACKGROUND", "id": "T2"}, {"span": {"begin": 266, "end": 470}, "obj": "BACKGROUND", "id": "T3"}, {"span": {"begin": 471, "end": 703}, "obj": "METHODS", "id": "T4"}, {"span": {"begin": 704, "end": 903}, "obj": "RESULTS", "id": "T5"}, {"span": {"begin": 904, "end": 1100}, "obj": "RESULTS", "id": "T6"}, {"span": {"begin": 1101, "end": 1318}, "obj": "CONCLUSIONS", "id": "T7"}]}