{"text": "Differential neuronal fates in the CA1 hippocampus after hypoxia in newborn and 7-day-old rats: effects of pre-treatment with MK-801.\nThe brain displays an age-dependent sensitivity to ischemic insults. However, the consequences of oxygen deprivation per se in the developing brain remain unclear, and the role of glutamate excitotoxicity via N-methyl-D-aspartate (NMDA) receptors is controversial. To gain a better understanding of the mechanisms involved in the cerebral response to severe hypoxia, cell damage was temporally monitored in the CA1 hippocampus of rat pups transiently exposed to in vivo hypoxia (100% N2) at either 24 h or 7 days of age. Also, the influence of a pre-treatment with the NMDA receptor antagonist MK-801 (5 mg/kg, i.p.) was examined. At both ages, morphometric analyses and cell counts showed hypoxia-induced significant neuronal loss (30-35%) in the pyramidal layer, with injury appearing more rapidly in rats exposed at 7 days. Morphological alterations of 4,6-diamidino-2-phenylindole (DAPI)-labeled nuclei, DNA fragmentation patterns on agarose gels, as well as expression profiles of the apoptosis-related regulatory proteins Bax and Bcl-2 showed that apoptosis was prevalent in younger animals, whereas only necrosis was detected in hippocampi of rats treated at 7 days. Moreover, pre-treatment with MK-801 was ineffective in protecting hippocampal neurons from hypoxic injury in newborn rats, but significantly reduced necrosis in older subjects. These data confirm that hypoxia alone may trigger neuronal death in vivo, and the type of cell death is strongly influenced by the degree of brain maturity. Finally, NMDA receptors are not involved in the apoptotic consequences of hypoxia in the newborn rat brain, but they were found to mediate necrosis at 7 days of age.\n", "denotations": [{"span": {"begin": 0, "end": 95}, "obj": "BACKGROUND", "id": "T1"}, {"span": {"begin": 96, "end": 133}, "obj": "BACKGROUND", "id": "T2"}, {"span": {"begin": 134, "end": 202}, "obj": "BACKGROUND", "id": "T3"}, {"span": {"begin": 203, "end": 398}, "obj": "BACKGROUND", "id": "T4"}, {"span": {"begin": 399, "end": 654}, "obj": "BACKGROUND", "id": "T5"}, {"span": {"begin": 655, "end": 764}, "obj": "BACKGROUND", "id": "T6"}, {"span": {"begin": 765, "end": 960}, "obj": "RESULTS", "id": "T7"}, {"span": {"begin": 961, "end": 1161}, "obj": "RESULTS", "id": "T8"}, {"span": {"begin": 1162, "end": 1307}, "obj": "RESULTS", "id": "T9"}, {"span": {"begin": 1308, "end": 1484}, "obj": "RESULTS", "id": "T10"}, {"span": {"begin": 1485, "end": 1641}, "obj": "CONCLUSIONS", "id": "T11"}, {"span": {"begin": 1642, "end": 1807}, "obj": "CONCLUSIONS", "id": "T12"}]}