{"text": "BACE1: the beta-secretase enzyme in Alzheimer's disease.\nData that have accumulated for well over a decade have implicated the beta-amyloid (Abeta) peptide as a central player in the pathogenesis of Alzheimer's disease (AD). Amyloid plaques, composed primarily of Abeta progressively form in the brains of AD patients, and mutations in three genes (amyloid precursor protein (APP) and presenilin 1 and 2 (PS1 and PS2)) cause early-onset familial AD (FAD) by directly increasing production of the toxic, plaque-promoting Abeta42 peptide. Given the strong association between Abeta and AD, it is likely that therapeutic strategies to lower the levels of Abeta in the brain should prove beneficial for the treatment of AD. One such strategy could involve inhibiting the enzymes that generate Abeta. Abeta is a product of catabolism of the large type-I membrane protein APP. Two proteases, called beta- and gamma-secretase, endoproteolyze APP to liberate the Abeta peptide. Recently, the molecules responsible for these proteolytic activities have been identified. Several lines of evidence suggest that the PS1 and PS2 proteins are gamma-secretase, and the identity of beta-secretase has been shown to be the novel transmembrane aspartic protease, beta-site APP-cleaving enzyme 1 (BACE1; also called Asp2 and memapsin 2). BACE2, a protease homologous to BACE1, was also identified, and together the two enzymes define a new family of transmembrane aspartic proteases. BACE1 exhibits all the functional properties of beta-secretase, and as the key enzyme that initiates the formation of Abeta, BACE1 is an attractive drug target for AD. This review discusses the identification and initial characterization of BACE1 and BACE2, and summarizes recent studies of BACE1 knockout mice that have validated BACE1 as the authentic beta-secretase in vivo.\n", "denotations": [{"span": {"begin": 0, "end": 6}, "obj": "BACKGROUND", "id": "T1"}, {"span": {"begin": 7, "end": 56}, "obj": "BACKGROUND", "id": "T2"}, {"span": {"begin": 57, "end": 224}, "obj": "BACKGROUND", "id": "T3"}, {"span": {"begin": 225, "end": 536}, "obj": "BACKGROUND", "id": "T4"}, {"span": {"begin": 537, "end": 719}, "obj": "BACKGROUND", "id": "T5"}, {"span": {"begin": 720, "end": 795}, "obj": "BACKGROUND", "id": "T6"}, {"span": {"begin": 796, "end": 870}, "obj": "BACKGROUND", "id": "T7"}, {"span": {"begin": 871, "end": 969}, "obj": "BACKGROUND", "id": "T8"}, {"span": {"begin": 970, "end": 1060}, "obj": "BACKGROUND", "id": "T9"}, {"span": {"begin": 1061, "end": 1318}, "obj": "BACKGROUND", "id": "T10"}, {"span": {"begin": 1319, "end": 1464}, "obj": "RESULTS", "id": "T11"}, {"span": {"begin": 1465, "end": 1632}, "obj": "CONCLUSIONS", "id": "T12"}, {"span": {"begin": 1633, "end": 1842}, "obj": "CONCLUSIONS", "id": "T13"}]}