{"text": "Memantine inhibits and reverses the Alzheimer type abnormal hyperphosphorylation of tau and associated neurodegeneration.\nMemantine, an N-methyl-D-aspartate (NMDA) receptor antagonist, reduces the clinical deterioration in moderate-to-severe Alzheimer disease (AD) for which other treatments are not available. The activity of protein phosphatase (PP)-2A is compromised in AD brain and is believed to be a cause of the abnormal hyperphosphorylation of tau and the consequent neurofibrillary degeneration. Here we show that memantine inhibits and reverses the PP-2A inhibition-induced abnormal hyperphosphorylation and accumulation of tau in organotypic culture of rat hippocampal slices. Such restorative effects of memantine were not detected either with 5,7-dichlorokynurenic acid or with D(-)-2-amino-5-phosphopentanoic acid, NMDA receptor antagonists active at the glycine binding site and at the glutamate binding site, respectively. These findings show (1) that memantine inhibits and reverses the PP-2A inhibition-induced abnormal hyperphosphorylation of tau/neurofibrillary degeneration and (2) that this drug might be useful for the treatment of AD and related tauopathies.\n", "denotations": [{"span": {"begin": 0, "end": 121}, "obj": "BACKGROUND", "id": "T1"}, {"span": {"begin": 122, "end": 310}, "obj": "BACKGROUND", "id": "T2"}, {"span": {"begin": 311, "end": 504}, "obj": "BACKGROUND", "id": "T3"}, {"span": {"begin": 505, "end": 687}, "obj": "RESULTS", "id": "T4"}, {"span": {"begin": 688, "end": 938}, "obj": "RESULTS", "id": "T5"}, {"span": {"begin": 939, "end": 1182}, "obj": "CONCLUSIONS", "id": "T6"}]}