{"text": "Erythropoietin attenuates post-traumatic injury in organotypic hippocampal slices.\nRecent experimental evidence indicates that erythropoietin (Epo), in addition to its hormonal role in regulating red cell production, operates as a neuroprotective agent. So far, the neuroprotective effect of human recombinant Epo (rhEpo) has been mainly demonstrated in models of cerebral ischemia/hypoxia and in selected in vivo studies of traumatic neuronal injury. To further investigate the potential role of this multifunctional trophic factor in post-traumatic cell death, we examined the protective effects of rhEpo in a newly developed model of mechanical trauma in organotypic hippocampal slices. Organotypic rat hippocampal slices were subjected to traumatic injury by allowing a stylus to impact on the CA1 area with an energy of 6 microJ. Hippocampal damage was identified and measured 24 and 48 h later with the fluorescent dye propidium iodide (PI). In untreated slices, the impact induced a significant increase in the mean hippocampal PI fluorescence, co-localized with the area of impact at 24 h (primary post-traumatic injury) and progressively spread to the whole slice between 24 and 48 h (secondary post-traumatic injury). Addition of rhEpo (1-100 UI/mL) or of the NMDA antagonist MK-801 (30 microM) immediately after the traumatic injury reduced hippocampal damage by approximately 30% when observed 24 h later. At 48 h after trauma, the protective effect of rhEpo was greater (by about 47%) and significantly more pronounced than that of MK-801 (28%). Our results suggest that the neuroprotective activity of rhEpo is particularly effective against delayed, secondary post-traumatic damage. This well tolerated agent could provide a therapeutic benefit in pathologies involving post-traumatic neurodegeneration.\n", "denotations": [{"span": {"begin": 0, "end": 82}, "obj": "BACKGROUND", "id": "T1"}, {"span": {"begin": 83, "end": 253}, "obj": "BACKGROUND", "id": "T2"}, {"span": {"begin": 254, "end": 451}, "obj": "BACKGROUND", "id": "T3"}, {"span": {"begin": 452, "end": 689}, "obj": "BACKGROUND", "id": "T4"}, {"span": {"begin": 690, "end": 947}, "obj": "METHODS", "id": "T5"}, {"span": {"begin": 948, "end": 1227}, "obj": "RESULTS", "id": "T6"}, {"span": {"begin": 1228, "end": 1417}, "obj": "RESULTS", "id": "T7"}, {"span": {"begin": 1418, "end": 1558}, "obj": "RESULTS", "id": "T8"}, {"span": {"begin": 1559, "end": 1697}, "obj": "CONCLUSIONS", "id": "T9"}, {"span": {"begin": 1698, "end": 1818}, "obj": "CONCLUSIONS", "id": "T10"}]}