{"text": "Dynamics of {beta}-amyloid reductions in brain, cerebrospinal fluid, and plasma of {beta}-amyloid precursor protein transgenic mice treated with a {gamma}-secretase inhibitor.\ngamma-Secretase inhibitors are one promising approach to the development of a therapeutic for Alzheimer's disease (AD). gamma-Secretase inhibitors reduce brain beta-amyloid peptide (Abeta), which is believed to be a major contributor in the etiology of AD. Transgenic mice overexpressing the human beta-amyloid precursor protein (APP) are valuable models to examine the dynamics of Abeta changes with gamma-secretase inhibitors in plaque-free and plaque-bearing animals. BMS-299897 2-((1R)-1-(((4-chlorophenyl)sulfony)(2,5-difluorophenyl)amino)ethyl)-5-fluorobenzenepropanoic acid, a gamma-secretase inhibitor, showed dose- and time dependent reductions of Abeta in brain, cerebrospinal fluid (CSF), and plasma in young transgenic mice, with a significant correlation between brain and CSF Abeta levels. Because CSF and brain interstitial fluid are distinct compartments in composition and location, this correlation could not be assumed. In contrast, aged transgenic mice with large accumulations of Abeta in plaques showed reductions in CSF Abeta in the absence of measurable changes in plaque Abeta in the brain after up to 2 weeks of treatment. Hence, CSF Abeta levels were a valuable measure of gamma-secretase activity in the central nervous system in either the presence or absence of plaques. Transgenic mice were also used to examine potential side effects due to Notch inhibition. BMS-299897 was 15-fold more effective at preventing the cleavage of APP than of Notch in vitro. No changes in the maturation of CD8(+) thymocytes or of intestinal goblet cells were observed in mice treated with BMS-299897, showing that it is possible for gamma-secretase inhibitors to reduce brain Abeta without causing Notch-mediated toxicity.\n", "denotations": [{"span": {"begin": 0, "end": 175}, "obj": "BACKGROUND", "id": "T1"}, {"span": {"begin": 176, "end": 295}, "obj": "BACKGROUND", "id": "T2"}, {"span": {"begin": 296, "end": 432}, "obj": "BACKGROUND", "id": "T3"}, {"span": {"begin": 433, "end": 646}, "obj": "BACKGROUND", "id": "T4"}, {"span": {"begin": 647, "end": 979}, "obj": "RESULTS", "id": "T5"}, {"span": {"begin": 980, "end": 1114}, "obj": "CONCLUSIONS", "id": "T6"}, {"span": {"begin": 1115, "end": 1324}, "obj": "CONCLUSIONS", "id": "T7"}, {"span": {"begin": 1325, "end": 1476}, "obj": "CONCLUSIONS", "id": "T8"}, {"span": {"begin": 1477, "end": 1566}, "obj": "CONCLUSIONS", "id": "T9"}, {"span": {"begin": 1567, "end": 1662}, "obj": "CONCLUSIONS", "id": "T10"}, {"span": {"begin": 1663, "end": 1911}, "obj": "CONCLUSIONS", "id": "T11"}]}