{"text": "Mismatch repair gene expression and genetic instability in testicular germ cell tumor.\nHuman mismatch repair (MMR) genes encode highly conserved interacting proteins that correct replication errors predisposing to hereditary gastrointestinal and genitourinary malignancies. A subset of sporadic genitourinary tumors also exhibits MMR deficiency and can be identified by measuring the frequency of microsatellite instability (MSI) in cancer cell DNA. We investigated expression of the two most commonly mutated MMR genes, MSH2 and MLH1, in sporadic testicular germ cell tumor (GCT) in order to: (1) determine the expression pattern of MSH2 and MLH1 proteins in normal seminiferous tubules and histologically distinct GCT subtypes, (2) correlate MMR gene expression with genetic instability in GCT and (3) develop a panel of molecular markers that can identify genetically distinct subsets of GCT for prognostic assessment. MSH2 and MLH1 had differential staining patterns in normal seminiferous tubules and malignant tissues. MSH2 was expressed in all stages of spermatogenesis up to but excluding mature sperm whereas MLH1 was predominantly expressed in premeiotic germ cells. All histological GCT subtypes showed differential immunostaining for MSH2 and MLH1 however pure seminoma had statistically significant fewer low MSH2 staining tumors than other subtypes (p = 0.046). Twenty-five percent of GCT exhibited increased frequency of MSI (MSI+ tumors) with 73, 70 and 43% of MSI+ tumors exhibiting low MSH2, low MLH1 or low MSH2 and low MLH1 staining respectively. Fifteen percent of testicular GCT exhibited loss of heterozygosity (LOH) but no MSI (LOH only tumors). Only 28, 17 or 6% of LOH only tumors exhibited low MSH2, low MLH1 or low MSH2 and low MLH1 staining respectively.\n", "denotations": [{"span": {"begin": 0, "end": 86}, "obj": "OBJECTIVE", "id": "T1"}, {"span": {"begin": 87, "end": 108}, "obj": "OBJECTIVE", "id": "T2"}, {"span": {"begin": 109, "end": 273}, "obj": "OBJECTIVE", "id": "T3"}, {"span": {"begin": 274, "end": 449}, "obj": "OBJECTIVE", "id": "T4"}, {"span": {"begin": 450, "end": 921}, "obj": "OBJECTIVE", "id": "T5"}, {"span": {"begin": 922, "end": 1024}, "obj": "RESULTS", "id": "T6"}, {"span": {"begin": 1025, "end": 1176}, "obj": "RESULTS", "id": "T7"}, {"span": {"begin": 1177, "end": 1375}, "obj": "RESULTS", "id": "T8"}, {"span": {"begin": 1376, "end": 1566}, "obj": "RESULTS", "id": "T9"}, {"span": {"begin": 1567, "end": 1669}, "obj": "RESULTS", "id": "T10"}, {"span": {"begin": 1670, "end": 1783}, "obj": "RESULTS", "id": "T11"}]}