{"text": "BACE overexpression alters the subcellular processing of APP and inhibits Abeta deposition in vivo.\nIntroducing mutations within the amyloid precursor protein (APP) that affect beta- and gamma-secretase cleavages results in amyloid plaque formation in vivo. However, the relationship between beta-amyloid deposition and the subcellular site of Abeta production is unknown. To determine the effect of increasing beta-secretase (BACE) activity on Abeta deposition, we generated transgenic mice overexpressing human BACE. Although modest overexpression enhanced amyloid deposition, high BACE overexpression inhibited amyloid formation despite increased beta-cleavage of APP. However, high BACE expression shifted the subcellular location of APP cleavage to the neuronal perikarya early in the secretory pathway. These results suggest that the production, clearance, and aggregation of Abeta peptides are highly dependent on the specific neuronal subcellular domain wherein Abeta is generated and highlight the importance of perikaryal versus axonal APP proteolysis in the development of Abeta amyloid pathology in Alzheimer's disease.\n", "denotations": [{"span": {"begin": 0, "end": 99}, "obj": "BACKGROUND", "id": "T1"}, {"span": {"begin": 100, "end": 257}, "obj": "BACKGROUND", "id": "T2"}, {"span": {"begin": 258, "end": 372}, "obj": "BACKGROUND", "id": "T3"}, {"span": {"begin": 373, "end": 518}, "obj": "METHODS", "id": "T4"}, {"span": {"begin": 519, "end": 671}, "obj": "RESULTS", "id": "T5"}, {"span": {"begin": 672, "end": 808}, "obj": "RESULTS", "id": "T6"}, {"span": {"begin": 809, "end": 1131}, "obj": "CONCLUSIONS", "id": "T7"}]}