{"text": "beta-Secretase, APP and Abeta in Alzheimer's disease.\nAmyloid plaques, hallmark neuropathological lesions in Alzheimer's disease (AD) brain, are composed of the beta-amyloid peptide (Abeta). A large body of evidence suggests Abeta is central to the pathophysiology of AD and is likely to start this intractable neurodegenerative disorder. Mutations in three genes (amyloid precursor protein/APP, presenilin1, presenilin2) cause early on-set familial AD by increasing synthesis of the toxic 42 amino acid species of Abeta (Abeta42). Fibrillar Abeta in amyloid plaques appears to cause neurodegeneration, although recent studies suggest soluble Abeta oligomers may also be neurotoxic. Regardless, given the strong correlation between Abeta and AD, therapeutic strategies to lower cerebral Abeta levels should prove beneficial for the treatment of AD. Abeta is derived from APP via cleavage by two proteases, beta- and gamma-secretase. beta-secretase, recently identified as the novel aspartic protease BACEI, initiates the formation of Abeta. Consequently, BACE1 in principle is an excellent therapeutic target for strategies to reduce the production of Abeta in AD. However, the discovery of the homologue BACE2 raised the question of whether it too may be a beta-secretase. To settle this issue, our group and others have used gene targeting to generate BACE1 deficient (knockout) mice. These BACEI knockout mice have been instrumental in validating BACEI as the authentic beta-secretase in vivo. Here, I review the roles of BACE1, APP, and Abeta in AD and discuss the implications of therapeutic approaches that target BACE1 for the treatment of AD.\n", "denotations": [{"span": {"begin": 0, "end": 53}, "obj": "BACKGROUND", "id": "T1"}, {"span": {"begin": 54, "end": 190}, "obj": "BACKGROUND", "id": "T2"}, {"span": {"begin": 191, "end": 338}, "obj": "BACKGROUND", "id": "T3"}, {"span": {"begin": 339, "end": 531}, "obj": "BACKGROUND", "id": "T4"}, {"span": {"begin": 532, "end": 682}, "obj": "BACKGROUND", "id": "T5"}, {"span": {"begin": 683, "end": 848}, "obj": "BACKGROUND", "id": "T6"}, {"span": {"begin": 849, "end": 932}, "obj": "BACKGROUND", "id": "T7"}, {"span": {"begin": 933, "end": 1040}, "obj": "BACKGROUND", "id": "T8"}, {"span": {"begin": 1041, "end": 1164}, "obj": "BACKGROUND", "id": "T9"}, {"span": {"begin": 1165, "end": 1273}, "obj": "BACKGROUND", "id": "T10"}, {"span": {"begin": 1274, "end": 1386}, "obj": "BACKGROUND", "id": "T11"}, {"span": {"begin": 1387, "end": 1496}, "obj": "BACKGROUND", "id": "T12"}, {"span": {"begin": 1497, "end": 1650}, "obj": "BACKGROUND", "id": "T13"}]}