{"text": "Quantitative measurement of changes in amyloid-beta(40) in the rat brain and cerebrospinal fluid following treatment with the gamma-secretase inhibitor LY-411575 (N2-((2S)-2-(3,5-difluorophenyl)-2-hydroxyethanoyl)-N1-((7S)-5-methyl-6-oxo-6,7-dihydro-5H-dibenzo(b,d)azepin-7-yl)-L-alaninamide).\nThe efficacy of gamma-secretase inhibitors in vivo has, to date, been generally assessed in transgenic mouse models expressing increased levels of amyloid-beta (Abeta) peptide thereby allowing the detection of changes in Abeta production. However, it is not clear whether the in vivo potency of gamma-secretase inhibitors is independent of the level of amyloid precursor protein expression. In other words, does a gamma-secretase inhibitor have the same effect in nontransgenic physiological animals versus transgenic overexpressing animals? In the present study, an immunoassay has been developed which can detect Abeta(40) in the rat brain, where concentrations are much lower than those seen in transgenic mice such as Tg2576 (c. 0.7 and 25 nM, respectively) and in cerebrospinal fluid (CSF, c. 0.3 nM). Using this immunoassay, the effects of the gamma-secretase inhibitor LY-411575 (N(2)-((2S)-2-(3,5-difluorophenyl)-2-hydroxyethanoyl)-N(1)-((7S)-5-methyl-6-oxo-6,7-dihydro-5H-dibenzo(b,d)azepin-7-yl)-L-alaninamide) were assessed and robust dose-dependent reductions in rat brain and CSF Abeta(40) levels were observed with ID(50) values of 1.3 mg/kg for both brain and CSF. These values were comparable with those calculated for LY-411575 in transgenic mice. Time course experiments using LY-411575 demonstrated comparable temporal reductions in rat brain and CSF Abeta(40), further suggesting these two pools of Abeta are related. Accordingly, when all the data for the dose-response curve and time course were correlated, a strong association was observed between the brain and CSF Abeta(40) levels. These data demonstrate the utility of the rat as a novel approach for assessing the effects of gamma-secretase inhibitors on central nervous system Abeta(40) levels in vivo.\n", "denotations": [{"span": {"begin": 0, "end": 293}, "obj": "BACKGROUND", "id": "T1"}, {"span": {"begin": 294, "end": 532}, "obj": "BACKGROUND", "id": "T2"}, {"span": {"begin": 533, "end": 684}, "obj": "BACKGROUND", "id": "T3"}, {"span": {"begin": 685, "end": 835}, "obj": "BACKGROUND", "id": "T4"}, {"span": {"begin": 836, "end": 1100}, "obj": "BACKGROUND", "id": "T5"}, {"span": {"begin": 1101, "end": 1473}, "obj": "RESULTS", "id": "T6"}, {"span": {"begin": 1474, "end": 1558}, "obj": "RESULTS", "id": "T7"}, {"span": {"begin": 1559, "end": 1731}, "obj": "RESULTS", "id": "T8"}, {"span": {"begin": 1732, "end": 1901}, "obj": "RESULTS", "id": "T9"}, {"span": {"begin": 1902, "end": 2075}, "obj": "CONCLUSIONS", "id": "T10"}]}