{"text": "Endothelin-1 overexpression leads to further water accumulation and brain edema after middle cerebral artery occlusion via aquaporin 4 expression in astrocytic end-feet.\nStroke patients have increased levels of endothelin-1 (ET-1), a strong vasoconstrictor, in their plasma or cerebrospinal fluid. Previously, we showed high level of ET-1 mRNA expression in astrocytes after hypoxia/ischemia. It is unclear whether the contribution of ET-1 induction in astrocytes is protective or destructive in cerebral ischemia. Here, we generated a transgenic mouse model that overexpress ET-1 in astrocytes (GET-1) using the glial fibrillary acidic protein promoter to examine the role of astrocytic ET-1 in ischemic stroke by challenging these mice with transient middle cerebral artery occlusion (MCAO). Under normal condition, GET-1 mice showed no abnormality in brain morphology, cerebrovasculature, absolute cerebral blood flow, blood-brain barrier (BBB) integrity, and mean arterial blood pressure. Yet, GET-1 mice subjected to transient MCAO showed more severe neurologic deficits and increased infarct, which were partially normalized by administration of ABT-627 (ET(A) antagonist) 5 mins after MCAO. In addition, GET-1 brains exhibited more Evans blue extravasation and showed decreased endothelial occludin expression after MCAO, correlating with higher brain water content and increased cerebral edema. Aquaporin 4 expression was also more pronounced in astrocytic end-feet on blood vessels in GET-1 ipsilateral brains. Our current data suggest that astrocytic ET-1 has deleterious effects on water homeostasis, cerebral edema and BBB integrity, which contribute to more severe ischemic brain injury.\n", "denotations": [{"span": {"begin": 0, "end": 169}, "obj": "BACKGROUND", "id": "T1"}, {"span": {"begin": 170, "end": 297}, "obj": "BACKGROUND", "id": "T2"}, {"span": {"begin": 298, "end": 392}, "obj": "BACKGROUND", "id": "T3"}, {"span": {"begin": 393, "end": 514}, "obj": "BACKGROUND", "id": "T4"}, {"span": {"begin": 515, "end": 793}, "obj": "BACKGROUND", "id": "T5"}, {"span": {"begin": 794, "end": 992}, "obj": "RESULTS", "id": "T6"}, {"span": {"begin": 993, "end": 1197}, "obj": "RESULTS", "id": "T7"}, {"span": {"begin": 1198, "end": 1402}, "obj": "RESULTS", "id": "T8"}, {"span": {"begin": 1403, "end": 1519}, "obj": "RESULTS", "id": "T9"}, {"span": {"begin": 1520, "end": 1700}, "obj": "CONCLUSIONS", "id": "T10"}]}