{"text": "CD147 is a regulatory subunit of the gamma-secretase complex in Alzheimer's disease amyloid beta-peptide production.\ngamma-Secretase is a membrane protein complex that cleaves the beta-amyloid precursor protein (APP) within the transmembrane region, after prior processing by beta-secretase, producing amyloid beta-peptides Abeta(40) and Abeta(42). Errant production of Abeta-peptides that substantially increases Abeta(42) production has been associated with the formation of amyloid plaques in Alzheimer's disease patients. Biophysical and genetic studies indicate that presenilin-1, which contains the proteolytic active site, and three other membrane proteins (nicastrin, anterior pharynx defective-1 (APH-1), and presenilin enhancer-2 (PEN-2)) are required to form the core of the active gamma-secretase complex. Here, we report the purification of the native gamma-secretase complexes from HeLa cell membranes and the identification of an additional gamma-secretase complex subunit, CD147, a transmembrane glycoprotein with two Ig-like domains. The presence of this subunit as an integral part of the complex itself was confirmed through coimmunoprecipitation studies of the purified protein from HeLa cells and of solubilized complexes from other cell lines such as neural cell HCN-1A and HEK293. Depletion of CD147 by RNA interference was found to increase the production of Abeta peptides without changing the expression level of the other gamma-secretase components or APP substrates whereas CD147 overexpression had no statistically significant effect on Abeta-peptide production, other gamma-secretase components or APP substrates, indicating that the presence of the CD147 subunit within the gamma-secretase complex down-modulates the production of Abeta-peptides.\n", "denotations": [{"span": {"begin": 0, "end": 116}, "obj": "BACKGROUND", "id": "T1"}, {"span": {"begin": 117, "end": 348}, "obj": "BACKGROUND", "id": "T2"}, {"span": {"begin": 349, "end": 525}, "obj": "BACKGROUND", "id": "T3"}, {"span": {"begin": 526, "end": 675}, "obj": "BACKGROUND", "id": "T4"}, {"span": {"begin": 676, "end": 817}, "obj": "BACKGROUND", "id": "T5"}, {"span": {"begin": 818, "end": 1050}, "obj": "BACKGROUND", "id": "T6"}, {"span": {"begin": 1051, "end": 1303}, "obj": "METHODS", "id": "T7"}, {"span": {"begin": 1304, "end": 1777}, "obj": "RESULTS", "id": "T8"}]}