{"text": "Memantine inhibits ethanol-induced NMDA receptor up-regulation in rat hippocampal neurons.\nThe present study examined the effect of memantine, an uncompetitive NMDA receptor antagonist, on ethanol-induced NMDA receptor up-regulation. Primary glutamatergic rat hippocampal neurons were exposed to ethanol and memantine for 5 days. The ethanol-sensitive NMDA receptor subunits NR1, NR2A and NR2B were quantified by Western immunoblot analysis. Exposure to ethanol (50 mM) caused an increase in the levels of NR1 (137 +/- 11% of untreated control, P = 0.009), NR2A (128 +/- 14%, P = 0.022) and NR2B (136 +/- 19%, P = 0.012). Coincubation with memantine (10 microM) completely blocked the ethanol-induced up-regulation of NR1 (102 +/- 4%), NR2A (95 +/- 7%) and NR2B (105 +/- 13%). No effect of memantine on NR subunit expression was observable, except for NR2A, where a decrease (79 +/- 6%, P = 0.034) was noted. Neither ethanol nor memantine alone or in combination were toxic in the concentrations tested. These results may provide a molecular explanation for beneficial effects of memantine on ethanol-induced glutamatergic hyperexcitability reflected in the ethanol withdrawal syndrome and on the development of ethanol dependence.\n", "denotations": [{"span": {"begin": 0, "end": 90}, "obj": "OBJECTIVE", "id": "T1"}, {"span": {"begin": 91, "end": 233}, "obj": "OBJECTIVE", "id": "T2"}, {"span": {"begin": 234, "end": 329}, "obj": "METHODS", "id": "T3"}, {"span": {"begin": 330, "end": 441}, "obj": "METHODS", "id": "T4"}, {"span": {"begin": 442, "end": 518}, "obj": "RESULTS", "id": "T5"}, {"span": {"begin": 519, "end": 570}, "obj": "RESULTS", "id": "T6"}, {"span": {"begin": 571, "end": 604}, "obj": "RESULTS", "id": "T7"}, {"span": {"begin": 605, "end": 621}, "obj": "RESULTS", "id": "T8"}, {"span": {"begin": 622, "end": 730}, "obj": "RESULTS", "id": "T9"}, {"span": {"begin": 731, "end": 748}, "obj": "RESULTS", "id": "T10"}, {"span": {"begin": 749, "end": 766}, "obj": "RESULTS", "id": "T11"}, {"span": {"begin": 767, "end": 770}, "obj": "RESULTS", "id": "T12"}, {"span": {"begin": 771, "end": 776}, "obj": "RESULTS", "id": "T13"}, {"span": {"begin": 777, "end": 882}, "obj": "RESULTS", "id": "T14"}, {"span": {"begin": 883, "end": 908}, "obj": "RESULTS", "id": "T15"}, {"span": {"begin": 909, "end": 1003}, "obj": "RESULTS", "id": "T16"}, {"span": {"begin": 1004, "end": 1231}, "obj": "CONCLUSIONS", "id": "T17"}]}