{"text": "Expression of matrix metalloproteinase-9 associated with ets-1 proto-oncogene in rat tubulointerstitial cells.\nEts-1 proto-oncogene exhibits multiple activities in the transcriptional regulation of numerous genes including metalloproteinase (MMP)-1, -3 and -9. MMPs play an important role in the remodelling of extracellular matrix in various renal diseases. However, the role of the Ets-1-MMP axis in advanced renal diseases is uncertain. In the present study, we investigated whether Ets-1 is involved in interleukin (IL)-1-mediated expression of MMPs in tubulointerstitial cells. Rat renal fibroblasts (NRK-49F) and tubular epithelial cells (NRK-52E) were cultured and allocated to an IL-1beta-treated group (10 ng/ml), a platelet-derived growth factor (PDGF)-BB-treated group (25 ng/ml) and a control group. Protein and mRNA were extracted after 1, 6, 12 and 24 h of treatment. Parallel flasks were treated with 2 muM ets-1 antisense oligodeoxynucleotides (ODNs) before exposure to IL-1beta. The expression of Ets-1 protein was evaluated by western blotting. The activities of MMPs were evaluated by gelatin zymography. The expression of ets-1 and/or MMP-9 mRNA was evaluated semiquantitatively by real-time reverse transcription-polymerase chain reaction (RT-PCR). In NRK-49F cells, Ets-1 protein increased significantly by 6.8-fold at 6 h, and MMP-9 activity increased significantly by 9.9-fold at 12 h in the IL-1beta-treated group compared with controls. MMP-2 and -3 activities also increased significantly in the IL-1beta-treated group. In NRK-52E cells, Ets-1 protein was 3.1 times higher at 1 h, and the latent form of MMP-9 activity increased 3.4-fold at 6 h in the IL-1beta group compared with controls. However, MMP-2 or MMP-3 activities were not markedly altered by IL-1beta treatment compared with controls. When the cells were treated with ets-1 antisense ODNs before IL-1beta treatment, Ets-1 protein expression decreased at least 50%, and MMP-9 activity was clearly inhibited in both cells. We also confirmed that MMP-9 activity was upregulated on days 21 and 28 in renal cortex of rat crescentic glomerulonephritis. The Ets-1 transcriptional factor may participate in IL-1beta-mediated MMP-9 expression in tubulointerstitial cells.\n", "denotations": [{"span": {"begin": 0, "end": 110}, "obj": "BACKGROUND", "id": "T1"}, {"span": {"begin": 111, "end": 116}, "obj": "BACKGROUND", "id": "T2"}, {"span": {"begin": 117, "end": 260}, "obj": "BACKGROUND", "id": "T3"}, {"span": {"begin": 261, "end": 358}, "obj": "BACKGROUND", "id": "T4"}, {"span": {"begin": 359, "end": 439}, "obj": "BACKGROUND", "id": "T5"}, {"span": {"begin": 440, "end": 582}, "obj": "BACKGROUND", "id": "T6"}, {"span": {"begin": 583, "end": 653}, "obj": "METHODS", "id": "T7"}, {"span": {"begin": 654, "end": 811}, "obj": "METHODS", "id": "T8"}, {"span": {"begin": 812, "end": 881}, "obj": "METHODS", "id": "T9"}, {"span": {"begin": 882, "end": 995}, "obj": "METHODS", "id": "T10"}, {"span": {"begin": 996, "end": 1062}, "obj": "METHODS", "id": "T11"}, {"span": {"begin": 1063, "end": 1123}, "obj": "METHODS", "id": "T12"}, {"span": {"begin": 1124, "end": 1154}, "obj": "METHODS", "id": "T13"}, {"span": {"begin": 1155, "end": 1269}, "obj": "METHODS", "id": "T14"}, {"span": {"begin": 1270, "end": 1462}, "obj": "RESULTS", "id": "T15"}, {"span": {"begin": 1463, "end": 1546}, "obj": "RESULTS", "id": "T16"}, {"span": {"begin": 1547, "end": 1717}, "obj": "RESULTS", "id": "T17"}, {"span": {"begin": 1718, "end": 1824}, "obj": "RESULTS", "id": "T18"}, {"span": {"begin": 1825, "end": 2010}, "obj": "RESULTS", "id": "T19"}, {"span": {"begin": 2011, "end": 2136}, "obj": "RESULTS", "id": "T20"}, {"span": {"begin": 2137, "end": 2252}, "obj": "CONCLUSIONS", "id": "T21"}]}