{"text": "The role of cell-derived oligomers of Abeta in Alzheimer's disease and avenues for therapeutic intervention.\nBurgeoning evidence suggests that soluble oligomers of Abeta (amyloid beta-protein) are the earliest effectors of synaptic compromise in Alzheimer's disease. Whereas most other investigators have employed synthetic Abeta peptides, we have taken advantage of a beta-amyloid precursor protein-overexpressing cell line (referred to as 7PA2) that secretes sub-nanomolar levels of low-n oligomers of Abeta. These are composed of heterogeneous Abeta peptides that migrate on SDS/PAGE as dimers, trimers and tetramers. When injected into the lateral ventricle of rats in vivo, these soluble oligomers inhibit hippocampal long-term potentiation and alter the memory of a complex learned behaviour. Biochemical manipulation of 7PA2 medium including immunodepletion with Abeta-specific antibodies and fractionation by size-exclusion chromatography allowed us to unambiguously attribute these effects to low-n oligomers. Using this paradigm we have tested compounds directed at three prominent amyloid-based therapeutic targets: inhibition of the secretases responsible for Abeta production, inhibition of Abeta aggregation and immunization against Abeta. In each case, compounds capable of reducing oligomer production or antibodies that avidly bind Abeta oligomers also ameliorate the synaptotoxic effects of these natural, cell-derived oligomers.\n", "denotations": [{"span": {"begin": 0, "end": 108}, "obj": "BACKGROUND", "id": "T1"}, {"span": {"begin": 109, "end": 266}, "obj": "BACKGROUND", "id": "T2"}, {"span": {"begin": 267, "end": 510}, "obj": "BACKGROUND", "id": "T3"}, {"span": {"begin": 511, "end": 620}, "obj": "RESULTS", "id": "T4"}, {"span": {"begin": 621, "end": 798}, "obj": "CONCLUSIONS", "id": "T5"}, {"span": {"begin": 799, "end": 1018}, "obj": "CONCLUSIONS", "id": "T6"}, {"span": {"begin": 1019, "end": 1253}, "obj": "CONCLUSIONS", "id": "T7"}, {"span": {"begin": 1254, "end": 1447}, "obj": "CONCLUSIONS", "id": "T8"}]}