{"text": "Localization of MMR proteins on meiotic chromosomes in mice indicates distinct functions during prophase I.\nMammalian MutL homologues function in DNA mismatch repair (MMR) after replication errors and in meiotic recombination. Both functions are initiated by a heterodimer of MutS homologues specific to either MMR (MSH2-MSH3 or MSH2-MSH6) or crossing over (MSH4-MSH5). Mutations of three of the four MutL homologues (Mlh1, Mlh3, and Pms2) result in meiotic defects. We show herein that two distinct complexes involving MLH3 are formed during murine meiosis. The first is a stable association between MLH3 and MLH1 and is involved in promoting crossing over in conjunction with MSH4-MSH5. The second complex involves MLH3 together with MSH2-MSH3 and localizes to repetitive sequences at centromeres and the Y chromosome. This complex is up-regulated in Pms2-/- males, but not females, providing an explanation for the sexual dimorphism seen in Pms2-/- mice. The association of MLH3 with repetitive DNA sequences is coincident with MSH2-MSH3 and is decreased in Msh2-/- and Msh3-/- mice, suggesting a novel role for the MMR family in the maintenance of repeat unit integrity during mammalian meiosis.\n", "denotations": [{"span": {"begin": 0, "end": 226}, "obj": "BACKGROUND", "id": "T1"}, {"span": {"begin": 227, "end": 369}, "obj": "METHODS", "id": "T2"}, {"span": {"begin": 370, "end": 466}, "obj": "CONCLUSIONS", "id": "T3"}, {"span": {"begin": 467, "end": 558}, "obj": "CONCLUSIONS", "id": "T4"}, {"span": {"begin": 559, "end": 688}, "obj": "CONCLUSIONS", "id": "T5"}, {"span": {"begin": 689, "end": 820}, "obj": "CONCLUSIONS", "id": "T6"}, {"span": {"begin": 821, "end": 957}, "obj": "CONCLUSIONS", "id": "T7"}, {"span": {"begin": 958, "end": 1199}, "obj": "CONCLUSIONS", "id": "T8"}]}