{"text": "Preferential expression of matrix metalloproteinase-9 in mouse skin after sulfur mustard exposure.\nMatrix metalloproteinases (MMPs), a class of enzymes responsible for the degradation of extracellular matrix proteins, play important roles in inflammatory and immune responses. In skin, MMP-2 (gelatinase A) and MMP-9 (gelatinase B) are normally inactive but can be expressed during tissue injury. Both degrade collagen IV and other critical components of the basement membrane zone that separates the epidermis from the dermis. The expression of MMP-2 and -9 was studied in sulfur mustard (SM)-exposed ear skin from mice to determine their role in tissue vesicant injury. Punch biopsies of mouse ears were collected between 6 and 168 h after exposure to 97.5 mM (0.08 mg) SM diluted in CH(2)Cl(2). They were examined histologically and assayed for MMP-2 and -9 expression by gelatinase activity assays, real-time reverse transcriptase-polymerase chain reaction and Western blot analysis. A time-related increase in overall gelatinase activity was observed in SM-treated ears. At 168 h after SM exposure, the relative levels of MMP-9 mRNA were increased 27-fold and MMP-9 protein 9-fold when compared with the control (CH(2)Cl(2) treated) ears. In contrast, there were no observable increases in the MMP-2 mRNA or protein levels between treated and control ears. These observations suggest the differential expression of MMP-2 and -9 during the cutaneous response to SM injury and suggest a role for MMP-9 in SM-induced injury.\n", "denotations": [{"span": {"begin": 0, "end": 98}, "obj": "BACKGROUND", "id": "T1"}, {"span": {"begin": 99, "end": 276}, "obj": "BACKGROUND", "id": "T2"}, {"span": {"begin": 277, "end": 285}, "obj": "BACKGROUND", "id": "T3"}, {"span": {"begin": 286, "end": 306}, "obj": "BACKGROUND", "id": "T4"}, {"span": {"begin": 307, "end": 396}, "obj": "BACKGROUND", "id": "T5"}, {"span": {"begin": 397, "end": 527}, "obj": "BACKGROUND", "id": "T6"}, {"span": {"begin": 528, "end": 545}, "obj": "METHODS", "id": "T7"}, {"span": {"begin": 546, "end": 671}, "obj": "METHODS", "id": "T8"}, {"span": {"begin": 672, "end": 797}, "obj": "METHODS", "id": "T9"}, {"span": {"begin": 798, "end": 847}, "obj": "METHODS", "id": "T10"}, {"span": {"begin": 848, "end": 987}, "obj": "METHODS", "id": "T11"}, {"span": {"begin": 988, "end": 1075}, "obj": "RESULTS", "id": "T12"}, {"span": {"begin": 1076, "end": 1243}, "obj": "RESULTS", "id": "T13"}, {"span": {"begin": 1244, "end": 1361}, "obj": "RESULTS", "id": "T14"}, {"span": {"begin": 1362, "end": 1419}, "obj": "CONCLUSIONS", "id": "T15"}, {"span": {"begin": 1420, "end": 1526}, "obj": "CONCLUSIONS", "id": "T16"}]}