{"text": "Low doses of memantine disrupt memory in adult rats.\nMemantine, a drug recently approved for treatment of Alzheimer's disease, has been characterized as a unique NMDA antagonist that confers protection against excitotoxic neurodegeneration without the serious side effects that other NMDA antagonists are known to cause. In the present study, we determined what dose of memantine is required to protect the adult rat brain against an NMDA receptor-mediated excitotoxic process and then tested that dose and a range of lower doses to determine whether the drug in this dose range is associated with significant side effects. Consistent with previous research, we found that memantine confers a neuroprotective effect beginning at an intraperitoneal dose of 20 mg/kg, a dose that we found, contrary to previous reports, produces locomotor disturbances severe enough to preclude testing for learning and memory effects. We then determined that, at intraperitoneal doses of 10 and 5 mg/kg, memantine disrupts both memory and locomotor behaviors. Rats treated with these doses performed at control-like levels in learning a hole-board task but were significantly impaired in demonstrating what they had learned when tested 24 h later. This impairment of memory retention was not state dependent in that it was demonstrable regardless of whether the rats were or were not exposed to memantine on the day of retention testing. We conclude that, in the adult rat, memantine behaves like other NMDA antagonists in that it is neuroprotective only at doses that produce intolerable side effects, including memory impairment.\n", "denotations": [{"span": {"begin": 0, "end": 52}, "obj": "BACKGROUND", "id": "T1"}, {"span": {"begin": 53, "end": 320}, "obj": "BACKGROUND", "id": "T2"}, {"span": {"begin": 321, "end": 623}, "obj": "BACKGROUND", "id": "T3"}, {"span": {"begin": 624, "end": 916}, "obj": "BACKGROUND", "id": "T4"}, {"span": {"begin": 917, "end": 1041}, "obj": "BACKGROUND", "id": "T5"}, {"span": {"begin": 1042, "end": 1229}, "obj": "RESULTS", "id": "T6"}, {"span": {"begin": 1230, "end": 1419}, "obj": "RESULTS", "id": "T7"}, {"span": {"begin": 1420, "end": 1613}, "obj": "CONCLUSIONS", "id": "T8"}]}