{"text": "Matrix metalloproteinase-9 is associated with blood-brain barrier opening and brain edema formation after cortical contusion in rats.\nMatrix metalloproteinases (MMPs) are associated with blood-brain opening and may be involved in the pathophysiology of acute brain injury. Previous research demonstrated that knockout mice deficient in MMP-9 subjected to transient focal cerebral ischemia had reduced blood-brain barrier (BBB) disruption and attenuated cerebral infarction. In this study, we examined MMP-9 up-regulation, BBB disruption, and brain edema formation after cortical impact injury in rats. Cortical contusion was induced by controlled cortical impact. Animals were sacrificed at intervals after injury. MMP up-regulation was assessed by gelatin zymography, and BBB integrity was evaluated using Evans blue dye with a spectrophotometric assay. Brain water content was measured by comparing wet and dry weights of each hemisphere as an indicator of brain edema. Zymograms showed elevated MMP-9 as early as at 3 hours after injury, reaching a maximum at 18 hours. Peak levels of BBB disruption occurred 6 hours after injury. Brain edema became progressively more severe, peaking 24 hours after injury. Compared to control group, treatment with MMP-inhibitor GM6001 significantly reduced BBB disruption 6 hours and brain water content (85.9 +/- 0.5% vs. 82.6 +/- 0.3%; p  less than  0.05) 24 hours after injury. These findings suggest that MMP-9 may contribute to BBB disturbance and subsequent brain edema after traumatic brain injury.\n", "denotations": [{"span": {"begin": 0, "end": 133}, "obj": "BACKGROUND", "id": "T1"}, {"span": {"begin": 134, "end": 272}, "obj": "BACKGROUND", "id": "T2"}, {"span": {"begin": 273, "end": 473}, "obj": "BACKGROUND", "id": "T3"}, {"span": {"begin": 474, "end": 601}, "obj": "BACKGROUND", "id": "T4"}, {"span": {"begin": 602, "end": 663}, "obj": "METHODS", "id": "T5"}, {"span": {"begin": 664, "end": 714}, "obj": "METHODS", "id": "T6"}, {"span": {"begin": 715, "end": 854}, "obj": "METHODS", "id": "T7"}, {"span": {"begin": 855, "end": 971}, "obj": "METHODS", "id": "T8"}, {"span": {"begin": 972, "end": 1072}, "obj": "RESULTS", "id": "T9"}, {"span": {"begin": 1073, "end": 1133}, "obj": "RESULTS", "id": "T10"}, {"span": {"begin": 1134, "end": 1210}, "obj": "RESULTS", "id": "T11"}, {"span": {"begin": 1211, "end": 1352}, "obj": "RESULTS", "id": "T12"}, {"span": {"begin": 1353, "end": 1370}, "obj": "RESULTS", "id": "T13"}, {"span": {"begin": 1371, "end": 1419}, "obj": "RESULTS", "id": "T14"}, {"span": {"begin": 1420, "end": 1544}, "obj": "CONCLUSIONS", "id": "T15"}]}