{"text": "Human beta-secretase (BACE) and BACE inhibitors: progress report.\nA key step in the processing of the integral membrane protein APP, or Amyloid Precursor Protein is through the proteolytic cleavage by the enzyme beta-Secretase (BACE). The proteolysis of APP by BACE, followed by subsequent C-terminal cleavage(s) by gamma-secretase, results in the formation of the amyloid beta (Abeta) peptide. The principal component of the neuritic plaque found in the brains of Alzheimer's Disease (AD) patients is Abeta which is a neurotoxic and highly aggregatory peptide segment of APP. The amyloid hypothesis holds that the neuronal dysfunction and clinical manifestation of AD is a consequence of the long term deposition and accumulation of 40-42 amino-acid long Abeta peptides, and that this process leads to the onset and progression of AD. Due to the apparent causal relationship between Abeta and AD, the so-called 'secretases' that produce Abeta have been targeted for development of inhibitors that might serve as therapeutic agents for treatment of this dreaded, and ever more prevalent disease. Herein will be discussed our current understanding of BACE, its role in the formation of neuritic plaques and the known inhibitors of the enzyme.\n", "denotations": [{"span": {"begin": 0, "end": 65}, "obj": "BACKGROUND", "id": "T1"}, {"span": {"begin": 66, "end": 135}, "obj": "BACKGROUND", "id": "T2"}, {"span": {"begin": 136, "end": 234}, "obj": "BACKGROUND", "id": "T3"}, {"span": {"begin": 235, "end": 394}, "obj": "BACKGROUND", "id": "T4"}, {"span": {"begin": 395, "end": 484}, "obj": "RESULTS", "id": "T5"}, {"span": {"begin": 485, "end": 576}, "obj": "CONCLUSIONS", "id": "T6"}, {"span": {"begin": 577, "end": 835}, "obj": "CONCLUSIONS", "id": "T7"}, {"span": {"begin": 836, "end": 1095}, "obj": "CONCLUSIONS", "id": "T8"}, {"span": {"begin": 1096, "end": 1241}, "obj": "CONCLUSIONS", "id": "T9"}]}