{"text": "Neuroprotective properties of memantine in different in vitro and in vivo models of excitotoxicity.\nThe pathogenesis of stroke, trauma and chronic degenerative diseases, such as Alzheimer's disease (AD), has been linked to excitotoxic processes due to inappropriate stimulation of the N-methyl-D-aspartate receptor (NMDA-R). Attempts to use potent competitive NMDA-R antagonists as neuroprotectants have shown serious side-effects in patients. As an alternative approach, we were interested in the anti-excitotoxic properties of memantine, a well-tolerated low affinity uncompetitive NMDA-R antagonist presently used as an anti-dementia agent. We explored in a series of models of increasing complexity, whether this voltage-dependent channel blocker had neuroprotective properties at clinically relevant concentrations. As expected, memantine protected neurons in organotypic hippocampal slices or dissociated cultures from direct NMDA-induced excitotoxicity. However, low concentrations of memantine were also effective in neuronal (cortical neurons and cerebellar granule cells) stress models dependent on endogenous glutamate stimulation and mitochondrial stress, i.e. exposure to hypoxia, the mitochondrial toxin 1-methyl-4-phenylpyridinium (MPP+) or a nitric oxide (NO) donor. Furthermore, memantine reduced lethality and brain damage in vivo in a model of neonatal hypoxia-ischemia (HI). Finally, we investigated functional rescue (neuronal capacity to migrate along radial glia) by memantine in cerebellar microexplant cultures exposed to the indirect excitotoxin 3-nitropropionic acid (3-NP). Potent NMDA-R antagonists, such as (+)MK-801, are known to block neuronal migration in microexplant cultures. Interestingly, memantine significantly restored the number of neurons able to migrate out of the stressed microexplants. These findings suggest that inhibition of the NMDA-R by memantine is sufficient to block excitotoxicity, while still allowing some degree of signalling.\n", "denotations": [{"span": {"begin": 0, "end": 99}, "obj": "BACKGROUND", "id": "T1"}, {"span": {"begin": 100, "end": 324}, "obj": "BACKGROUND", "id": "T2"}, {"span": {"begin": 325, "end": 443}, "obj": "BACKGROUND", "id": "T3"}, {"span": {"begin": 444, "end": 643}, "obj": "BACKGROUND", "id": "T4"}, {"span": {"begin": 644, "end": 820}, "obj": "BACKGROUND", "id": "T5"}, {"span": {"begin": 821, "end": 960}, "obj": "BACKGROUND", "id": "T6"}, {"span": {"begin": 961, "end": 1282}, "obj": "BACKGROUND", "id": "T7"}, {"span": {"begin": 1283, "end": 1394}, "obj": "BACKGROUND", "id": "T8"}, {"span": {"begin": 1395, "end": 1601}, "obj": "BACKGROUND", "id": "T9"}, {"span": {"begin": 1602, "end": 1711}, "obj": "BACKGROUND", "id": "T10"}, {"span": {"begin": 1712, "end": 1832}, "obj": "RESULTS", "id": "T11"}, {"span": {"begin": 1833, "end": 1985}, "obj": "CONCLUSIONS", "id": "T12"}]}