{"text": "Time is a rubberband: neuronal activity in monkey motor cortex in relation to time estimation.\nAnticipation of predictable events is crucial for organizing motor performance. Using instructed delay tasks, it has been shown that even when delay duration is kept constant, reaction time fluctuates from trial to trial. As time estimation is at the core of anticipatory behavior, it is reasonable to speculate whether neuronal delay activity correlates with the subjective estimate of time. As a consequence of the scalar property of time estimation processes, the variability in time estimation increases continuously as time passes during the delay. This scalar property may then be reflected in the increasing variability in neuronal delay activity. We thus studied the influence of temporal prior information on neuronal delay activity in monkey motor cortex in two conceptually different tasks in which two equally probable delay durations were randomly presented. We hypothesized that if one considers the animal's subjective time as the time which elapses between the first (instruction) signal and movement onset, then, by suppressing this temporal variability, across-trial variability in neuronal discharge should decrease. We thus defined a new time scale in each trial such that, after rescaling, the time between the instruction signal and movement onset was identical in all trials. Each spike was then displaced in time accordingly. As expected, the variability in the timing of neuronal peak discharges no longer increased during the trial. This suggests a direct link between the temporal profile of spiking activity and time estimation. The timing of motor cortical activity reflected the 'elasticity' of the animal's subjective time.\n", "denotations": [{"span": {"begin": 0, "end": 94}, "obj": "BACKGROUND", "id": "T1"}, {"span": {"begin": 95, "end": 174}, "obj": "BACKGROUND", "id": "T2"}, {"span": {"begin": 175, "end": 316}, "obj": "BACKGROUND", "id": "T3"}, {"span": {"begin": 317, "end": 487}, "obj": "BACKGROUND", "id": "T4"}, {"span": {"begin": 488, "end": 648}, "obj": "BACKGROUND", "id": "T5"}, {"span": {"begin": 649, "end": 749}, "obj": "BACKGROUND", "id": "T6"}, {"span": {"begin": 750, "end": 966}, "obj": "BACKGROUND", "id": "T7"}, {"span": {"begin": 967, "end": 1230}, "obj": "BACKGROUND", "id": "T8"}, {"span": {"begin": 1231, "end": 1393}, "obj": "METHODS", "id": "T9"}, {"span": {"begin": 1394, "end": 1444}, "obj": "METHODS", "id": "T10"}, {"span": {"begin": 1445, "end": 1553}, "obj": "RESULTS", "id": "T11"}, {"span": {"begin": 1554, "end": 1651}, "obj": "RESULTS", "id": "T12"}, {"span": {"begin": 1652, "end": 1749}, "obj": "CONCLUSIONS", "id": "T13"}]}