{"text": "3-Nitropropionic acid toxicity in hippocampus: protection through N-methyl-D-aspartate receptor antagonism.\nThe over-activation of glutamate receptors can lead to excitotoxic cell death and is believed to be involved in the progression of neurodegenerative events in the vulnerable hippocampus. Here, we used an in vitro slice model to study toxicity produced in the hippocampus by the mitochondrial toxin 3-nitropropionic acid (3-NP). The organotypic slice cultures exhibit native cellular organization as well as dense arborization of neuronal processes and synaptic contacts. The hippocampal slices were exposed to 3-NP for 2-20 days, causing calpain-mediated breakdown of the spectrin cytoskeleton, a loss of pre- and postsynaptic markers, and neuronal atrophy. The N-methyl-D-aspartate (NMDA) receptor antagonist memantine reduced both the cytoskeletal damage and synaptic decline in a dose-dependent manner. 3-NP-induced cytotoxicity, as determined by the release of lactate dehydrogenase, was also reduced by memantine with EC50 values from 1.7 to 2.3 microM. Propidium iodide fluorescence and phase contrast microscopy confirmed memantine neuroprotection against the chronic toxin exposure. In addition, the protected tissue exhibited normal neuronal morphology in the major hippocampal subfields. These results indicate that antagonists of NMDA-type glutamate receptors are protective during the toxic outcome associated with mitochondrial dysfunction. They also provide further evidence of memantine's therapeutic potential against neurodegenerative diseases.\n", "denotations": [{"span": {"begin": 0, "end": 107}, "obj": "BACKGROUND", "id": "T1"}, {"span": {"begin": 108, "end": 294}, "obj": "BACKGROUND", "id": "T2"}, {"span": {"begin": 295, "end": 435}, "obj": "BACKGROUND", "id": "T3"}, {"span": {"begin": 436, "end": 578}, "obj": "BACKGROUND", "id": "T4"}, {"span": {"begin": 579, "end": 765}, "obj": "METHODS", "id": "T5"}, {"span": {"begin": 766, "end": 913}, "obj": "RESULTS", "id": "T6"}, {"span": {"begin": 914, "end": 1198}, "obj": "RESULTS", "id": "T7"}, {"span": {"begin": 1199, "end": 1305}, "obj": "RESULTS", "id": "T8"}, {"span": {"begin": 1306, "end": 1461}, "obj": "CONCLUSIONS", "id": "T9"}, {"span": {"begin": 1462, "end": 1569}, "obj": "CONCLUSIONS", "id": "T10"}]}