{"text": "Lactacystin decreases amyloid-beta peptide production by inhibiting beta-secretase activity.\nThe human amyloid precursor protein (APP) is processed by the nonamyloidogenic and the amyloidogenic catabolic pathways. The sequential cleavage of APP by the beta- and gamma-secretase activities, known as the amyloidogenic processing of APP, leads to the formation of the amyloid-beta peptide (Abeta). Abeta is the main constituent of the amyloid core of senile plaques, a typical hallmark of Alzheimer's disease. In addition to secretases, other cellular proteolytic activities, like the proteasome, might participate in the metabolism of APP. We investigated the consequence of proteasome inhibition on the amyloidogenic processing of human APP. CHO cells and primary cultures of rat cortical neurons expressing human APP or a protein corresponding to its beta-cleaved C-terminal fragment (C99) were treated with lactacystin, an irreversible inhibitor of the chymotrypsin-like activity of the proteasome. Lactacystin significantly decreased the level of Abeta produced from APP in both cellular models, whereas the production of Abeta from C99 was not affected. Lactacystin did not inhibit gamma-secretase activity but was found to inhibit the beta-cleavage of APP, leading to a proportional decrease in Abeta production. Although lactacystin did not inhibit the catalytic activity of recombinant BACE1, a decrease in neuronal beta-secretase activity was measured after treatment with lactacystin.\n", "denotations": [{"span": {"begin": 0, "end": 92}, "obj": "BACKGROUND", "id": "T1"}, {"span": {"begin": 93, "end": 213}, "obj": "BACKGROUND", "id": "T2"}, {"span": {"begin": 214, "end": 395}, "obj": "BACKGROUND", "id": "T3"}, {"span": {"begin": 396, "end": 507}, "obj": "BACKGROUND", "id": "T4"}, {"span": {"begin": 508, "end": 638}, "obj": "BACKGROUND", "id": "T5"}, {"span": {"begin": 639, "end": 741}, "obj": "BACKGROUND", "id": "T6"}, {"span": {"begin": 742, "end": 1000}, "obj": "METHODS", "id": "T7"}, {"span": {"begin": 1001, "end": 1157}, "obj": "RESULTS", "id": "T8"}, {"span": {"begin": 1158, "end": 1317}, "obj": "RESULTS", "id": "T9"}, {"span": {"begin": 1318, "end": 1493}, "obj": "CONCLUSIONS", "id": "T10"}]}