{"text": "Memantine reduces striatal cell death with decreasing calpain level in 3-nitropropionic model of Huntington's disease.\nHuntington's disease has an increase in the activated calpain, which is enhanced by the NMDA receptor activation. We investigated the neuroprotective effect of memantine in 3-nitropropionic acid (3NP)-induced striatal degeneration model. Either memantine (20 mg/kg/day) or PBS was intraperitoneally administered for five days with 3NP continuous infusion. In the memantine-treated group, the striatal lesion volume, the number of TUNEL+ cells, and Fluoro-Jade C+ degenerating neurons were all decreased. Memantine increased Bcl-xl and decreased Bax level. Memantine also exerted an inhibitory effect on the micro-calpain level and decreased the huntingtin proteolytic fragments. Those rats treated with memantine showed less degree of weight loss at 5 days. Subsequently, memantine was found to have neuroprotective effects and save striatal cells with decreasing calpain levels in the 3NP model of Huntington's disease.\n", "denotations": [{"span": {"begin": 0, "end": 118}, "obj": "BACKGROUND", "id": "T1"}, {"span": {"begin": 119, "end": 232}, "obj": "BACKGROUND", "id": "T2"}, {"span": {"begin": 233, "end": 356}, "obj": "BACKGROUND", "id": "T3"}, {"span": {"begin": 357, "end": 474}, "obj": "METHODS", "id": "T4"}, {"span": {"begin": 475, "end": 622}, "obj": "RESULTS", "id": "T5"}, {"span": {"begin": 623, "end": 674}, "obj": "RESULTS", "id": "T6"}, {"span": {"begin": 675, "end": 797}, "obj": "RESULTS", "id": "T7"}, {"span": {"begin": 798, "end": 876}, "obj": "RESULTS", "id": "T8"}, {"span": {"begin": 877, "end": 1039}, "obj": "CONCLUSIONS", "id": "T9"}]}