{"text": "Exogenous expression of claudin-5 induces barrier properties in cultured rat brain capillary endothelial cells.\nClaudins are thought to be major components of tight junctions (TJs), and claudin-5 and -12 are localized at TJs of the blood-brain barrier (BBB). Claudin-5-deficient mice exhibit size-selective ( less than 800 Da) opening of the BBB. The purpose of this study was to clarify the expression levels of claudin-5 and -12 in rat brain capillary endothelial cells, and to examine the ability of claudin-5 to form TJs in cultured rat brain capillary endothelial cells (TR-BBB). Expression of claudin-5 mRNA in rat brain capillary fraction was 751-fold greater than that of claudin-12. The level of claudin-5 mRNA in the rat brain capillary fraction (per total mRNA) was 35.6-fold greater than that in whole brain, while the level of claudin-12 mRNA was only 13.9% of that in whole brain, suggesting that expression of claudin-12 mRNA is not restricted to brain capillaries. Transfection of TR-BBB cells with the claudin-5 gene afforded TR-BBB/CLD5 cells, which showed no change in expression of claudin-12 or ZO-1, while the expressed claudin-5 was detected at the cell-cell boundaries. The permeability surface product of ((14)C)inulin at a TR-BBB/CLD5 cell monolayer was significantly smaller (P  less than  0.01) than that for the parental TR-BBB cells, and the values of the permeability coefficient (Pe) were 1.14 x 10(-3) and 11.6 x 10(-3) cm/min, respectively. These results indicate that claudin-5, but not claudin-12, is predominantly expressed in brain capillaries, and plays a key role in the appearance of barrier properties of brain capillary endothelial cells.\n", "denotations": [{"span": {"begin": 0, "end": 111}, "obj": "BACKGROUND", "id": "T1"}, {"span": {"begin": 112, "end": 258}, "obj": "BACKGROUND", "id": "T2"}, {"span": {"begin": 259, "end": 278}, "obj": "BACKGROUND", "id": "T3"}, {"span": {"begin": 279, "end": 346}, "obj": "BACKGROUND", "id": "T4"}, {"span": {"begin": 347, "end": 584}, "obj": "BACKGROUND", "id": "T5"}, {"span": {"begin": 585, "end": 691}, "obj": "RESULTS", "id": "T6"}, {"span": {"begin": 692, "end": 980}, "obj": "RESULTS", "id": "T7"}, {"span": {"begin": 981, "end": 1193}, "obj": "RESULTS", "id": "T8"}, {"span": {"begin": 1194, "end": 1301}, "obj": "RESULTS", "id": "T9"}, {"span": {"begin": 1302, "end": 1452}, "obj": "RESULTS", "id": "T10"}, {"span": {"begin": 1453, "end": 1474}, "obj": "RESULTS", "id": "T11"}, {"span": {"begin": 1475, "end": 1681}, "obj": "CONCLUSIONS", "id": "T12"}]}