{"text": "Propagating waves mediate information transfer in the motor cortex.\nHigh-frequency oscillations in the beta range (10-45 Hz) are most active in motor cortex during motor preparation and are postulated to reflect the steady postural state or global attentive state of the animal. By simultaneously recording multiple local field potential signals across the primary motor and dorsal premotor cortices of monkeys (Macaca mulatta) trained to perform an instructed-delay reaching task, we found that these oscillations propagated as waves across the surface of the motor cortex along dominant spatial axes characteristic of the local circuitry of the motor cortex. Moreover, we found that information about the visual target to be reached was encoded in terms of both latency and amplitude of evoked waves at a time when the field phase-locked with respect to the target onset. These findings suggest that high-frequency oscillations may subserve intra- and inter-cortical information transfer during movement preparation and execution.\n", "denotations": [{"span": {"begin": 0, "end": 67}, "obj": "BACKGROUND", "id": "T1"}, {"span": {"begin": 68, "end": 278}, "obj": "BACKGROUND", "id": "T2"}, {"span": {"begin": 279, "end": 660}, "obj": "RESULTS", "id": "T3"}, {"span": {"begin": 661, "end": 873}, "obj": "RESULTS", "id": "T4"}, {"span": {"begin": 874, "end": 1032}, "obj": "CONCLUSIONS", "id": "T5"}]}