{"text": "(Clinicopathologic study of breast cancer with features of endocrine ductal carcinoma-in-situ).\nTo study the clinicopathologic features and differential diagnosis of 18 cases of endocrine ductal carcinoma-in-situ (E-DCIS). Eighteen cases of breast cancer with features of E-DCIS were studied by light microscopy, histochemistry and immunohistochemistry. E-DCIS was diagnosed if the histologic patterns were compatible with those described in the literature and at least 50% of the tumor cells expressing two of the three neuroendocrine markers employed (chromogranin, synaptophysin and neuron-specific enolase). E-DCIS tended to occur in older women. All the patients were over 61 years old (mean age=71 years). The presenting symptoms were either palpable breast mass or had nipple discharge. Histologically, E-DCIS demonstrated an expansile intraductal growth pattern. Intraductal papilloma was not uncommon at the peripheral area of the tumor. The tumor cells were polygonal, oval or spindle in shape and contained abundant eosinophilic to granular cytoplasm and mildly to moderately pleomorphic nuclei. Intracellular or extracellular mucin was highlighted by periodic acid-Schiff (with diastase digestion) or alcian blue stains. Some tumor cells assumed a signet-ring configuration. All the three neuroendocrine markers were expressed by more than 50% of the E-DCIS cells. The neuroendocrine differentiation was further confirmed in some cases by CD57 and CD56 immunostaining. Pagetoid spread into adjacent ductolobular units was frequently seen in E-DCIS, and the expanded lobules were often not rimmed by myoepithelial cells. These two features helped to distinguish E-DCIS from usual ductal hyperplasia. E-DCIS represents a subgroup of low-grade DCIS, which carries characteristic morphologic features and immunophenotype. Conventional light microscopy usually permits a correct diagnosis. Ancillary histochemical and immunohistochemical studies can be helpful in doubtful cases.\n", "denotations": [{"span": {"begin": 0, "end": 95}, "obj": "OBJECTIVE", "id": "T1"}, {"span": {"begin": 96, "end": 222}, "obj": "OBJECTIVE", "id": "T2"}, {"span": {"begin": 223, "end": 353}, "obj": "METHODS", "id": "T3"}, {"span": {"begin": 354, "end": 611}, "obj": "METHODS", "id": "T4"}, {"span": {"begin": 612, "end": 650}, "obj": "RESULTS", "id": "T5"}, {"span": {"begin": 651, "end": 711}, "obj": "RESULTS", "id": "T6"}, {"span": {"begin": 712, "end": 793}, "obj": "RESULTS", "id": "T7"}, {"span": {"begin": 794, "end": 870}, "obj": "RESULTS", "id": "T8"}, {"span": {"begin": 871, "end": 946}, "obj": "RESULTS", "id": "T9"}, {"span": {"begin": 947, "end": 1106}, "obj": "RESULTS", "id": "T10"}, {"span": {"begin": 1107, "end": 1232}, "obj": "RESULTS", "id": "T11"}, {"span": {"begin": 1233, "end": 1286}, "obj": "RESULTS", "id": "T12"}, {"span": {"begin": 1287, "end": 1376}, "obj": "RESULTS", "id": "T13"}, {"span": {"begin": 1377, "end": 1480}, "obj": "RESULTS", "id": "T14"}, {"span": {"begin": 1481, "end": 1631}, "obj": "RESULTS", "id": "T15"}, {"span": {"begin": 1632, "end": 1710}, "obj": "RESULTS", "id": "T16"}, {"span": {"begin": 1711, "end": 1829}, "obj": "CONCLUSIONS", "id": "T17"}, {"span": {"begin": 1830, "end": 1896}, "obj": "CONCLUSIONS", "id": "T18"}, {"span": {"begin": 1897, "end": 1986}, "obj": "CONCLUSIONS", "id": "T19"}]}