{"text": "Oral administration of a potent and selective non-peptidic BACE-1 inhibitor decreases beta-cleavage of amyloid precursor protein and amyloid-beta production in vivo.\nGeneration and deposition of the amyloid beta (Abeta) peptide following proteolytic processing of the amyloid precursor protein (APP) by BACE-1 and gamma-secretase is central to the aetiology of Alzheimer's disease. Consequently, inhibition of BACE-1, a rate-limiting enzyme in the production of Abeta, is an attractive therapeutic approach for the treatment of Alzheimer's disease. We have designed a selective non-peptidic BACE-1 inhibitor, GSK188909, that potently inhibits beta-cleavage of APP and reduces levels of secreted and intracellular Abeta in SHSY5Y cells expressing APP. In addition, we demonstrate that this compound can effectively lower brain Abeta in vivo. In APP transgenic mice, acute oral administration of GSK188909 in the presence of a p-glycoprotein inhibitor to markedly enhance the exposure of GSK188909 in the brain decreases beta-cleavage of APP and results in a significant reduction in the level of Abeta40 and Abeta42 in the brain. Encouragingly, subchronic dosing of GSK188909 in the absence of a p-glycoprotein inhibitor also lowers brain Abeta. This pivotal first report of central Abeta lowering, following oral administration of a BACE-1 inhibitor, supports the development of BACE-1 inhibitors for the treatment of Alzheimer's disease.\n", "denotations": [{"span": {"begin": 0, "end": 165}, "obj": "BACKGROUND", "id": "T1"}, {"span": {"begin": 166, "end": 381}, "obj": "BACKGROUND", "id": "T2"}, {"span": {"begin": 382, "end": 548}, "obj": "RESULTS", "id": "T3"}, {"span": {"begin": 549, "end": 750}, "obj": "CONCLUSIONS", "id": "T4"}, {"span": {"begin": 751, "end": 840}, "obj": "CONCLUSIONS", "id": "T5"}, {"span": {"begin": 841, "end": 1128}, "obj": "CONCLUSIONS", "id": "T6"}, {"span": {"begin": 1129, "end": 1244}, "obj": "CONCLUSIONS", "id": "T7"}, {"span": {"begin": 1245, "end": 1438}, "obj": "CONCLUSIONS", "id": "T8"}]}