{"text": "Peripheral thermal injury causes blood-brain barrier dysfunction and matrix metalloproteinase (MMP) expression in rat.\nMortality after serious systemic thermal injury may be linked to significant increases in cerebral vascular permeability and edema due to blood-brain barrier (BBB) breakdown. This BBB disruption is thought to be mediated by a family of proteolytic enzymes known as matrix metalloproteinases (MMPs). The gelatinases, MMP-2 and MMP-9, digest the endothelial basal lamina of the BBB, which is essential for maintaining BBB integrity. The current study investigated whether disruption of microvascular integrity in a rat thermal injury model is associated with gelatinase expression and activity. Seventy-two adult Sprague-Dawley rats were anesthetized and submerged horizontally, in the supine position, in 100 degrees C (37 degrees C for controls) water for 6 s producing a third-degree burn affecting 60-70% of the total body surface area. Brain edema was detected by calculating water content. Real time PCR, Western blot, and zymography were used to quantify MMP mRNA, protein, and enzyme activity levels. Each group was quantified at 3, 7, 24, and 72 h post thermal injury. Brain water content was significantly increased 7 through 72 h after burn. Expression of brain MMP-9 mRNA was significantly increased as early as 3 h after thermal injury compared to controls, remained at 7 h (p less than 0.01), and returned to control levels by 24 h. MMP-9 protein levels and enzyme activity began to increase at 7 h and reached significant levels between 7 and 24 h after thermal injury. While MMP-9 protein levels continued to increase significantly through 72 h, enzyme activity returned to control level. The increase in MMP-9 expression and activity, associated with increased BBB permeability following thermal injury, indicates that MMP-9 may contribute to observed cerebral edema in peripheral thermal injury.\n", "denotations": [{"span": {"begin": 0, "end": 118}, "obj": "BACKGROUND", "id": "T1"}, {"span": {"begin": 119, "end": 293}, "obj": "BACKGROUND", "id": "T2"}, {"span": {"begin": 294, "end": 417}, "obj": "BACKGROUND", "id": "T3"}, {"span": {"begin": 418, "end": 549}, "obj": "BACKGROUND", "id": "T4"}, {"span": {"begin": 550, "end": 711}, "obj": "BACKGROUND", "id": "T5"}, {"span": {"begin": 712, "end": 957}, "obj": "METHODS", "id": "T6"}, {"span": {"begin": 958, "end": 1012}, "obj": "METHODS", "id": "T7"}, {"span": {"begin": 1013, "end": 1125}, "obj": "METHODS", "id": "T8"}, {"span": {"begin": 1126, "end": 1194}, "obj": "METHODS", "id": "T9"}, {"span": {"begin": 1195, "end": 1269}, "obj": "METHODS", "id": "T10"}, {"span": {"begin": 1270, "end": 1289}, "obj": "METHODS", "id": "T11"}, {"span": {"begin": 1290, "end": 1295}, "obj": "METHODS", "id": "T12"}, {"span": {"begin": 1296, "end": 1504}, "obj": "RESULTS", "id": "T13"}, {"span": {"begin": 1505, "end": 1601}, "obj": "RESULTS", "id": "T14"}, {"span": {"begin": 1602, "end": 1721}, "obj": "RESULTS", "id": "T15"}, {"span": {"begin": 1722, "end": 1930}, "obj": "CONCLUSIONS", "id": "T16"}]}