{"text": "Contribution of poly(ADP-ribose) polymerase to postischemic blood-brain barrier damage in rats.\nThe nuclear enzyme poly(ADP-ribose) polymerase (PARP) is activated by oxidative stress and plays a significant role in postischemic brain injury. We assessed the contribution of PARP activation to the blood-brain barrier (BBB) disruption and edema formation after ischemia-reperfusion. In male Wistar rats, global cerebral ischemia was achieved by occluding the carotid arteries and lowering arterial blood pressure for 20 mins. The animals were treated with saline or with the PARP inhibitor N-(6-oxo-5,6-dihydrophenanthridin-2-yl)-N, N-dimethylacetamide.HCl (PJ34); (10 mg/kg, i.v.) before ischemia. After 40 mins, 24, and 48 h of reperfusion, the permeability of the cortical BBB was determined after Evans Blue (EB) and Na-fluorescein (NaF) administration. The water content of the brain was also measured. The permeability of the BBB for EB increased after ischemia-reperfusion compared with the nonischemic animals after 24 and 48 h reperfusion but PARP inhibition attenuated this increase at 48 h (nonischemic: 170+/-9, saline: 760+/-95, PJ34: 472+/-61 ng/mg tissue). The extravasation of NaF showed similar changes and PJ34 post-treatment attenuated the permeability increase even at 24 h. PARP inhibition decreased the brain edema seen at 48 h. Because PARP has proinflammatory properties, the neutrophil infiltration of the cortex was determined, which showed lower values after PJ34 treatment. Furthermore, PJ34 treatment decreased the loss of the tight junction protein occludin at 24 and 48 h. The inhibition of PARP activity accompanied by reduced post-ischemic BBB disturbance and decreased edema formation suggests a significant role of this enzyme in the development of cerebral vascular malfunction\n", "denotations": [{"span": {"begin": 0, "end": 95}, "obj": "OBJECTIVE", "id": "T1"}, {"span": {"begin": 96, "end": 241}, "obj": "OBJECTIVE", "id": "T2"}, {"span": {"begin": 242, "end": 381}, "obj": "OBJECTIVE", "id": "T3"}, {"span": {"begin": 382, "end": 524}, "obj": "METHODS", "id": "T4"}, {"span": {"begin": 525, "end": 652}, "obj": "METHODS", "id": "T5"}, {"span": {"begin": 652, "end": 674}, "obj": "METHODS", "id": "T6"}, {"span": {"begin": 675, "end": 697}, "obj": "METHODS", "id": "T7"}, {"span": {"begin": 698, "end": 856}, "obj": "METHODS", "id": "T8"}, {"span": {"begin": 857, "end": 906}, "obj": "METHODS", "id": "T9"}, {"span": {"begin": 907, "end": 1032}, "obj": "RESULTS", "id": "T10"}, {"span": {"begin": 1033, "end": 1046}, "obj": "RESULTS", "id": "T11"}, {"span": {"begin": 1047, "end": 1099}, "obj": "RESULTS", "id": "T12"}, {"span": {"begin": 1100, "end": 1130}, "obj": "RESULTS", "id": "T13"}, {"span": {"begin": 1131, "end": 1140}, "obj": "RESULTS", "id": "T14"}, {"span": {"begin": 1141, "end": 1146}, "obj": "RESULTS", "id": "T15"}, {"span": {"begin": 1147, "end": 1170}, "obj": "RESULTS", "id": "T16"}, {"span": {"begin": 1171, "end": 1349}, "obj": "RESULTS", "id": "T17"}, {"span": {"begin": 1350, "end": 1500}, "obj": "RESULTS", "id": "T18"}, {"span": {"begin": 1501, "end": 1602}, "obj": "RESULTS", "id": "T19"}, {"span": {"begin": 1603, "end": 1812}, "obj": "CONCLUSIONS", "id": "T20"}]}