{"text": "Alzheimer amyloid beta-peptide A-beta25-35 blocks adenylate cyclase-mediated forms of hippocampal long-term potentiation.\nProgressive memory loss and deposition of amyloid beta (Abeta) peptides throughout cortical regions are hallmarks of Alzheimer's disease (AD). Several studies in mice and rats have shown that overexpression of amyloid precursor protein (APP) or pretreatment with Abeta peptide fragments results in the inhibition of hippocampal long-term potentiation (LTP) as well as impairments in learning and memory of hippocampal-dependent tasks. For these studies we have investigated the effects of the Abeta(25-35) peptide fragment on LTP induced by adenylate cyclase stimulation followed immediately by application of Mg(++)-free aCSF ('chemLTP'). Treatment of young adult slices with the Abeta(25-35) peptide had no significant effect on basal synaptic transmission in area CA1, but treatment with the peptide for 20 min before inducing chemLTP with isoproterenol (ISO; 1 microM) or forskolin (FSK;10 microM) + Mg(++)-free aCSF resulted in complete blockade of LTP. In contrast, normal ISO-chemLTP was observed after treatment with the control peptide Abeta(35-25). The ability of the Abeta(25-35) peptide fragment to block this and other forms of synaptic plasticity may help elucidate the mechanisms underlying hippocampal deficits observed in animal models of AD and/or AD individuals.\n", "denotations": [{"span": {"begin": 0, "end": 121}, "obj": "BACKGROUND", "id": "T1"}, {"span": {"begin": 122, "end": 264}, "obj": "BACKGROUND", "id": "T2"}, {"span": {"begin": 265, "end": 556}, "obj": "BACKGROUND", "id": "T3"}, {"span": {"begin": 557, "end": 761}, "obj": "BACKGROUND", "id": "T4"}, {"span": {"begin": 762, "end": 1025}, "obj": "RESULTS", "id": "T5"}, {"span": {"begin": 1026, "end": 1080}, "obj": "RESULTS", "id": "T6"}, {"span": {"begin": 1081, "end": 1180}, "obj": "RESULTS", "id": "T7"}, {"span": {"begin": 1181, "end": 1403}, "obj": "CONCLUSIONS", "id": "T8"}]}