{"text": "LRRK2 phosphorylates moesin at threonine-558: characterization of how Parkinson's disease mutants affect kinase activity.\nMutations in the LRRK2 (leucine-rich repeat kinase-2) gene cause late-onset PD (Parkinson's disease). LRRK2 contains leucine-rich repeats, a GTPase domain, a COR (C-terminal of Roc (Ras of complex)) domain, a kinase and a WD40 (Trp-Asp 40) motif. Little is known about how LRRK2 is regulated, what its physiological substrates are or how mutations affect LRRK2 function. Thus far LRRK2 activity has only been assessed by autophosphorylation and phosphorylation of MBP (myelin basic protein), which is catalysed rather slowly. We undertook a KESTREL (kinase substrate tracking and elucidation) screen in rat brain extracts to identify proteins that were phosphorylated by an activated PD mutant of LRRK2 (G2019S). This led to the discovery that moesin, a protein which anchors the actin cytoskeleton to the plasma membrane, is efficiently phosphorylated by LRRK2, at Thr558, a previously identified in-vivo-phosphorylation site that regulates the ability of moesin to bind actin. LRRK2 also phosphorylated ezrin and radixin, which are related to moesin, at the residue equivalent to Thr558, as well as a peptide (LRRKtide: RLGRDKYKTLRQIRQ) encompassing Thr558. We exploited these findings to determine how nine previously reported PD mutations of LRRK2 affected kinase activity. Only one of the mutations analysed, namely G2019S, stimulated kinase activity. Four mutations inhibited LRRK2 kinase activity (R1941H, I2012T, I2020T and G2385R), whereas the remainder (R1441C, R1441G, Y1699C and T2356I) did not influence activity. Therefore the manner in which LRRK2 mutations induce PD is more complex than previously imagined and is not only caused by an increase in LRRK2 kinase activity. Finally, we show that the minimum catalytically active fragment of LRRK2 requires an intact GTPase, COR and kinase domain, as well as a WD40 motif and a C-terminal tail. The results of the present study suggest that moesin, ezrin and radixin may be LRRK2 substrates, findings that have been exploited to develop the first robust quantitative assay to measure LRRK2 kinase activity.\n", "denotations": [{"span": {"begin": 0, "end": 121}, "obj": "BACKGROUND", "id": "T1"}, {"span": {"begin": 122, "end": 144}, "obj": "BACKGROUND", "id": "T2"}, {"span": {"begin": 145, "end": 223}, "obj": "BACKGROUND", "id": "T3"}, {"span": {"begin": 224, "end": 320}, "obj": "BACKGROUND", "id": "T4"}, {"span": {"begin": 321, "end": 348}, "obj": "BACKGROUND", "id": "T5"}, {"span": {"begin": 349, "end": 368}, "obj": "BACKGROUND", "id": "T6"}, {"span": {"begin": 369, "end": 492}, "obj": "BACKGROUND", "id": "T7"}, {"span": {"begin": 493, "end": 647}, "obj": "BACKGROUND", "id": "T8"}, {"span": {"begin": 648, "end": 824}, "obj": "BACKGROUND", "id": "T9"}, {"span": {"begin": 825, "end": 834}, "obj": "BACKGROUND", "id": "T10"}, {"span": {"begin": 835, "end": 1100}, "obj": "BACKGROUND", "id": "T11"}, {"span": {"begin": 1101, "end": 1281}, "obj": "BACKGROUND", "id": "T12"}, {"span": {"begin": 1282, "end": 1399}, "obj": "BACKGROUND", "id": "T13"}, {"span": {"begin": 1400, "end": 1478}, "obj": "RESULTS", "id": "T14"}, {"span": {"begin": 1479, "end": 1648}, "obj": "RESULTS", "id": "T15"}, {"span": {"begin": 1649, "end": 1809}, "obj": "CONCLUSIONS", "id": "T16"}, {"span": {"begin": 1810, "end": 1979}, "obj": "CONCLUSIONS", "id": "T17"}, {"span": {"begin": 1980, "end": 2191}, "obj": "CONCLUSIONS", "id": "T18"}]}