{"text": "Post-Injury Administration of Mitochondrial Uncouplers Increases Tissue Sparing and Improves Behavioral Outcome following Traumatic Brain Injury in Rodents.\nFollowing experimental traumatic brain injury (TBI), a rapid and significant necrosis occurs at the site of injury which coincides with significant mitochondrial dysfunction. The present study is driven by the hypothesis that TBI-induced glutamate release increases mitochondrial Ca(2+)cycling/overload, ultimately leading to mitochondrial dysfunction. Based on this premise, mitochondrial uncoupling during the acute phases of TBI-induced excitotoxicity should reduce mitochondrial Ca(2+) uptake (cycling) and reactive oxygen species (ROS) production since both are mitochondrial membrane potential dependent. In the present study, we utilized a cortical impact model of TBI to assess the potential use of mitochondrial uncouplers (2,4-DNP, FCCP) as a neuroprotective therapy. Young adult male rats were intraperitoneally administered vehicle (DMSO), 2,4-DNP (5 mg/kg), or FCCP (2.5 mg/kg) at 5 min post-injury. All animals treated with the uncouplers demonstrated a significant reduction in the amount of cortical damage and behavioral improvement following TBI. In addition, mitochondria isolated from the injured cortex at 3 or 6 h post-injury demonstrated that treatment with the uncouplers significantly improved several parameters of mitochondrial bioenergetics. These results demonstrate that post-injury treatment with mitochondrial uncouplers significantly (p  less than  0.01) increases cortical tissue sparing ( approximately 12%) and significantly (p less than  0.01) improves behavioral outcome following TBI. The mechanism of neuroprotection most likely involves the maintenance of mitochondrial homeostasis by reducing mitochondrial Ca(2+) loading and subsequent mitochondrial dysfunction. These results further implicate mitochondrial dysfunction as an early event in the pathophysiology of TBI and that targeting acute mitochondrial events can result in long-term neuroprotection and improve behavioral outcome following brain injury.\n", "denotations": [{"span": {"begin": 0, "end": 156}, "obj": "OBJECTIVE", "id": "T1"}, {"span": {"begin": 157, "end": 331}, "obj": "OBJECTIVE", "id": "T2"}, {"span": {"begin": 332, "end": 509}, "obj": "OBJECTIVE", "id": "T3"}, {"span": {"begin": 510, "end": 691}, "obj": "OBJECTIVE", "id": "T4"}, {"span": {"begin": 692, "end": 767}, "obj": "OBJECTIVE", "id": "T5"}, {"span": {"begin": 768, "end": 934}, "obj": "OBJECTIVE", "id": "T6"}, {"span": {"begin": 935, "end": 1069}, "obj": "METHODS", "id": "T7"}, {"span": {"begin": 1070, "end": 1221}, "obj": "RESULTS", "id": "T8"}, {"span": {"begin": 1222, "end": 1426}, "obj": "RESULTS", "id": "T9"}, {"span": {"begin": 1427, "end": 1680}, "obj": "CONCLUSIONS", "id": "T10"}, {"span": {"begin": 1681, "end": 1862}, "obj": "CONCLUSIONS", "id": "T11"}, {"span": {"begin": 1863, "end": 2109}, "obj": "CONCLUSIONS", "id": "T12"}]}