{"text": "Motor learning with unstable neural representations.\nIt is often assumed that learning takes place by changing an otherwise stable neural representation. To test this assumption, we studied changes in the directional tuning of primate motor cortical neurons during reaching movements performed in familiar and novel environments. During the familiar task, tuning curves exhibited slow random drift. During learning of the novel task, random drift was accompanied by systematic shifts of tuning curves. Our analysis suggests that motor learning is based on a surprisingly unstable neural representation. To explain these results, we propose that motor cortex is a redundant neural network, i.e., any single behavior can be realized by multiple configurations of synaptic strengths. We further hypothesize that synaptic modifications underlying learning contain a random component, which causes wandering among synaptic configurations with equivalent behaviors but different neural representations. We use a simple model to explore the implications of these assumptions.\n", "denotations": [{"span": {"begin": 0, "end": 52}, "obj": "BACKGROUND", "id": "T1"}, {"span": {"begin": 53, "end": 153}, "obj": "BACKGROUND", "id": "T2"}, {"span": {"begin": 154, "end": 329}, "obj": "METHODS", "id": "T3"}, {"span": {"begin": 330, "end": 398}, "obj": "RESULTS", "id": "T4"}, {"span": {"begin": 399, "end": 501}, "obj": "RESULTS", "id": "T5"}, {"span": {"begin": 502, "end": 602}, "obj": "CONCLUSIONS", "id": "T6"}, {"span": {"begin": 603, "end": 780}, "obj": "CONCLUSIONS", "id": "T7"}, {"span": {"begin": 781, "end": 996}, "obj": "CONCLUSIONS", "id": "T8"}, {"span": {"begin": 997, "end": 1068}, "obj": "CONCLUSIONS", "id": "T9"}]}