{"text": "Local shaping of function in the motor cortex: motor contrast, directional tuning.\nIn this review we bring together three different lines of evidence to bear on the issue of local shaping of function in the motor cortex. The first line of evidence comes from the description by Cajal (1904) of the recurrent collaterals of pyramidal cell axons in the precentral gyrus. The second line of evidence comes from the electrophysiological study of the functional effects of these collaterals (Stefanis, C., Jasper, H. 1964a. Intracellular microelectrode studies of antidromic responses in cortical pyramidal tract neurons. J. Neurophysiol. 27, 828-854.; Stefanis, C., Jasper, H. 1964b. Recurrent collateral inhibition in pyramidal tract neurons. J. Neurophysiol. 27, 855-877.) and associated interneurons (Stefanis, C. 1969. Interneuronal mechanisms in the cortex. In: The Interneuron, Brazier, M.A.B. (ed.), Berkeley, CA: University of California Press, pp. 497-526.) using intracellular recordings. And third came the discovery of directional tuning in the motor cortex (Georgopoulos, A.P., Kalaska, J.F., Caminiti, R., Massey, J.T. 1982. On the relations between the direction of two-dimensional arm movements and cell discharge in primate motor cortex. J. Neurosci. 2, 1527-1537.) in the behaving monkey. We hazard the hypothesis that the bell-shaped directional tuning curve is the outcome of orderly, local neuronal interactions in the motor cortex in which the recurrent pyramidal cell collaterals play a crucial role. Specifically, we propose that these collaterals and the intercalated interneurons they impinge upon serve to spatially sharpen the motor cortical activation to a locus corresponding to the direction of the intended movement. Thus, the originally proposed role of the pyramidal cell collaterals in enhancing 'motor contrast' (Stefanis, C. 1969. Interneuronal mechanisms in the cortex. In: The Interneuron, Brazier, M.A.B. (ed.), Berkeley, CA: University of California Press, pp. 497-526.) would translate to creating a 'directional tuning field' on the motor cortical surface, where the enhanced motor contrast would correspond to high activity at the center of directional field, and the suppression of the fringe would correspond to lower activity at the periphery of the field, resulting, together in spatial tuning.\n", "denotations": [{"span": {"begin": 0, "end": 82}, "obj": "OBJECTIVE", "id": "T1"}, {"span": {"begin": 83, "end": 220}, "obj": "OBJECTIVE", "id": "T2"}, {"span": {"begin": 221, "end": 368}, "obj": "OBJECTIVE", "id": "T3"}, {"span": {"begin": 369, "end": 518}, "obj": "OBJECTIVE", "id": "T4"}, {"span": {"begin": 519, "end": 616}, "obj": "METHODS", "id": "T5"}, {"span": {"begin": 617, "end": 633}, "obj": "METHODS", "id": "T6"}, {"span": {"begin": 634, "end": 646}, "obj": "METHODS", "id": "T7"}, {"span": {"begin": 646, "end": 679}, "obj": "METHODS", "id": "T8"}, {"span": {"begin": 680, "end": 739}, "obj": "METHODS", "id": "T9"}, {"span": {"begin": 740, "end": 756}, "obj": "METHODS", "id": "T10"}, {"span": {"begin": 757, "end": 818}, "obj": "METHODS", "id": "T11"}, {"span": {"begin": 819, "end": 858}, "obj": "METHODS", "id": "T12"}, {"span": {"begin": 859, "end": 952}, "obj": "METHODS", "id": "T13"}, {"span": {"begin": 953, "end": 994}, "obj": "METHODS", "id": "T14"}, {"span": {"begin": 995, "end": 1134}, "obj": "METHODS", "id": "T15"}, {"span": {"begin": 1135, "end": 1250}, "obj": "METHODS", "id": "T16"}, {"span": {"begin": 1251, "end": 1263}, "obj": "METHODS", "id": "T17"}, {"span": {"begin": 1264, "end": 1278}, "obj": "METHODS", "id": "T18"}, {"span": {"begin": 1279, "end": 1302}, "obj": "METHODS", "id": "T19"}, {"span": {"begin": 1303, "end": 1519}, "obj": "METHODS", "id": "T20"}, {"span": {"begin": 1520, "end": 1744}, "obj": "METHODS", "id": "T21"}, {"span": {"begin": 1745, "end": 1863}, "obj": "RESULTS", "id": "T22"}, {"span": {"begin": 1864, "end": 1903}, "obj": "RESULTS", "id": "T23"}, {"span": {"begin": 1904, "end": 1997}, "obj": "RESULTS", "id": "T24"}, {"span": {"begin": 1998, "end": 2007}, "obj": "RESULTS", "id": "T25"}, {"span": {"begin": 2008, "end": 2338}, "obj": "CONCLUSIONS", "id": "T26"}]}