{"text": "Methylene blue inhibits amyloid Abeta oligomerization by promoting fibrillization.\nAmyloid plaques are hallmark neuropathological lesions in Alzheimer's disease, which consist of abnormally aggregated Abeta protein. Multiple Abeta aggregated species have been identified, and neurotoxicity appears to be correlated with the amount of nonfibrillar oligomers. Therefore, selective inhibition of Abeta oligomer formation has emerged as an attractive means of therapeutic intervention. To investigate whether small molecules can modulate aggregation to achieve selective inhibition of neurotoxic amyloid oligomers, Abeta aggregation was assayed in vitro in the presence of methylene blue, using immunoreactivity with the prefibrillar oligomer-specific antibody A11, transmission electron microscopy, and turbidity assays. Methylene blue inhibited oligomerization when used at substoichiometric concentrations relative to that of the Abeta monomer. Inhibition of Abeta oligomerization was achieved concomitant with promotion of fibrillization, suggesting that oligomer and fibril formation are distinct and competing pathways. Methylene blue-mediated promotion of fiber formation occurred via a dose-dependent decrease in the lag time and an increase in the fibrillization rate, consistent with promotion of both filament nucleation and elongation. Addition of methylene blue to preformed oligomers resulted in oligomer loss and promotion of fibrillization. The data show that Abeta oligomer formation is inhibited by promoting fibril formation, which suggests that the relative pathological significance of oligomers and fibrils may be tested in vivo using methylene blue. If Abeta oligomers represent the primary pathogenic species, then inhibition of this highly toxic species via promotion of formation of less toxic aggregates may be therapeutically useful.\n", "denotations": [{"span": {"begin": 0, "end": 82}, "obj": "BACKGROUND", "id": "T1"}, {"span": {"begin": 83, "end": 215}, "obj": "BACKGROUND", "id": "T2"}, {"span": {"begin": 216, "end": 357}, "obj": "BACKGROUND", "id": "T3"}, {"span": {"begin": 358, "end": 481}, "obj": "BACKGROUND", "id": "T4"}, {"span": {"begin": 482, "end": 817}, "obj": "METHODS", "id": "T5"}, {"span": {"begin": 818, "end": 943}, "obj": "RESULTS", "id": "T6"}, {"span": {"begin": 944, "end": 1121}, "obj": "CONCLUSIONS", "id": "T7"}, {"span": {"begin": 1122, "end": 1343}, "obj": "CONCLUSIONS", "id": "T8"}, {"span": {"begin": 1344, "end": 1452}, "obj": "CONCLUSIONS", "id": "T9"}, {"span": {"begin": 1453, "end": 1668}, "obj": "CONCLUSIONS", "id": "T10"}, {"span": {"begin": 1669, "end": 1857}, "obj": "CONCLUSIONS", "id": "T11"}]}