{"text": "Laminar analysis of movement direction information in local field potentials of the rat motor cortex.\nLocal field potentials (LFPs) have been proposed for use in controlling neural prosthetic devices because they can provide reliable motor and sensory-related information, and can easily be recorded over long periods of time. While studies have shown that directional information about motor movements can be inferred from LFPs, it is not known at what depth these signals should be recorded from in order to maximize the amount of movement information. Towards this end, we used a directional motor task in Long Evans rats, while sampling LFPs with an electrode consisting of 16 vertical recording sites that were evenly-spaced 100 microm apart. This allowed for simultaneous recording of all layers of the motor cortex. The frequency components of LFPs were then analyzed using k-means clustering to determine directional information as a function of depth. Here we report our initial findings that superficial layers (II/III) of motor cortex may provide more information about movement directions then deeper layers (V).\n", "denotations": [{"span": {"begin": 0, "end": 101}, "obj": "BACKGROUND", "id": "T1"}, {"span": {"begin": 102, "end": 326}, "obj": "BACKGROUND", "id": "T2"}, {"span": {"begin": 327, "end": 554}, "obj": "BACKGROUND", "id": "T3"}, {"span": {"begin": 555, "end": 747}, "obj": "METHODS", "id": "T4"}, {"span": {"begin": 748, "end": 822}, "obj": "METHODS", "id": "T5"}, {"span": {"begin": 823, "end": 960}, "obj": "METHODS", "id": "T6"}, {"span": {"begin": 961, "end": 1124}, "obj": "CONCLUSIONS", "id": "T7"}]}