{"text": "Expression of matrix metalloproteinases in wound healing after glaucoma filtration surgery in rabbits.\nTo investigate the protein and mRNA expressions of matrix metalloproteinases (MMPs), gelatinolytic activity and localization of MMP activity in wounds after glaucoma filtration surgery in rabbits. Sixty eyes of 30 rabbits were removed 1, 3, 7, 14 and 120 days after the surgery and used for this experiment. Protein and mRNA expressions were analyzed by immunohistochemistry and laser capture microdissection/real-time RT-PCR, respectively. The gelatinolytic activity was analyzed by gelatin zymography and the localization was studied using in situ zymography. By immunohistochemistry, expression of MMP-1, MMP-2, MMP-3, MMP-9 and MT1-MMP was detected in the wounds, most markedly 3 days after the surgery. MMP-positive cells were predominantly macrophages. Expression of MMP-9 and MT1-MMP mRNAs was verified by RT-PCR. Gelatinolytic activities corresponding to proMMP-2 and the active form of MMP-2 were detected in the wounds 3 and 7 days after surgery. In situ zymography localized gelatinolytic activities at the wound site. These activities were almost completely abolished by an MMP inhibitor, indicating that the gelatinolytic activity belongs to metalloproteinases. MMPs, particularly MMP-2/MT1-MMP, play important roles in the degradation of the extracellular matrix in the wound healing process after glaucoma filtration surgery and may represent an important target for therapeutic intervention after glaucoma filtration surgery.\n", "denotations": [{"span": {"begin": 0, "end": 102}, "obj": "OBJECTIVE", "id": "T1"}, {"span": {"begin": 103, "end": 299}, "obj": "OBJECTIVE", "id": "T2"}, {"span": {"begin": 300, "end": 410}, "obj": "METHODS", "id": "T3"}, {"span": {"begin": 411, "end": 543}, "obj": "METHODS", "id": "T4"}, {"span": {"begin": 544, "end": 664}, "obj": "METHODS", "id": "T5"}, {"span": {"begin": 665, "end": 703}, "obj": "METHODS", "id": "T6"}, {"span": {"begin": 704, "end": 810}, "obj": "RESULTS", "id": "T7"}, {"span": {"begin": 811, "end": 861}, "obj": "RESULTS", "id": "T8"}, {"span": {"begin": 862, "end": 881}, "obj": "RESULTS", "id": "T9"}, {"span": {"begin": 882, "end": 923}, "obj": "RESULTS", "id": "T10"}, {"span": {"begin": 924, "end": 1059}, "obj": "RESULTS", "id": "T11"}, {"span": {"begin": 1060, "end": 1132}, "obj": "RESULTS", "id": "T12"}, {"span": {"begin": 1133, "end": 1277}, "obj": "RESULTS", "id": "T13"}, {"span": {"begin": 1278, "end": 1544}, "obj": "CONCLUSIONS", "id": "T14"}]}