{"text": "Synaptic memory mechanisms: Alzheimer's disease amyloid beta-peptide-induced dysfunction.\nThere is growing evidence that mild cognitive impairment in early AD (Alzheimer's disease) may be due to synaptic dysfunction caused by the accumulation of non-fibrillar, oligomeric Abeta (amyloid beta-peptide), long before widespread synaptic loss and neurodegeneration occurs. Soluble Abeta oligomers can rapidly disrupt synaptic memory mechanisms at extremely low concentrations via stress-activated kinases and oxidative/nitrosative stress mediators. Here, we summarize experiments that investigated whether certain putative receptors for Abeta, the alphav integrin extracellular cell matrix-binding protein and the cytokine TNFalpha (tumour necrosis factor alpha) type-1 death receptor mediate Abeta oligomer-induced inhibition of LTP (long-term potentiation). Ligands that neutralize TNFalpha or genetic knockout of TNF-R1s (type-1 TNFalpha receptors) prevented Abeta-triggered inhibition of LTP in hippocampal slices. Similarly, antibodies to alphav-containing integrins abrogated LTP block by Abeta. Protection against the synaptic plasticity-disruptive effects of soluble Abeta was also achieved using systemically administered small molecules targeting these mechanisms in vivo. Taken together, this research lends support to therapeutic trials of drugs antagonizing synaptic plasticity-disrupting actions of Abeta oligomers in preclinical AD.\n", "denotations": [{"span": {"begin": 0, "end": 27}, "obj": "BACKGROUND", "id": "T1"}, {"span": {"begin": 28, "end": 89}, "obj": "BACKGROUND", "id": "T2"}, {"span": {"begin": 90, "end": 368}, "obj": "BACKGROUND", "id": "T3"}, {"span": {"begin": 369, "end": 544}, "obj": "BACKGROUND", "id": "T4"}, {"span": {"begin": 545, "end": 855}, "obj": "BACKGROUND", "id": "T5"}, {"span": {"begin": 856, "end": 919}, "obj": "BACKGROUND", "id": "T6"}, {"span": {"begin": 920, "end": 1014}, "obj": "RESULTS", "id": "T7"}, {"span": {"begin": 1015, "end": 1097}, "obj": "RESULTS", "id": "T8"}, {"span": {"begin": 1098, "end": 1278}, "obj": "RESULTS", "id": "T9"}, {"span": {"begin": 1279, "end": 1443}, "obj": "CONCLUSIONS", "id": "T10"}]}