{"text": "Matrix metalloproteinase inhibition facilitates cell death in intracerebral hemorrhage in mouse.\nIntracerebral hemorrhage (ICH) initiates an inflammatory response with secondary growth of hemorrhage and cell death. Matrix metalloproteinase (MMP) gelatinolytic activity is increased in ICH, and synthetic inhibitors to MMPs reduce edema and hemorrhage size. Recently, we found that tissue inhibitor of metalloproteinase-3 (TIMP-3) is elevated after ischemia and colocalizes with TUNEL (terminal deoxynucleotidyl transferase-mediated 2'-deoxyuridine 5'-triphosphate-biotin nick end-labeled)-labeled cells. Tissue inhibitor of metalloproteinase-3 promotes neuronal apoptosis in vitro by blocking the shedding of the tumor necrosis factor (TNF) superfamily of death receptors/ligands by stromelysin-1 (MMP-3). However, the effect of TIMP-3 and synthetic MMP inhibitors on cell death in ICH is unclear. Therefore, we used the collagenase-induced intracerebral hemorrhage (CIH) model in Timp-3 knockout and C57Bl/6 wild-type mice to study MMP expression, hemorrhage volume, and cell death. Real-time PCR showed an increase in Mmp-3 mRNA in CIH, but similar Mmp-2 and -9 mRNA expression levels in CIH and saline-injected mice. Protein levels of pro and cleaved MMP-3 were increased in CIH, and zymographic gelatinolytic activity of MMP-9 was elevated after CIH at 72 h, suggesting an exogenous source. Apoptosis was shown by increased caspase-3 levels at 2 and 72 h, and active caspase-8 by 2 and 24 h. The Timp-3 null mouse and wild types had similar hemorrhage sizes and TUNEL-labeled cells. Unexpectedly, the broad-spectrum MMP inhibitor BB-94 increased hemorrhage size and TUNEL-labeled cells. Our results fail to implicate TIMP-3 in apoptosis in CIH, but show that BB-94 increased apoptosis in CIH, possibly by blocking shedding of TNF death receptors and/or their ligands.\n", "denotations": [{"span": {"begin": 0, "end": 96}, "obj": "BACKGROUND", "id": "T1"}, {"span": {"begin": 97, "end": 214}, "obj": "BACKGROUND", "id": "T2"}, {"span": {"begin": 215, "end": 356}, "obj": "BACKGROUND", "id": "T3"}, {"span": {"begin": 357, "end": 483}, "obj": "BACKGROUND", "id": "T4"}, {"span": {"begin": 484, "end": 603}, "obj": "BACKGROUND", "id": "T5"}, {"span": {"begin": 604, "end": 805}, "obj": "BACKGROUND", "id": "T6"}, {"span": {"begin": 806, "end": 897}, "obj": "BACKGROUND", "id": "T7"}, {"span": {"begin": 898, "end": 1083}, "obj": "BACKGROUND", "id": "T8"}, {"span": {"begin": 1084, "end": 1219}, "obj": "RESULTS", "id": "T9"}, {"span": {"begin": 1220, "end": 1394}, "obj": "RESULTS", "id": "T10"}, {"span": {"begin": 1395, "end": 1492}, "obj": "RESULTS", "id": "T11"}, {"span": {"begin": 1493, "end": 1495}, "obj": "RESULTS", "id": "T12"}, {"span": {"begin": 1496, "end": 1586}, "obj": "RESULTS", "id": "T13"}, {"span": {"begin": 1587, "end": 1690}, "obj": "RESULTS", "id": "T14"}, {"span": {"begin": 1691, "end": 1871}, "obj": "CONCLUSIONS", "id": "T15"}]}