{"text": "Matrix metalloproteinase (MMP) induction and inhibition at different doses of recombinant tissue plasminogen activator following experimental stroke.\nAlthough recombinant tissue plasminogen activator (rt-PA) is successfully used for thrombolysis in human stroke, it may increase the risk of haemorrhagic complications. It was shown that the matrix metalloproteinase (MMP) system is critically involved in basal lamina degradation after middle cerebral artery occlusion and reperfusion following rt-PA administration. We describe the effects of different doses of rt-PA (saline, 0.9, 9, or 18 mg rt-PA/kg body weight) on the MMPs, their specific inhibitors (TIMPs), and also their inducer protein EMMPRIN following experimental cerebral ischemia (3 hours (h), 24 h reperfusion, suture model) in rats. The amount of MMP-2 and -9 was measured by gelatine zymography, TIMP-1 and -2 by reverse gelatine zymography, and the content of EMMPRIN and the basal lamina component collagen type IV by Western blotting. The amount of both MMPs steadily rose with increasing doses of rt-PA (p less than 0.05). In contrast, their endogenous inhibitors TIMPs decreased (p less than 0.001). A balance between the proteases and their inhibitors was achieved at the low dose of 0.9 mg/kg rt-PA in the rats, which significantly coincided with the demonstrated protection of collagen type IV degradation at this dose. The inducer protein EMMPRIN increased in parallel to its substrate MMP-2. Exogenous rt-PA leads to an increase of the MMP-inducing system by EMMPRIN, and a rise of the degrading MMPs follows. However, at low to moderate doses of rt-PA the microvascular basal lamina was protected, probably due to inhibition of MMP-2 and MMP-9 by the upregulation of their inhibitors. This strongly supports use of the lowest effective dosage of rt-PA available.\n", "denotations": [{"span": {"begin": 0, "end": 149}, "obj": "OBJECTIVE", "id": "T1"}, {"span": {"begin": 150, "end": 318}, "obj": "OBJECTIVE", "id": "T2"}, {"span": {"begin": 319, "end": 516}, "obj": "OBJECTIVE", "id": "T3"}, {"span": {"begin": 517, "end": 799}, "obj": "OBJECTIVE", "id": "T4"}, {"span": {"begin": 800, "end": 813}, "obj": "METHODS", "id": "T5"}, {"span": {"begin": 814, "end": 1005}, "obj": "METHODS", "id": "T6"}, {"span": {"begin": 1006, "end": 1094}, "obj": "RESULTS", "id": "T7"}, {"span": {"begin": 1095, "end": 1172}, "obj": "RESULTS", "id": "T8"}, {"span": {"begin": 1173, "end": 1395}, "obj": "RESULTS", "id": "T9"}, {"span": {"begin": 1396, "end": 1469}, "obj": "RESULTS", "id": "T10"}, {"span": {"begin": 1470, "end": 1587}, "obj": "CONCLUSIONS", "id": "T11"}, {"span": {"begin": 1588, "end": 1763}, "obj": "CONCLUSIONS", "id": "T12"}, {"span": {"begin": 1764, "end": 1841}, "obj": "CONCLUSIONS", "id": "T13"}]}