{"text": "Comparative analysis of meiotic progression in female mice bearing mutations in genes of the DNA mismatch repair pathway.\nThe DNA mismatch repair (MMR) family functions in a variety of contexts to preserve genome integrity in most eukaryotes. In particular, members of the MMR family are involved in the process of meiotic recombination in germ cells. MMR gene mutations in mice result in meiotic disruption during prophase I, but the extent of this disruption often differs between male and female meiocytes. To address the role of MMR proteins specifically in female meiosis, we explored the progression of oocytes through prophase I and the meiotic divisions in mice harboring deletions in members of the MMR pathway (Mlh1, Mlh3, Exo1, and an ATPase-deficient variant of Mlh1, Mlh1(G67R)). The colocalization of MLH1 and MLH3, key proteins involved in stabilization of nascent crossovers, was dependent on intact heterodimer formation and was highly correlated with the ability of oocytes to progress through to metaphase II. The exception was Exo1(-/-) oocytes, in which normal MLH1/MLH3 localization was observed followed by failure to proceed to metaphase II. All mutant oocytes were able to resume meiosis after dictyate arrest, but they showed a dramatic decline in chiasmata (to less than 25% of normal), accompanied by varied progression through metaphase I. Taken together, these results demonstrate that MMR function is required for the formation and stabilization of crossovers in mammalian oocytes and that, in the absence of a functional MMR system, the failure to maintain chiasmata results in a reduced ability to proceed normally through the first and second meiotic divisions, despite near-normal levels of meiotic resumption after dictyate arrest.\n", "denotations": [{"span": {"begin": 0, "end": 121}, "obj": "OBJECTIVE", "id": "T1"}, {"span": {"begin": 122, "end": 242}, "obj": "OBJECTIVE", "id": "T2"}, {"span": {"begin": 243, "end": 351}, "obj": "OBJECTIVE", "id": "T3"}, {"span": {"begin": 352, "end": 509}, "obj": "OBJECTIVE", "id": "T4"}, {"span": {"begin": 510, "end": 633}, "obj": "OBJECTIVE", "id": "T5"}, {"span": {"begin": 634, "end": 792}, "obj": "METHODS", "id": "T6"}, {"span": {"begin": 793, "end": 1028}, "obj": "METHODS", "id": "T7"}, {"span": {"begin": 1029, "end": 1165}, "obj": "METHODS", "id": "T8"}, {"span": {"begin": 1166, "end": 1355}, "obj": "RESULTS", "id": "T9"}, {"span": {"begin": 1356, "end": 1767}, "obj": "CONCLUSIONS", "id": "T10"}]}