{"text": "Role of autophagy in G2019S-LRRK2-associated neurite shortening in differentiated SH-SY5Y cells.\nNeuritic retraction represents a prominent feature of the degenerative phenotype associated with mutations in leucine rich repeat kinase 2 (LRRK2) that are implicated in autosomal dominant and some cases of sporadic Parkinson's disease. Alterations in macroautophagy, the vacuolar catabolism of cytoplasmic constituents, have been described in Parkinson's disease. In this study, we utilized retinoic-acid differentiated SH-SY5Y cells to determine whether autophagy contributes to mutant LRRK2-associated neurite degeneration. Transfection of pre-differentiated SH-SY5Y cells with LRRK2 cDNA containing the common G2019S mutation resulted in significant decreases in neurite length, which were not observed in cells transfected with wild type LRRK2 or its kinase-dead K1906M mutation. G2019S LRRK2 transfected cells also exhibited striking increases in autophagic vacuoles in both neuritic and somatic compartments, as demonstrated by fluorescence and western blot analysis of the autophagy marker green fluorescent protein-tagged microtubule-associated protein Light Chain 3 and by transmission electron microscopy. RNA interference knockdown of LC3 or Atg7, two essential components of the conserved autophagy machinery, reversed the effects of G2019S LRRK2 expression on neuronal process length, whereas rapamycin potentiated these effects. The mitogen activated protein kinase/extracellular signal regulated protein kinase (MAPK/ERK) kinase (MEK) inhibitor 1,4-diamino-2,3-dicyano-1,4-bis(2-aminophenylthio)butadiene (U0126) reduced LRRK2-induced neuritic autophagy and neurite shortening, implicating MAPK/ERK-related signaling. These results indicate an active role for autophagy in neurite remodeling induced by pathogenic mutation of LRRK2.\n", "denotations": [{"span": {"begin": 0, "end": 96}, "obj": "BACKGROUND", "id": "T1"}, {"span": {"begin": 97, "end": 333}, "obj": "BACKGROUND", "id": "T2"}, {"span": {"begin": 334, "end": 461}, "obj": "BACKGROUND", "id": "T3"}, {"span": {"begin": 462, "end": 488}, "obj": "METHODS", "id": "T4"}, {"span": {"begin": 489, "end": 517}, "obj": "METHODS", "id": "T5"}, {"span": {"begin": 518, "end": 623}, "obj": "METHODS", "id": "T6"}, {"span": {"begin": 624, "end": 683}, "obj": "RESULTS", "id": "T7"}, {"span": {"begin": 684, "end": 881}, "obj": "RESULTS", "id": "T8"}, {"span": {"begin": 882, "end": 1213}, "obj": "RESULTS", "id": "T9"}, {"span": {"begin": 1214, "end": 1440}, "obj": "RESULTS", "id": "T10"}, {"span": {"begin": 1441, "end": 1730}, "obj": "RESULTS", "id": "T11"}, {"span": {"begin": 1731, "end": 1845}, "obj": "CONCLUSIONS", "id": "T12"}]}