{"text": "Sedimentation studies on human amylin fail to detect low-molecular-weight oligomers.\nSedimentation velocity experiments show that only monomers coexist with amyloid fibrils of human islet amyloid-polypeptide. No oligomers containing  less than 100 monomers could be detected, suggesting that the putative toxic oligomers are much larger than those found for the Alzheimer's peptide, Abeta(1-42).\n", "denotations": [{"span": {"begin": 0, "end": 84}, "obj": "BACKGROUND", "id": "T1"}, {"span": {"begin": 85, "end": 208}, "obj": "BACKGROUND", "id": "T2"}, {"span": {"begin": 209, "end": 395}, "obj": "BACKGROUND", "id": "T3"}]}