{"text": "Reaching activity in parietal area V6A of macaque: eye influence on arm activity or retinocentric coding of reaching movements?\nParietal area V6A contains neurons modulated by the direction of gaze as well as neurons able to code the direction of arm movement. The present study was aimed to disentangle the gaze effect from the effect of reaching activity upon single V6A neurons. To this purpose, we used a visuomotor task in which the direction of arm movement remained constant while the animal changed the direction of gaze. Gaze direction modulated reach-related activity in about two-thirds of tested neurons. In several cases, modulations were not due to the eye-position signal per se, the apparent eye-position modulation being just an epiphenomenon. The real modulating factor was the location of reaching target with respect to the point gazed by the animal, that is, the retinotopic coordinates towards which the action of reaching occurred. Comparison of neural discharge of the same cell during execution of foveated and non-foveated reaching movements, performed towards the same or different spatial locations, confirmed that in a part of V6A neurons reaching activity is coded retinocentrically. In other neurons, reaching activity is coded spatially, depending on the direction of reaching movement regardless of where the animal was looking at. The majority of V6A reaching neurons use a system that encompasses both of these reference frames. These results are in line with the view of a progressive visuomotor transformation in the dorsal visual stream, that changes the frame of reference from the retinocentric one, typically used by the visual system, to the arm-centred one, typically used by the motor system.\n", "denotations": [{"span": {"begin": 0, "end": 127}, "obj": "OBJECTIVE", "id": "T1"}, {"span": {"begin": 128, "end": 260}, "obj": "OBJECTIVE", "id": "T2"}, {"span": {"begin": 261, "end": 381}, "obj": "OBJECTIVE", "id": "T3"}, {"span": {"begin": 382, "end": 529}, "obj": "OBJECTIVE", "id": "T4"}, {"span": {"begin": 530, "end": 616}, "obj": "RESULTS", "id": "T5"}, {"span": {"begin": 617, "end": 760}, "obj": "RESULTS", "id": "T6"}, {"span": {"begin": 761, "end": 954}, "obj": "RESULTS", "id": "T7"}, {"span": {"begin": 955, "end": 1213}, "obj": "RESULTS", "id": "T8"}, {"span": {"begin": 1214, "end": 1364}, "obj": "CONCLUSIONS", "id": "T9"}, {"span": {"begin": 1365, "end": 1463}, "obj": "CONCLUSIONS", "id": "T10"}, {"span": {"begin": 1464, "end": 1736}, "obj": "CONCLUSIONS", "id": "T11"}]}