{"text": "Expression analysis of carbohydrate antigens in ductal carcinoma in situ of the breast by lectin histochemistry.\nThe number of breast cancer patients diagnosed with ductal carcinoma in situ (DCIS) continues to grow. Laboratory and clinical data indicate that DCIS can progress to invasive disease. Carbohydrate-mediated cell-cell adhesion and tumor-stroma interaction play crucial roles in tumorigenesis and tumor aggressive behavior. Breast carcinogenesis may reflect quantitative as well as qualitative changes in oligosaccharide expression, which may provide a useful tool for early detection of breast cancer. Because tumor-associated carbohydrate antigens (TACA) are implicated in tumor invasion and metastasis, the purpose of this study was to assess the expression of selected TACA by lectin histochemistry on DCIS specimens from the archival breast cancer tissue array bank of the University of Arkansas for Medical Sciences. For detection of TACA expression, specimens were stained with Griffonia simplicifolia lectin-I (GS-I) and Vicia vilosa agglutinin (VVA). We studied associations of lectin reactivity with established prognostic factors, such as tumor size, tumor nuclear grade, and expression of Her-2/neu, p53 mutant and estrogen and progesterone receptors. We observed that both lectins showed significant associations with nuclear grade of DCIS. DCIS specimens with nuclear grades II and III showed significantly more intense reactivity than DCIS cases with nuclear grade I to GS-1 (Mean-score chi-square = 17.60, DF = 2; P = 0.0002) and VVA (Mean-score chi-square = 15.72, DF = 2; P = 0.0004). The results suggest that the expression of VVA- and GS-I-reactive carbohydrate antigens may contribute to forming higher grade DCIS and increase the recurrence risk.\n", "denotations": [{"span": {"begin": 0, "end": 112}, "obj": "BACKGROUND", "id": "T1"}, {"span": {"begin": 113, "end": 215}, "obj": "BACKGROUND", "id": "T2"}, {"span": {"begin": 216, "end": 297}, "obj": "BACKGROUND", "id": "T3"}, {"span": {"begin": 298, "end": 434}, "obj": "BACKGROUND", "id": "T4"}, {"span": {"begin": 435, "end": 613}, "obj": "BACKGROUND", "id": "T5"}, {"span": {"begin": 614, "end": 933}, "obj": "BACKGROUND", "id": "T6"}, {"span": {"begin": 934, "end": 1070}, "obj": "BACKGROUND", "id": "T7"}, {"span": {"begin": 1071, "end": 1274}, "obj": "BACKGROUND", "id": "T8"}, {"span": {"begin": 1275, "end": 1364}, "obj": "RESULTS", "id": "T9"}, {"span": {"begin": 1365, "end": 1490}, "obj": "RESULTS", "id": "T10"}, {"span": {"begin": 1491, "end": 1500}, "obj": "RESULTS", "id": "T11"}, {"span": {"begin": 1501, "end": 1539}, "obj": "RESULTS", "id": "T12"}, {"span": {"begin": 1539, "end": 1560}, "obj": "RESULTS", "id": "T13"}, {"span": {"begin": 1561, "end": 1583}, "obj": "RESULTS", "id": "T14"}, {"span": {"begin": 1584, "end": 1592}, "obj": "RESULTS", "id": "T15"}, {"span": {"begin": 1593, "end": 1599}, "obj": "RESULTS", "id": "T16"}, {"span": {"begin": 1599, "end": 1613}, "obj": "RESULTS", "id": "T17"}, {"span": {"begin": 1614, "end": 1779}, "obj": "CONCLUSIONS", "id": "T18"}]}