{"text": "A mutation in the putative MLH3 endonuclease domain confers a defect in both mismatch repair and meiosis in Saccharomyces cerevisiae.\nInterference-dependent crossing over in yeast and mammalian meioses involves the mismatch repair protein homologs MSH4-MSH5 and MLH1-MLH3. The MLH3 protein contains a highly conserved metal-binding motif DQHA(X)(2)E(X)(4)E that is found in a subset of MLH proteins predicted to have endonuclease activities (Kadyrov et al. 2006). Mutations within this motif in human PMS2 and Saccharomyces cerevisiae PMS1 disrupted the endonuclease and mismatch repair activities of MLH1-PMS2 and MLH1-PMS1, respectively (Kadyrov et al. 2006, 2007; Erdeniz et al. 2007). As a first step in determining whether such an activity is required during meiosis, we made mutations in the MLH3 putative endonuclease domain motif (-D523N, -E529K) and found that single and double mutations conferred mlh3-null-like defects with respect to meiotic spore viability and crossing over. Yeast two-hybrid and chromatography analyses showed that the interaction between MLH1 and mlh3-D523N was maintained, suggesting that the mlh3-D523N mutation did not disrupt the stability of MLH3. The mlh3-D523N mutant also displayed a mutator phenotype in vegetative growth that was similar to mlh3Delta. Overexpression of this allele conferred a dominant-negative phenotype with respect to mismatch repair. These studies suggest that the putative endonuclease domain of MLH3 plays an important role in facilitating mismatch repair and meiotic crossing over.\n", "denotations": [{"span": {"begin": 0, "end": 133}, "obj": "BACKGROUND", "id": "T1"}, {"span": {"begin": 134, "end": 272}, "obj": "BACKGROUND", "id": "T2"}, {"span": {"begin": 273, "end": 463}, "obj": "BACKGROUND", "id": "T3"}, {"span": {"begin": 464, "end": 688}, "obj": "BACKGROUND", "id": "T4"}, {"span": {"begin": 689, "end": 839}, "obj": "BACKGROUND", "id": "T5"}, {"span": {"begin": 839, "end": 989}, "obj": "RESULTS", "id": "T6"}, {"span": {"begin": 990, "end": 1185}, "obj": "RESULTS", "id": "T7"}, {"span": {"begin": 1186, "end": 1294}, "obj": "RESULTS", "id": "T8"}, {"span": {"begin": 1295, "end": 1397}, "obj": "RESULTS", "id": "T9"}, {"span": {"begin": 1398, "end": 1548}, "obj": "CONCLUSIONS", "id": "T10"}]}