{"text": "Neuroendocrine ductal carcinoma in situ (NE-DCIS) of the breast--comparative clinicopathological study of 20 NE-DCIS cases and 274 non-NE-DCIS cases.\nKawasaki T, Nakamura S, Sakamoto G, Murata S, Tsunoda-shimizu H, Suzuki K, Takahashi O, Nakazawa T, Kondo T and Katoh R (2008) Histopathology53, 288-298Neuroendocrine ductal carcinoma in situ (NE-DCIS) of the breast - comparative clinicopathological study of 20 NE-DCIS cases and 274 non-NE-DCIS cases Aims: To clarify the clinicopathological significance of breast neuroendocrine ductal carcinoma in situ (NE-DCIS), i.e. DCIS in which  greater than 50% of cells immunohistochemically express NE markers (chromogranin A and/or synaptophysin), 20 NE-DCIS were studied and the findings compared with those of 274 non-NE-DCIS. NE-DCIS accounted for 6.8% of all DCIS. Mean patient age was 50.4 years for NE-DCIS and 49.6 years for non-NE-DCIS (P = 0.66). The main clinical presentation of NE-DCIS was a bloody nipple discharge, seen in 72%, significantly different from the 5% in non-NE-DCIS cases (P  less than  0.01). Carcinoma was preoperatively diagnosed in 67% of NE-DCIS and 95% of non-NE-DCIS cases (P  less than  0.01). NE-DCIS was histologically characterized by a predominantly solid growth of cancer cells with fine-granular cytoplasm and ovoid, or occasionally spindle-shaped nuclei. A well-developed vascular network was also common. Nuclear grades and Van Nuys classification were significantly lower for NE-DCIS than for non-NE-DCIS (P  less than  0.01). The mean MIB-1 labelling index was 4.3% in NE-DCIS and 8.1% in non-NE-DCIS (P  less than  0.01). Furthermore, NE-DCIS cases had significantly higher oestrogen and progesterone receptor and lower HER2 scores than non-NE-DCIS cases (P  less than  0.01). NE-DCIS has characteristic clinicopathological features and can, therefore, be regarded as a distinct variant of DCIS.\n", "denotations": [{"span": {"begin": 0, "end": 149}, "obj": "METHODS", "id": "T1"}, {"span": {"begin": 150, "end": 773}, "obj": "METHODS", "id": "T2"}, {"span": {"begin": 774, "end": 813}, "obj": "RESULTS", "id": "T3"}, {"span": {"begin": 814, "end": 900}, "obj": "RESULTS", "id": "T4"}, {"span": {"begin": 901, "end": 1065}, "obj": "RESULTS", "id": "T5"}, {"span": {"begin": 1066, "end": 1173}, "obj": "RESULTS", "id": "T6"}, {"span": {"begin": 1174, "end": 1341}, "obj": "RESULTS", "id": "T7"}, {"span": {"begin": 1342, "end": 1392}, "obj": "RESULTS", "id": "T8"}, {"span": {"begin": 1393, "end": 1515}, "obj": "RESULTS", "id": "T9"}, {"span": {"begin": 1516, "end": 1612}, "obj": "RESULTS", "id": "T10"}, {"span": {"begin": 1613, "end": 1767}, "obj": "RESULTS", "id": "T11"}, {"span": {"begin": 1768, "end": 1886}, "obj": "CONCLUSIONS", "id": "T12"}]}