{"text": "Detection of in situ mammary cancer in a transgenic mouse model: in vitro and in vivo MRI studies demonstrate histopathologic correlation.\nImproving the prevention and detection of preinvasive ductal carcinoma in situ (DCIS) is expected to lower both morbidity and mortality from breast cancer. Transgenic mouse models can be used as a 'test bed' to develop new imaging methods and to evaluate the efficacy of candidate preventive therapies. We hypothesized that despite its microscopic size, early murine mammary cancer, including DCIS, might be accurately detected by MRI. C3(1) SV40 TAg female mice (n=23) between 10 and 18 weeks of age were selected for study. Eleven mice were subjected to in vitro imaging using a T(2)-weighted spin echo sequence and 12 mice were selected for in vivo imaging using a T(1)-weighted gradient echo, a T(2)-weighted spin echo and high spectral and spatial resolution imaging sequences. The imaged glands were carefully dissected, formalin fixed and paraffin embedded, and then HandE stained sections were obtained. The ratio of image-detected versus histologically detected cancers was obtained by reviewing the MR images and HandE sections independently and using histology as the gold standard. MR images were able to detect 12/12 intramammary lymph nodes, 1/1 relatively large (approximately 5 mm) tumor, 17/18 small (approximately 1 mm) tumors and 13/16 ducts distended with DCIS greater than 300 microm. Significantly, there were no false positives--i.e., image detection always corresponded to a histologically detectable cancer in this model. These results indicate that MR imaging can reliably detect both preinvasive in situ and early invasive mammary cancers in mice with high sensitivity. This technology is an important step toward the more effective use of non-invasive imaging in pre-clinical studies of breast cancer prevention, detection and treatment.\n", "denotations": [{"span": {"begin": 0, "end": 138}, "obj": "BACKGROUND", "id": "T1"}, {"span": {"begin": 139, "end": 294}, "obj": "BACKGROUND", "id": "T2"}, {"span": {"begin": 295, "end": 441}, "obj": "BACKGROUND", "id": "T3"}, {"span": {"begin": 442, "end": 574}, "obj": "BACKGROUND", "id": "T4"}, {"span": {"begin": 575, "end": 580}, "obj": "METHODS", "id": "T5"}, {"span": {"begin": 581, "end": 608}, "obj": "METHODS", "id": "T6"}, {"span": {"begin": 609, "end": 664}, "obj": "METHODS", "id": "T7"}, {"span": {"begin": 665, "end": 921}, "obj": "METHODS", "id": "T8"}, {"span": {"begin": 922, "end": 1050}, "obj": "METHODS", "id": "T9"}, {"span": {"begin": 1051, "end": 1232}, "obj": "METHODS", "id": "T10"}, {"span": {"begin": 1233, "end": 1444}, "obj": "RESULTS", "id": "T11"}, {"span": {"begin": 1445, "end": 1495}, "obj": "RESULTS", "id": "T12"}, {"span": {"begin": 1495, "end": 1585}, "obj": "RESULTS", "id": "T13"}, {"span": {"begin": 1586, "end": 1735}, "obj": "CONCLUSIONS", "id": "T14"}, {"span": {"begin": 1736, "end": 1904}, "obj": "CONCLUSIONS", "id": "T15"}]}