{"text": "Erythropoietin attenuates intracerebral hemorrhage by diminishing matrix metalloproteinases and maintaining blood-brain barrier integrity in mice.\nThe protective mechanism of recombinant human erythropoietin (rhEPO) on blood-brain barrier (BBB) after brain injury is associated with the attenuation of neuro-inflammation. We hypothesize that rhEPO treatment after intracerebral hemorrhage (ICH) modulates matrix metalloproteinase (MMP) activity, maintains BBB integrity, and reduces BBB breakdown-associated inflammation. Adult male 129S2/sv mice were subjected to autologous whole blood-induced ICH. rhEPO or saline was administered intraperitoneally immediately after surgery and for 3 more days until day of sacrifice. BBB permeability was measured by Evans blue leakage, and edema was assessed by brain water content. Immunofluorescence and Western blotting were performed to detect expression of tight junction marker occludin, type IV collagen, MMPs, tissue inhibitor of metalloproteinase (TIMP), and glial fibrillary acidic protein, rhEPO prevented Evans blue leakage, reduced brain edema, and preserved expression of occludin and collagen IV. rhEPO treatment decreased MMP-2 expression, increased TIMP-2 expression, and reduced the number of reactive astrocytes in the brain compared to saline control. We conclude that rhEPO reduces MMP activity, BBB disruption, and the glial cell inflammatory reaction 3 days after ICH. Our study provides additional evidence for the mechanism of rhEPO's neurovascular protective effects and a potential clinical application in the treatment of ICH.\n", "denotations": [{"span": {"begin": 0, "end": 146}, "obj": "OBJECTIVE", "id": "T1"}, {"span": {"begin": 147, "end": 321}, "obj": "OBJECTIVE", "id": "T2"}, {"span": {"begin": 322, "end": 521}, "obj": "OBJECTIVE", "id": "T3"}, {"span": {"begin": 522, "end": 600}, "obj": "METHODS", "id": "T4"}, {"span": {"begin": 601, "end": 721}, "obj": "METHODS", "id": "T5"}, {"span": {"begin": 722, "end": 821}, "obj": "METHODS", "id": "T6"}, {"span": {"begin": 822, "end": 1150}, "obj": "METHODS", "id": "T7"}, {"span": {"begin": 1151, "end": 1310}, "obj": "RESULTS", "id": "T8"}, {"span": {"begin": 1311, "end": 1430}, "obj": "CONCLUSIONS", "id": "T9"}, {"span": {"begin": 1431, "end": 1593}, "obj": "CONCLUSIONS", "id": "T10"}]}