{"text": "NMDA preconditioning and neuroprotection in vivo: delayed onset of kainic acid-induced neurodegeneration and c-Fos attenuation in CA3a neurons.\nIntraventricular (i.c.v.) kainic acid (KA) causes an acute excitotoxic lesion to the CA3 region of rodent hippocampus. Recent evidence implicated c-fos gene in regulating neuron survival and death following an excitotoxic insult. In this study we attempted to prevent KA-induced damage in CA3 neurons with NMDA preconditioning, which produced a marked expression of c-fos in the hippocampus. NMDA (0.6-6 microg, i.c.v.) was injected to anesthetized rats alone or 1 h before KA (0.15 microg, i.c.v.). Following KA injection, vibratome sections were processed for immunohistochemistry/electron microscopy. c-Fos and Nissl staining were used to estimate the extent of neuronal excitation and damage, respectively. Quantitative evaluation of c-Fos-labeled cells showed significantly less c-Fos in CA3a than in neighboring CA3b and CA2 from 1 to 4 h after KA alone. Attenuation of expressed c-Fos in CA3a was accompanied by damage of neurons with more apoptotic than necrotic signs. NMDA preconditioning elevated CA3a c-Fos expression and at 1 and 2 h exceeded markedly that after KA alone. However, at 4 h after KA, NMDA-preconditioned c-Fos induction in CA3a diminished to the same level as that seen after KA alone. The onset of neuronal degeneration was delayed in similar way. While NMDA-induced c-Fos expression in CA3a could be blocked by MK-801 completely, MK-801 and CNQX were both without significant effect on KA-induced c-Fos expression and neuronal damage. In conclusion, inhibition of c-Fos expression and onset of neuronal damage in CA3a following icv KA injection might be transiently delayed by i.c.v. NMDA preconditioning.\n", "denotations": [{"span": {"begin": 0, "end": 143}, "obj": "BACKGROUND", "id": "T1"}, {"span": {"begin": 144, "end": 262}, "obj": "BACKGROUND", "id": "T2"}, {"span": {"begin": 263, "end": 373}, "obj": "BACKGROUND", "id": "T3"}, {"span": {"begin": 374, "end": 535}, "obj": "BACKGROUND", "id": "T4"}, {"span": {"begin": 536, "end": 643}, "obj": "METHODS", "id": "T5"}, {"span": {"begin": 644, "end": 747}, "obj": "METHODS", "id": "T6"}, {"span": {"begin": 748, "end": 854}, "obj": "METHODS", "id": "T7"}, {"span": {"begin": 855, "end": 1004}, "obj": "RESULTS", "id": "T8"}, {"span": {"begin": 1005, "end": 1121}, "obj": "RESULTS", "id": "T9"}, {"span": {"begin": 1122, "end": 1229}, "obj": "RESULTS", "id": "T10"}, {"span": {"begin": 1230, "end": 1357}, "obj": "RESULTS", "id": "T11"}, {"span": {"begin": 1358, "end": 1420}, "obj": "RESULTS", "id": "T12"}, {"span": {"begin": 1421, "end": 1608}, "obj": "RESULTS", "id": "T13"}, {"span": {"begin": 1609, "end": 1757}, "obj": "CONCLUSIONS", "id": "T14"}, {"span": {"begin": 1758, "end": 1779}, "obj": "CONCLUSIONS", "id": "T15"}]}