{"text": "Cyclosporine A inhibits the expression of membrane type-I matrix metalloproteinase in gingiva.\nMembrane type-I matrix metalloproteinase (MMP) and tissue inhibitor of metalloproteinase-2 (TIMP-2) regulate the activation of MMP-2; however, their roles in the activation of MMP-2 in gingiva during treatment with cyclosporine A are still unknown. Therefore, the expressions of membrane type-I MMP and TIMP-2, as well as MMP-2, in gingivae upon treatment with cyclosporine A were examined in vivo and in vitro. Thirty-four rats were divided into two groups after edentulous ridges were established. The experimental group received 30 mg/kg/d of cyclosporine A and the control group received vehicle. At the end of the experimental period, the rats were killed, the gingivae were obtained and the expression of mRNA and protein of membrane type-I MMP, TIMP-2 and MMP-2 in gingiva were examined using real-time polymerase chain reaction and immunohistochemistry. In human gingival fibroblasts, the activity of MMP-2 and the expression of MMP-2, membrane type-I MMP and TIMP-2 mRNAs were examined (using zymography and reverse transcription-polymerase chain reaction, respectively) after treatment with cyclosporine A. In gingivae of rats, cyclosporine A significantly decreased the expression of mRNA and protein of membrane type-I MMP, but not of TIMP-2. The expression of MMP-2 mRNA was unaffected but the expression of MMP-2 protein showed a significant decrease upon treatment with cyclosporine A. In fibroblast culture medium, the presence of cyclosporine A induced a decrease in MMP-2 activity in a dose-dependent manner. The expression of MMP-2, membrane type-I MMP and TIMP-2 mRNAs in fibroblasts was not significantly affected by cyclosporine A; however, in fibroblasts the ratio of mRNA expression of membrane type-I MMP to that of TIMP-2 decreased as the cyclosporine A dose was increased. Cyclosporine A inhibits the expression of membrane type-I MMP in gingiva and it may further reduce the activation of MMP-2.\n", "denotations": [{"span": {"begin": 0, "end": 94}, "obj": "BACKGROUND", "id": "T1"}, {"span": {"begin": 95, "end": 185}, "obj": "BACKGROUND", "id": "T2"}, {"span": {"begin": 186, "end": 343}, "obj": "BACKGROUND", "id": "T3"}, {"span": {"begin": 344, "end": 506}, "obj": "BACKGROUND", "id": "T4"}, {"span": {"begin": 507, "end": 594}, "obj": "METHODS", "id": "T5"}, {"span": {"begin": 595, "end": 695}, "obj": "METHODS", "id": "T6"}, {"span": {"begin": 696, "end": 857}, "obj": "METHODS", "id": "T7"}, {"span": {"begin": 858, "end": 956}, "obj": "METHODS", "id": "T8"}, {"span": {"begin": 957, "end": 1062}, "obj": "METHODS", "id": "T9"}, {"span": {"begin": 1063, "end": 1211}, "obj": "METHODS", "id": "T10"}, {"span": {"begin": 1212, "end": 1349}, "obj": "RESULTS", "id": "T11"}, {"span": {"begin": 1350, "end": 1495}, "obj": "RESULTS", "id": "T12"}, {"span": {"begin": 1496, "end": 1621}, "obj": "RESULTS", "id": "T13"}, {"span": {"begin": 1622, "end": 1670}, "obj": "RESULTS", "id": "T14"}, {"span": {"begin": 1671, "end": 1894}, "obj": "RESULTS", "id": "T15"}, {"span": {"begin": 1895, "end": 1967}, "obj": "CONCLUSIONS", "id": "T16"}, {"span": {"begin": 1968, "end": 2018}, "obj": "CONCLUSIONS", "id": "T17"}]}