{"text": "Role of COX-2 in epithelial-stromal cell interactions and progression of ductal carcinoma in situ of the breast.\nEpithelial-stromal cell interactions have an important role in breast tumor progression, but the molecular mechanisms underlying these effects are just beginning to be understood. We previously described that fibroblasts promote, whereas normal myoepithelial cells inhibit, the progression of ductal carcinoma in situ (DCIS) to invasive breast carcinomas by using a xenograft model of human DCIS. Here, we report that the tumor growth and progression-promoting effects of fibroblasts are at least in part due to increased COX-2 expression in tumor epithelial cells provoked by their interaction with fibroblasts. Up-regulation of COX-2 in DCIS xenografts resulted in increased VEGF and MMP14 expression, which may contribute to the larger weight and invasive histology of COX-2-expressing tumors. Administration of celecoxib, a selective COX-2 inhibitor, to tumor-bearing mice decreased xenograft tumor weight and inhibited progression to invasion. Coculture of fibroblasts with DCIS epithelial cells enhanced their motility and invasion, and this change was associated with increased MMP14 expression and MMP9 protease activity. We identified the NF-kappaB pathway as one of the mediators of stromal fibroblast-derived signals regulating COX-2 expression in tumor epithelial cells. Inhibition of NF-kappaB and COX-2 activity and down-regulation of MMP9 expression attenuated the invasion-promoting effects of fibroblasts. These findings support a role for COX-2 in promoting the progression of DCIS to invasive breast carcinomas, and suggest that therapeutic targeting of the NF-kappaB and prostaglandin signaling pathways might be used for the treatment and prevention of breast cancer.\n", "denotations": [{"span": {"begin": 0, "end": 112}, "obj": "BACKGROUND", "id": "T1"}, {"span": {"begin": 113, "end": 292}, "obj": "BACKGROUND", "id": "T2"}, {"span": {"begin": 293, "end": 509}, "obj": "BACKGROUND", "id": "T3"}, {"span": {"begin": 510, "end": 725}, "obj": "BACKGROUND", "id": "T4"}, {"span": {"begin": 726, "end": 909}, "obj": "RESULTS", "id": "T5"}, {"span": {"begin": 910, "end": 1061}, "obj": "RESULTS", "id": "T6"}, {"span": {"begin": 1062, "end": 1242}, "obj": "RESULTS", "id": "T7"}, {"span": {"begin": 1243, "end": 1395}, "obj": "RESULTS", "id": "T8"}, {"span": {"begin": 1396, "end": 1535}, "obj": "RESULTS", "id": "T9"}, {"span": {"begin": 1536, "end": 1801}, "obj": "CONCLUSIONS", "id": "T10"}]}