{"text": "Mutant LRRK2(R1441G) BAC transgenic mice recapitulate cardinal features of Parkinson's disease.\nMutations in leucine-rich repeat kinase 2 (LRRK2) are the most common genetic cause of Parkinson's disease. We created a LRRK2 transgenic mouse model that recapitulates cardinal features of the disease: an age-dependent and levodopa-responsive slowness of movement associated with diminished dopamine release and axonal pathology of nigrostriatal dopaminergic projection. These mice provide a valid model of Parkinson's disease and are a resource for the investigation of pathogenesis and therapeutics.\n", "denotations": [{"span": {"begin": 0, "end": 95}, "obj": "BACKGROUND", "id": "T1"}, {"span": {"begin": 96, "end": 203}, "obj": "BACKGROUND", "id": "T2"}, {"span": {"begin": 204, "end": 467}, "obj": "METHODS", "id": "T3"}, {"span": {"begin": 468, "end": 598}, "obj": "CONCLUSIONS", "id": "T4"}]}