{"text": "Role of amyloid-beta glycine 33 in oligomerization, toxicity, and neuronal plasticity.\nThe aggregation of the amyloid-beta (Abeta) peptide plays a pivotal role in the pathogenesis of Alzheimer's disease, as soluble oligomers are intimately linked to neuronal toxicity and inhibition of hippocampal long-term potentiation (LTP). In the C-terminal region of Abeta there are three consecutive GxxxG dimerization motifs, which we could previously demonstrate to play a critical role in the generation of Abeta. Here, we show that glycine 33 (G33) of the central GxxxG interaction motif within the hydrophobic Abeta sequence is important for the aggregation dynamics of the peptide. Abeta peptides with alanine or isoleucine substitutions of G33 displayed an increased propensity to form higher oligomers, which we could attribute to conformational changes. Importantly, the oligomers of G33 variants were much less toxic than Abeta(42) wild type (WT), in vitro and in vivo. Also, whereas Abeta(42) WT is known to inhibit LTP, Abeta(42) G33 variants had lost the potential to inhibit LTP. Our findings reveal that conformational changes induced by G33 substitutions unlink toxicity and oligomerization of Abeta on the molecular level and suggest that G33 is the key amino acid in the toxic activity of Abeta. Thus, a specific toxic conformation of Abeta exists, which represents a promising target for therapeutic interventions.\n", "denotations": [{"span": {"begin": 0, "end": 86}, "obj": "BACKGROUND", "id": "T1"}, {"span": {"begin": 87, "end": 327}, "obj": "BACKGROUND", "id": "T2"}, {"span": {"begin": 328, "end": 506}, "obj": "BACKGROUND", "id": "T3"}, {"span": {"begin": 507, "end": 677}, "obj": "RESULTS", "id": "T4"}, {"span": {"begin": 678, "end": 852}, "obj": "RESULTS", "id": "T5"}, {"span": {"begin": 853, "end": 969}, "obj": "RESULTS", "id": "T6"}, {"span": {"begin": 970, "end": 1083}, "obj": "RESULTS", "id": "T7"}, {"span": {"begin": 1084, "end": 1303}, "obj": "CONCLUSIONS", "id": "T8"}, {"span": {"begin": 1304, "end": 1423}, "obj": "CONCLUSIONS", "id": "T9"}]}