{"text": "Leucine-rich repeat kinase 2 phosphorylates brain tubulin-beta isoforms and modulates microtubule stability--a point of convergence in parkinsonian neurodegeneration?\nAutosomal dominant mutations in leucine-rich repeat kinase 2 (LRRK2) are the most common genetic cause of late-onset Parkinson's disease. The most prevalent LRRK2(G2019S) mutation has repeatedly been shown to enhance kinase activity and neurotoxicity, however, the molecular mechanisms leading to neurodegeneration remain poorly defined. Here we show that recombinant human LRRK2 preferentially phosphorylates tubulin-beta purified from bovine brain and that phosphorylation is three-fold enhanced by the LRRK2(G2019S) mutation. By tandem mass spectrometry, Thr107 was identified as phosphorylation site which is highly conserved between tubulin-beta family members and also between tubulin-beta genes of different species. LRRK2 was co-immunoprecipitated with tubulin-beta both from wild-type mouse brain and from LRRK2 over-expressing, non-neuronal human embryonic kidney 293 cells. However, an effect of LRRK2 on tubulin phosphorylation and assembly was only detectable in mouse brain samples. In vitro co-incubation of bovine brain tubulins with LRRK2 increased microtubule stability in the presence of microtubule-associated proteins which may explain the reduction in neurite length in LRRK2-deficient neurons in culture. These findings suggest that LRRK2(G2019S)-induced neurodegeneration in Parkinsonian brains may be partly mediated by increased phosphorylation of tubulin-beta and constraining of microtubule dynamics.\n", "denotations": [{"span": {"begin": 0, "end": 166}, "obj": "BACKGROUND", "id": "T1"}, {"span": {"begin": 167, "end": 304}, "obj": "BACKGROUND", "id": "T2"}, {"span": {"begin": 305, "end": 504}, "obj": "BACKGROUND", "id": "T3"}, {"span": {"begin": 505, "end": 695}, "obj": "RESULTS", "id": "T4"}, {"span": {"begin": 696, "end": 890}, "obj": "RESULTS", "id": "T5"}, {"span": {"begin": 891, "end": 1051}, "obj": "RESULTS", "id": "T6"}, {"span": {"begin": 1052, "end": 1163}, "obj": "RESULTS", "id": "T7"}, {"span": {"begin": 1164, "end": 1394}, "obj": "CONCLUSIONS", "id": "T8"}, {"span": {"begin": 1395, "end": 1595}, "obj": "CONCLUSIONS", "id": "T9"}]}