{"text": "Parkin protects against LRRK2 G2019S mutant-induced dopaminergic neurodegeneration in Drosophila.\nMutations in the leucine-rich repeat kinase 2 (LRRK2) gene are currently recognized as the most common genetic cause of parkinsonism. Among the large number of LRRK2 mutations identified to date, the G2019S variant is the most common. In Asia, however, another LRRK2 variant, G2385R, appears to occur more frequently. To better understand the contribution of different LRRK2 variants toward disease pathogenesis, we generated transgenic Drosophila over-expressing various human LRRK2 alleles, including wild type, G2019S, Y1699C, and G2385R LRRK2. We found that transgenic flies harboring G2019S, Y1699C, or G2385R LRRK2 variant, but not the wild-type protein, exhibit late-onset loss of dopaminergic (DA) neurons in selected clusters that is accompanied by locomotion deficits. Furthermore, LRRK2 mutant flies also display reduced lifespan and increased sensitivity to rotenone, a mitochondrial complex I inhibitor. Importantly, coexpression of human parkin in LRRK2 G2019S-expressing flies provides significant protection against DA neurodegeneration that occurs with age or in response to rotenone. Together, our results suggest a potential link between LRRK2, parkin, and mitochondria in the pathogenesis of LRRK2-related parkinsonism.\n", "denotations": [{"span": {"begin": 0, "end": 97}, "obj": "BACKGROUND", "id": "T1"}, {"span": {"begin": 98, "end": 141}, "obj": "BACKGROUND", "id": "T2"}, {"span": {"begin": 142, "end": 231}, "obj": "BACKGROUND", "id": "T3"}, {"span": {"begin": 232, "end": 332}, "obj": "BACKGROUND", "id": "T4"}, {"span": {"begin": 333, "end": 415}, "obj": "BACKGROUND", "id": "T5"}, {"span": {"begin": 416, "end": 645}, "obj": "BACKGROUND", "id": "T6"}, {"span": {"begin": 646, "end": 705}, "obj": "BACKGROUND", "id": "T7"}, {"span": {"begin": 706, "end": 876}, "obj": "BACKGROUND", "id": "T8"}, {"span": {"begin": 877, "end": 1014}, "obj": "RESULTS", "id": "T9"}, {"span": {"begin": 1015, "end": 1199}, "obj": "CONCLUSIONS", "id": "T10"}, {"span": {"begin": 1200, "end": 1337}, "obj": "CONCLUSIONS", "id": "T11"}]}