{"text": "Cell-derived soluble oligomers of human amyloid-beta peptides disturb cellular homeostasis and induce apoptosis in primary hippocampal neurons.\nThe concentrations of soluble beta-amyloid (Abeta) oligomers paralleled with the extent of synaptic loss and severity of cognitive impairment in Alzheimer patients. However, the neurotoxicity of the naturally generated Abeta species remains unknown. This study was designed to examine the effects of naturally generated Abeta oligomers, secreted from amyloid precursor protein-expressing cells, on the homeostasis and viability of primary hippocampal neurons. Our results showed that primary hippocampal neurons incubated with condition media containing cell-secreted soluble Abeta had higher levels of heat-shock protein (HSP)27, HSP60 and HSP70, and lower levels of HSP32 than those of the control neurons. The cell-secreted soluble Abeta caused mitochondria dysfunction in hippocampal neurons as demonstrated by depolarized membrane potential and decreased cytochrome c oxidase activity and ATP levels. The levels of pro-apoptotic proteins, Bid, Bax and cytochrome C, were elevated; whereas anti-apoptotic Bcl-2 protein was reduced in the soluble Abeta-cultured neurons. Apoptosis was also evident in these soluble Abeta-cultured neurons. These results indicate that naturally secreted Abeta induces neuronal injury/death by activating an apoptotic pathway involving impaired mitochondria function and cellular homeostasis.\n", "denotations": [{"span": {"begin": 0, "end": 143}, "obj": "BACKGROUND", "id": "T1"}, {"span": {"begin": 144, "end": 308}, "obj": "BACKGROUND", "id": "T2"}, {"span": {"begin": 309, "end": 393}, "obj": "BACKGROUND", "id": "T3"}, {"span": {"begin": 394, "end": 603}, "obj": "BACKGROUND", "id": "T4"}, {"span": {"begin": 604, "end": 852}, "obj": "RESULTS", "id": "T5"}, {"span": {"begin": 853, "end": 1049}, "obj": "RESULTS", "id": "T6"}, {"span": {"begin": 1050, "end": 1217}, "obj": "RESULTS", "id": "T7"}, {"span": {"begin": 1218, "end": 1285}, "obj": "RESULTS", "id": "T8"}, {"span": {"begin": 1286, "end": 1470}, "obj": "CONCLUSIONS", "id": "T9"}]}