{"text": "Pattern motion selectivity of spiking outputs and local field potentials in macaque visual cortex.\nThe dorsal pathway of the primate visual cortex is involved in the processing of motion signals that are useful for perception and behavior. Along this pathway, motion information is first measured by the primary visual cortex (V1), which sends specialized projections to extrastriate regions such as the middle temporal area (MT). Previous work with plaid stimuli has shown that most V1 neurons respond to the individual components of moving stimuli, whereas some MT neurons are capable of estimating the global motion of the pattern. In this work, we show that the majority of neurons in the medial superior temporal area (MST), which receives input from MT, have this pattern-selective property. Interestingly, the local field potentials (LFPs) measured simultaneously with the spikes often exhibit properties similar to that of the presumptive feedforward input to each area: in the high-gamma frequency band, the LFPs in MST are as component selective as the spiking outputs of MT, and MT LFPs have plaid responses that are similar to the spiking outputs of V1. In the lower LFP frequency bands (beta and low gamma), component selectivity is very common, and pattern selectivity is almost entirely absent in both MT and MST. Together, these results suggest a surprisingly strong link between the sensory tuning of cortical LFPs and afferent inputs, with important implications for the interpretation of imaging studies and for models of cortical function.\n", "denotations": [{"span": {"begin": 0, "end": 98}, "obj": "BACKGROUND", "id": "T1"}, {"span": {"begin": 99, "end": 239}, "obj": "BACKGROUND", "id": "T2"}, {"span": {"begin": 240, "end": 430}, "obj": "BACKGROUND", "id": "T3"}, {"span": {"begin": 431, "end": 634}, "obj": "BACKGROUND", "id": "T4"}, {"span": {"begin": 635, "end": 797}, "obj": "RESULTS", "id": "T5"}, {"span": {"begin": 798, "end": 1165}, "obj": "RESULTS", "id": "T6"}, {"span": {"begin": 1166, "end": 1328}, "obj": "CONCLUSIONS", "id": "T7"}, {"span": {"begin": 1329, "end": 1559}, "obj": "CONCLUSIONS", "id": "T8"}]}