{"text": "Anti-apoptotic effect of memantine against staurosporine- and low-potassium-induced cell death in cerebellar granule cells: a development-dependent effect.\nMemantine, a NMDA receptor antagonist used in several experimental models of neuronal cell injury, is a neuroprotective agent that can attenuate neuronal apoptosis connected with over-stimulation of NMDA receptors. In the present study, we evaluated the impact of memantine on apoptosis in primary cerebellar granule cell (CGC) cultures at 7 and 12 day in vitro (DIV). Cell death was induced by staurosporine (St, 0.5 microM) or by decreasing the level of potassium in the culture medium (LP, 5 mM KCl). Both treatments induced cell death in CGC with higher cell-damaging effects at 12 DIV and 7 DIV neurons for St and LP, respectively. Memantine (0.1-2 microM) partially attenuated St-induced apoptosis only in 7 DIV CGC as assessed by DNA fragmentation and LDH release, but not caspase-3 activity. During LP-induced apoptosis, memantine decreased LDH release and DNA fragmentation, but not affected caspase-3 activity in 7 and 12 DIV CGC. Interestingly, we found no beneficial effects of other NMDA antagonists, including a competitive antagonist such as AP-5 (100 microM) and an uncompetitive antagonist such as MK-801, (1 microM). In conclusion, our data suggest that the anti-apoptotic effects of memantine in CGC are developmentally regulated and its neuroprotective action occurs through an NMDAR-independent mechanism.\n", "denotations": [{"span": {"begin": 0, "end": 155}, "obj": "OBJECTIVE", "id": "T1"}, {"span": {"begin": 156, "end": 370}, "obj": "OBJECTIVE", "id": "T2"}, {"span": {"begin": 371, "end": 524}, "obj": "OBJECTIVE", "id": "T3"}, {"span": {"begin": 525, "end": 659}, "obj": "METHODS", "id": "T4"}, {"span": {"begin": 660, "end": 792}, "obj": "RESULTS", "id": "T5"}, {"span": {"begin": 793, "end": 955}, "obj": "RESULTS", "id": "T6"}, {"span": {"begin": 956, "end": 1096}, "obj": "RESULTS", "id": "T7"}, {"span": {"begin": 1097, "end": 1217}, "obj": "RESULTS", "id": "T8"}, {"span": {"begin": 1218, "end": 1290}, "obj": "CONCLUSIONS", "id": "T9"}, {"span": {"begin": 1291, "end": 1482}, "obj": "CONCLUSIONS", "id": "T10"}]}