{"text": "Oral treatment with a gamma-secretase inhibitor improves long-term potentiation in a mouse model of Alzheimer's disease.\nThe beta-amyloid peptide (Abeta) is thought to play a critical role in the pathophysiology of Alzheimer's disease (AD). To study the effects of Abeta on the brain, transgenic mouse models have been developed that express high levels of Abeta. These mice show some features of AD, including amyloid plaques and mild cognitive impairment, but not others such as progressive neurodegeneration. We investigated the age-dependent effects of Abeta on synaptic physiology in Tg2576 mice that express human Abeta. We report that both basal synaptic activity and long-term potentiation (LTP), as measured in the CA1 region of the hippocampus, were compromised by 7 months of age before plaque deposition. Despite a persistent increase in Abeta levels with age, LTP recovered in 14-month-old mice, with no further loss of basal activity compared with activity measured in 7-month-old mice. Previous work has shown that inhibitors of gamma-secretase, an enzyme critical for Abeta synthesis, can significantly reduce Abeta production and plaque formation in Tg2576 mice. Our data demonstrate that 7-month-old Tg2576 mice treated with an orally available gamma-secretase inhibitor showed a significant improvement in synaptic function and plasticity within days, and the effect was correlated with the extent and duration of Abeta reduction. These results indicate that recovery from Abeta-mediated synaptotoxicity can occur rapidly with Abeta-lowering therapies. These findings highlight some of the strengths and limitations of using Abeta-overexpressing mouse models for Alzheimer's drug discovery.\n", "denotations": [{"span": {"begin": 0, "end": 120}, "obj": "BACKGROUND", "id": "T1"}, {"span": {"begin": 121, "end": 240}, "obj": "BACKGROUND", "id": "T2"}, {"span": {"begin": 241, "end": 363}, "obj": "BACKGROUND", "id": "T3"}, {"span": {"begin": 364, "end": 511}, "obj": "BACKGROUND", "id": "T4"}, {"span": {"begin": 512, "end": 626}, "obj": "BACKGROUND", "id": "T5"}, {"span": {"begin": 627, "end": 816}, "obj": "BACKGROUND", "id": "T6"}, {"span": {"begin": 817, "end": 1000}, "obj": "RESULTS", "id": "T7"}, {"span": {"begin": 1001, "end": 1179}, "obj": "CONCLUSIONS", "id": "T8"}, {"span": {"begin": 1180, "end": 1449}, "obj": "CONCLUSIONS", "id": "T9"}, {"span": {"begin": 1450, "end": 1571}, "obj": "CONCLUSIONS", "id": "T10"}, {"span": {"begin": 1572, "end": 1709}, "obj": "CONCLUSIONS", "id": "T11"}]}