{"text": "Decoding 3-D reach and grasp kinematics from high-frequency local field potentials in primate primary motor cortex.\nIntracortical microelectrode array recordings generate a variety of neural signals with potential application as control signals in neural interface systems. Previous studies have focused on single and multiunit activity (MUA), as well as low-frequency local field potentials (LFPs), but have not explored higher frequency ( greater than 200 Hz) LFPs. In addition, the potential to decode 3-D reach and grasp kinematics based on LFPs has not been demonstrated. Here, we use mutual information and decoding analyses to probe the information content about 3-D reaching and grasping of seven different LFP frequency bands in the range of 0.3-400 Hz. LFPs were recorded via 96-microelectrode arrays in primary motor cortex (M1) of two monkeys performing free reaching to grasp moving objects. Mutual information analyses revealed that higher frequency bands (e.g., 100-200 and 200-400 Hz) carried the most information about the examined kinematics. Furthermore, Kalman filter decoding revealed that broad-band high frequency LFPs, likely reflecting MUA, provided the best decoding performance as well as substantial accuracy in reconstructing reach kinematics, grasp aperture, and aperture velocity. These results indicate that LFPs, especially high frequency bands, could be useful signals for neural interfaces controlling 3-D reach and grasp kinematics.\n", "denotations": [{"span": {"begin": 0, "end": 115}, "obj": "OBJECTIVE", "id": "T1"}, {"span": {"begin": 116, "end": 273}, "obj": "BACKGROUND", "id": "T2"}, {"span": {"begin": 274, "end": 467}, "obj": "BACKGROUND", "id": "T3"}, {"span": {"begin": 468, "end": 576}, "obj": "BACKGROUND", "id": "T4"}, {"span": {"begin": 577, "end": 762}, "obj": "METHODS", "id": "T5"}, {"span": {"begin": 763, "end": 904}, "obj": "METHODS", "id": "T6"}, {"span": {"begin": 905, "end": 1060}, "obj": "RESULTS", "id": "T7"}, {"span": {"begin": 1061, "end": 1311}, "obj": "RESULTS", "id": "T8"}, {"span": {"begin": 1312, "end": 1468}, "obj": "CONCLUSIONS", "id": "T9"}]}