{"text": "Spontaneous feline mammary intraepithelial lesions as a model for human estrogen receptor- and progesterone receptor-negative breast lesions.\nBreast cancer is the most frequently diagnosed cancer in women. Intraepithelial lesions (IELs), such as usual ductal hyperplasia (UH), atypical ductal hyperplasia (ADH), and ductal carcinoma in situ (DCIS) are risk factors that predict a woman's chance of developing invasive breast cancer. Therefore, a comparative study that establishes an animal model of pre-invasive lesions is needed for the development of preventative measures and effective treatment for both mammary IELs and tumors. The purpose of this study was to characterize the histologic and molecular features of feline mammary IELs and compare them with those in women. Formalin-fixed, paraffin-embedded specimens (n = 205) from 203 female cats with clinical mammary disease were retrieved from the archives of the Purdue University Animal Disease Diagnostic Laboratory and Veterinary Teaching Hospital (West Lafayette, IN), and the Department of Pathology and Veterinary Clinic, School of Veterinary Medicine (Sassari, Italy). Histologic sections, stained with hematoxylin and eosin (HE), were evaluated for the presence of IELs in tissue adjacent to excised mammary tumors. Lesions were compared to those of humans. Immunohistochemistry for estrogen receptor (ER-alpha), progesterone receptor (PR), human epidermal growth factor receptor 2 (HER-2/neu) and Ki-67 was performed in IELs and adjacent tumor tissues. Intraepithelial lesions were found in 57 of 203 (28%) feline mammary specimens and were categorized as UH (27%), ADH (29%), and DCIS (44%). Most IELs with atypia (ADH and DCIS) were associated with mammary cancer (91%), whereas UH was associated with benign lesions in 53% of cases. Feline IELs were remarkably similar to human IELs. No ER or PR immunoreactivity was detected in intermediate-grade or high-grade DCIS or their associated malignant tumors. HER-2 protein overexpression was found in 27% of IELs. The remarkable similarity of feline mammary IELs to those of humans, with the tendency to lose hormone receptor expression in atypical IELs, supports the cat as a possible model to study ER- and PR-negative breast lesions.\n", "denotations": [{"span": {"begin": 0, "end": 141}, "obj": "BACKGROUND", "id": "T1"}, {"span": {"begin": 142, "end": 205}, "obj": "BACKGROUND", "id": "T2"}, {"span": {"begin": 206, "end": 432}, "obj": "BACKGROUND", "id": "T3"}, {"span": {"begin": 433, "end": 633}, "obj": "BACKGROUND", "id": "T4"}, {"span": {"begin": 634, "end": 778}, "obj": "BACKGROUND", "id": "T5"}, {"span": {"begin": 779, "end": 1136}, "obj": "METHODS", "id": "T6"}, {"span": {"begin": 1137, "end": 1284}, "obj": "METHODS", "id": "T7"}, {"span": {"begin": 1285, "end": 1326}, "obj": "METHODS", "id": "T8"}, {"span": {"begin": 1327, "end": 1522}, "obj": "METHODS", "id": "T9"}, {"span": {"begin": 1523, "end": 1662}, "obj": "RESULTS", "id": "T10"}, {"span": {"begin": 1663, "end": 1805}, "obj": "RESULTS", "id": "T11"}, {"span": {"begin": 1806, "end": 1856}, "obj": "RESULTS", "id": "T12"}, {"span": {"begin": 1857, "end": 1977}, "obj": "RESULTS", "id": "T13"}, {"span": {"begin": 1978, "end": 1983}, "obj": "RESULTS", "id": "T14"}, {"span": {"begin": 1984, "end": 2032}, "obj": "RESULTS", "id": "T15"}, {"span": {"begin": 2033, "end": 2255}, "obj": "CONCLUSIONS", "id": "T16"}]}