{"text": "Memantine exacerbates myoclonic jerks in a rat model of posthypoxic myoclonus.\nThe mechanism of cerebral hypoxia-induced myoclonic jerks is not known. Some studies have suggested that glutaminergic NMDA receptor activation in the inferior olive resulting in excitotoxic neuronal injury in the cerebellum is the underlying cause of posthypoxic myoclonus. To test this hypothesis, the effect of memantine, an NMDA receptor antagonist, on the intensity of myoclonic jerks and the extent of cerebral ischemia-induced neurodegeneration in the cerebellum were evaluated in a rat model of posthypoxic myoclonus. The myoclonus scores for the posthypoxic rats treated with memantine were significantly higher than those treated with saline. The myoclonic scores for the posthypoxic rats injected with 100mg/kg memantine are higher than those posthypoxic rats injected with 30 mg/kg memantine. In contrast, the number of Fluoro-Jade B positive degenerating neurons in the Purkinje cell layer of the cerebellum did not differ significantly between the memantine-treated and the saline-treated posthypoxic rats. This pattern of results suggests that glutaminergic NMDA receptor activation in the cerebellum does not play a significant role in the generation of myoclonus in a rat model of posthypoxic myoclonus. Further, these results also suggest that NMDA receptor antagonists would exacerbate posthypoxic myoclonus in this animal model.\n", "denotations": [{"span": {"begin": 0, "end": 78}, "obj": "BACKGROUND", "id": "T1"}, {"span": {"begin": 79, "end": 150}, "obj": "BACKGROUND", "id": "T2"}, {"span": {"begin": 151, "end": 353}, "obj": "BACKGROUND", "id": "T3"}, {"span": {"begin": 354, "end": 604}, "obj": "METHODS", "id": "T4"}, {"span": {"begin": 605, "end": 731}, "obj": "RESULTS", "id": "T5"}, {"span": {"begin": 732, "end": 883}, "obj": "CONCLUSIONS", "id": "T6"}, {"span": {"begin": 884, "end": 1099}, "obj": "CONCLUSIONS", "id": "T7"}, {"span": {"begin": 1100, "end": 1299}, "obj": "CONCLUSIONS", "id": "T8"}, {"span": {"begin": 1300, "end": 1427}, "obj": "CONCLUSIONS", "id": "T9"}]}