{"text": "Melatonin inhibits postischemic matrix metalloproteinase-9 (MMP-9) activation via dual modulation of plasminogen/plasmin system and endogenous MMP inhibitor in mice subjected to transient focal cerebral ischemia.\nWe have shown that melatonin attenuated matrix metalloproteinase-9 (MMP-9) activation and decreased the risk of hemorrhagic transformation following cerebral ischemia-reperfusion. Herein, we investigate the possible involvement of the plasminogen/plasmin system and endogenous MMPs inhibitor underlying the melatonin-mediated MMP-9 inhibition. Mice were subjected to 1-hr ischemia and 48-hr reperfusion of the right middle cerebral artery. Melatonin (5 mg/kg) or vehicle was intravenously injected upon reperfusion. Brain infarction and hemorrhagic transformation were measured. Extracellular matrix damage was determined by Western immunoblot analysis for laminin protein. The activity and expression of MMP-2 and MMP-9 were determined by gelatin zymography, in situ zymography, and Western immunoblot analysis. In addition, the activities of tissue and urokinase plasminogen activators (tPA and uPA) were evaluated by plasminogen-dependent casein zymography. Endogenous plasminogen activator inhibitor (PAI) and tissue inhibitors of MMP (TIMP-1) were investigated using enzyme-linked immunosorbent assay (ELISA) and Western immunoblot analysis, respectively. Cerebral ischemia-reperfusion induced increased MMP-9 activity and expression at 12-48 hr after reperfusion onset. Relative to controls, melatonin-treated animals had significantly decreased MMP-9 activity and expression (P less than 0.05), in addition to reduced brain infarction and hemorrhagic transformation as well as improved laminin protein preservation. This melatonin-mediated MMP-9 inhibition was accompanied by reduced uPA activity (P less than 0.05), as well as increased TIMP-1 expression and PAI activity (P less than 0.05, respectively). These results demonstrate the melatonin's pluripotent mechanisms for attenuating postischemic MMP-9 activation and neurovascular damage, and further support it as an add-on to thrombolytic therapy for ischemic stroke patients.\n", "denotations": [{"span": {"begin": 0, "end": 212}, "obj": "OBJECTIVE", "id": "T1"}, {"span": {"begin": 213, "end": 392}, "obj": "OBJECTIVE", "id": "T2"}, {"span": {"begin": 393, "end": 556}, "obj": "OBJECTIVE", "id": "T3"}, {"span": {"begin": 557, "end": 652}, "obj": "METHODS", "id": "T4"}, {"span": {"begin": 653, "end": 728}, "obj": "METHODS", "id": "T5"}, {"span": {"begin": 729, "end": 791}, "obj": "METHODS", "id": "T6"}, {"span": {"begin": 792, "end": 886}, "obj": "METHODS", "id": "T7"}, {"span": {"begin": 887, "end": 1025}, "obj": "METHODS", "id": "T8"}, {"span": {"begin": 1026, "end": 1173}, "obj": "METHODS", "id": "T9"}, {"span": {"begin": 1174, "end": 1373}, "obj": "METHODS", "id": "T10"}, {"span": {"begin": 1374, "end": 1488}, "obj": "RESULTS", "id": "T11"}, {"span": {"begin": 1489, "end": 1735}, "obj": "RESULTS", "id": "T12"}, {"span": {"begin": 1736, "end": 1892}, "obj": "RESULTS", "id": "T13"}, {"span": {"begin": 1893, "end": 1926}, "obj": "RESULTS", "id": "T14"}, {"span": {"begin": 1927, "end": 2153}, "obj": "CONCLUSIONS", "id": "T15"}]}