{"text": "Local neural processing and the generation of dynamic motor commands within the saccadic premotor network.\nThe ability to accurately control movement requires the computation of a precise motor command. However, the computations that take place within premotor pathways to determine the dynamics of movements are not understood. Here we studied the local processing that generates dynamic motor commands by simultaneously recording spikes and local field potentials (LFPs) in the network that commands saccades. We first compared the information encoded by LFPs and spikes recorded from individual premotor and motoneurons (saccadic burst neurons, omnipause neurons, and motoneurons) in monkeys. LFP responses consistent with net depolarizations occurred in association with bursts of spiking activity when saccades were made in a neuron's preferred direction. In contrast, when saccades were made in a neuron's nonpreferred direction, neurons ceased spiking and the associated LFP responses were consistent with net hyperpolarizations. Surprisingly, hyperpolarizing and depolarizing LFPs encoded movement dynamics with equal robustness and accuracy. Second, we compared spiking responses at one hierarchical level of processing to LFPs at the next stage. Latencies and spike-triggered averages of LFP responses were consistent with each neuron's place within this circuit. LFPs reflected relatively local events ( less than 500 microm) and encoded important features not available from the spiking train (i.e., hyperpolarizing response). Notably, quantification of their time-varying profiles revealed that a precise balance of depolarization and hyperpolarization underlies the production of precise saccadic eye movement commands at both motor and premotor levels. Overall, simultaneous recordings of LFPs and spiking responses provides an effective means for evaluating the local computations that take place to produce accurate motor commands.\n", "denotations": [{"span": {"begin": 0, "end": 106}, "obj": "BACKGROUND", "id": "T1"}, {"span": {"begin": 107, "end": 202}, "obj": "BACKGROUND", "id": "T2"}, {"span": {"begin": 203, "end": 328}, "obj": "BACKGROUND", "id": "T3"}, {"span": {"begin": 329, "end": 511}, "obj": "BACKGROUND", "id": "T4"}, {"span": {"begin": 512, "end": 695}, "obj": "METHODS", "id": "T5"}, {"span": {"begin": 696, "end": 860}, "obj": "RESULTS", "id": "T6"}, {"span": {"begin": 861, "end": 1036}, "obj": "RESULTS", "id": "T7"}, {"span": {"begin": 1037, "end": 1150}, "obj": "RESULTS", "id": "T8"}, {"span": {"begin": 1151, "end": 1255}, "obj": "RESULTS", "id": "T9"}, {"span": {"begin": 1256, "end": 1373}, "obj": "RESULTS", "id": "T10"}, {"span": {"begin": 1374, "end": 1538}, "obj": "RESULTS", "id": "T11"}, {"span": {"begin": 1539, "end": 1767}, "obj": "RESULTS", "id": "T12"}, {"span": {"begin": 1768, "end": 1948}, "obj": "CONCLUSIONS", "id": "T13"}]}