{"text": "LRRK2 G2019S mutation induces dendrite degeneration through mislocalization and phosphorylation of tau by recruiting autoactivated GSK3ß.\nIntraneuronal tau aggregations are distinctive pathological features of Parkinson's disease (PD) with autosomal-dominant mutations in leucine-rich repeat kinase 2 (LRRK2). The most prevalent LRRK2 mutation, G2019S (glycine to serine substitution at amino acid 2019), causes neurite shrinkage through unclear pathogenetic mechanisms. We found that expression of G2019S mutant in Drosophila dendritic arborization neurons induces mislocalization of the axonal protein tau in dendrites and causes dendrite degeneration. G2019S-induced dendrite degeneration is suppressed by reducing the level of tau protein and aggravated by tau coexpression. Additional genetic analyses suggest that G2019S and tau function synergistically to cause microtubule fragmentation, inclusion formation, and dendrite degeneration. Mechanistically, hyperactivated G2019S promotes tau phosphorylation at the T212 site by the Drosophila glycogen synthase kinase 3β homolog Shaggy (Sgg). G2019S increases the recruitment of autoactivated Sgg, thus inducing hyperphosphorylation and mislocalization of tau with resultant dendrite degeneration.\n", "denotations": [{"span": {"begin": 0, "end": 5}, "obj": "BACKGROUND", "id": "T1"}, {"span": {"begin": 6, "end": 130}, "obj": "BACKGROUND", "id": "T2"}, {"span": {"begin": 131, "end": 137}, "obj": "BACKGROUND", "id": "T3"}, {"span": {"begin": 138, "end": 309}, "obj": "BACKGROUND", "id": "T4"}, {"span": {"begin": 310, "end": 351}, "obj": "RESULTS", "id": "T5"}, {"span": {"begin": 352, "end": 470}, "obj": "CONCLUSIONS", "id": "T6"}, {"span": {"begin": 471, "end": 654}, "obj": "CONCLUSIONS", "id": "T7"}, {"span": {"begin": 655, "end": 778}, "obj": "CONCLUSIONS", "id": "T8"}, {"span": {"begin": 779, "end": 943}, "obj": "CONCLUSIONS", "id": "T9"}, {"span": {"begin": 944, "end": 1071}, "obj": "CONCLUSIONS", "id": "T10"}, {"span": {"begin": 1072, "end": 1089}, "obj": "CONCLUSIONS", "id": "T11"}, {"span": {"begin": 1090, "end": 1096}, "obj": "CONCLUSIONS", "id": "T12"}, {"span": {"begin": 1097, "end": 1251}, "obj": "CONCLUSIONS", "id": "T13"}]}