{"text": "Lentivirus-mediated transfer of MMP-9 shRNA provides neuroprotection following focal ischemic brain injury in rats.\nVarious studies on focal cerebral ischemic models have implicated the direct activation and expression of matrix metalloproteinases (MMPs), especially MMP-9, as a key orchestrator of blood-brain barrier (BBB) disruption. Moreover, studies have shown that MMP-9 siRNA can protect the BBB from ischemia/reperfusion injury. In the present study, we investigated the neuroprotective role of a lentivirus vector-mediated mmp-9shRNA following focal cerebral ischemia--specifically assessing whether LV-mmp9shRNA silencing of MMP-9 mRNA could ameliorate BBB disruption and in turn reduce vascular permeability, neuronal cell death, and neurobehavioral deficits. Treatment was given 2 weeks prior to surgery using a lentivirus-mediated vector. Surgery was conducted using the established middle cerebral artery occlusion (MCAO) model in rats, while outcomes were measured 24 h after injury. Our results demonstrated a significant reduction in brain infarction volume, brain water content, and neurobehavioral deficits following LV-mmp9shRNA treatment. Additionally, Evans blue and IgG extravasation were reduced, MMP-9 mRNA expression was silenced, and Western blot analysis revealed a decreased expression of MMP-9 and VEGF with an increased expression of occludin and collagen IV in brain tissues. This suggests that successful delivery of LV-mmp9shRNA may ameliorate ischemic brain injury by preserving structural integrity and improving functional outcome.\n", "denotations": [{"span": {"begin": 0, "end": 115}, "obj": "BACKGROUND", "id": "T1"}, {"span": {"begin": 116, "end": 336}, "obj": "BACKGROUND", "id": "T2"}, {"span": {"begin": 337, "end": 370}, "obj": "BACKGROUND", "id": "T3"}, {"span": {"begin": 371, "end": 436}, "obj": "BACKGROUND", "id": "T4"}, {"span": {"begin": 437, "end": 770}, "obj": "BACKGROUND", "id": "T5"}, {"span": {"begin": 771, "end": 851}, "obj": "METHODS", "id": "T6"}, {"span": {"begin": 852, "end": 998}, "obj": "METHODS", "id": "T7"}, {"span": {"begin": 999, "end": 1159}, "obj": "RESULTS", "id": "T8"}, {"span": {"begin": 1160, "end": 1220}, "obj": "RESULTS", "id": "T9"}, {"span": {"begin": 1221, "end": 1407}, "obj": "RESULTS", "id": "T10"}, {"span": {"begin": 1408, "end": 1568}, "obj": "CONCLUSIONS", "id": "T11"}]}