{"text": "Compositionality of arm movements can be realized by propagating synchrony.\nWe present a biologically plausible spiking neuronal network model of free monkey scribbling that reproduces experimental findings on cortical activity and the properties of the scribbling trajectory. The model is based on the idea that synfire chains can encode movement primitives. Here, we map the propagation of activity in a chain to a linearly evolving preferred velocity, which results in parabolic segments that fulfill the two-thirds power law. Connections between chains that match the final velocity of one encoded primitive to the initial velocity of the next allow the composition of random sequences of primitives with smooth transitions. The model provides an explanation for the segmentation of the trajectory and the experimentally observed deviations of the trajectory from the parabolic shape at primitive transition sites. Furthermore, the model predicts low frequency oscillations ( less than 10 Hz) of the motor cortex local field potential during ongoing movements and increasing firing rates of non-specific motor cortex neurons before movement onset.\n", "denotations": [{"span": {"begin": 0, "end": 75}, "obj": "CONCLUSIONS", "id": "T1"}, {"span": {"begin": 76, "end": 276}, "obj": "CONCLUSIONS", "id": "T2"}, {"span": {"begin": 277, "end": 359}, "obj": "CONCLUSIONS", "id": "T3"}, {"span": {"begin": 360, "end": 529}, "obj": "CONCLUSIONS", "id": "T4"}, {"span": {"begin": 530, "end": 728}, "obj": "CONCLUSIONS", "id": "T5"}, {"span": {"begin": 729, "end": 918}, "obj": "CONCLUSIONS", "id": "T6"}, {"span": {"begin": 919, "end": 1151}, "obj": "CONCLUSIONS", "id": "T7"}]}