{"text": "Isolation of low-n amyloid β-protein oligomers from cultured cells, CSF, and brain.\nRecent data suggest that soluble, non-fibrillar assemblies of the amyloid β-protein (Aβ) may mediate the synaptic deficits that characterize the early stages of Alzheimer's disease. Consequently, much effort has been expended in isolating and studying a variety of different Aβ assemblies. Here, we describe the use of immunoprecipitation/western blotting and size exclusion chromatography/western blotting to characterize Aβ present in conditioned medium from cultured cells, human cerebrospinal fluid, and human cortex extracted with aqueous buffer, detergent, and formic acid.\n", "denotations": [{"span": {"begin": 0, "end": 83}, "obj": "BACKGROUND", "id": "T1"}, {"span": {"begin": 84, "end": 167}, "obj": "BACKGROUND", "id": "T2"}, {"span": {"begin": 168, "end": 265}, "obj": "BACKGROUND", "id": "T3"}, {"span": {"begin": 266, "end": 373}, "obj": "BACKGROUND", "id": "T4"}, {"span": {"begin": 374, "end": 663}, "obj": "BACKGROUND", "id": "T5"}]}