{"text": "Reconstructing grasping motions from high-frequency local field potentials in primary motor cortex.\nRecent developments in neural interface systems hold the promise to restore movement in people with paralysis. In search of neural signals for control of neural interface systems, previous studies have investigated primarily single and multiunit activity, as well as low frequency local field potentials (LFPs). In this paper, we investigate the information content about grasping motion of a broad band high frequency LFP (200 Hz - 400 Hz) by classifying discrete grasp aperture states and decoding continuous aperture trajectories. LFPs were recorded via 96-microelectrode arrays in the primary motor cortex (M1) of two monkeys performing free 3-D reaching and grasping towards moving objects. Our results indicate that broad band high frequency LFPs could serve as useful signals for restoring a motor function such as grasp control.\n", "denotations": [{"span": {"begin": 0, "end": 99}, "obj": "OBJECTIVE", "id": "T1"}, {"span": {"begin": 100, "end": 210}, "obj": "OBJECTIVE", "id": "T2"}, {"span": {"begin": 211, "end": 411}, "obj": "OBJECTIVE", "id": "T3"}, {"span": {"begin": 412, "end": 633}, "obj": "OBJECTIVE", "id": "T4"}, {"span": {"begin": 634, "end": 795}, "obj": "METHODS", "id": "T5"}, {"span": {"begin": 796, "end": 936}, "obj": "CONCLUSIONS", "id": "T6"}]}