{"text": "A rat model of progressive nigral neurodegeneration induced by the Parkinson's disease-associated G2019S mutation in LRRK2.\nThe G2019S mutation in the leucine-rich repeat kinase 2 (LRRK2) gene is the most common genetic cause of Parkinson's disease (PD), accounting for a significant proportion of both autosomal dominant familial and sporadic PD cases. Our aim in the present study is to generate a mammalian model of mutant G2019S LRRK2 pathogenesis, which reproduces the robust nigral neurodegeneration characteristic of PD. We developed adenoviral vectors to drive neuron-specific expression of full-length wild-type or mutant G2019S human LRRK2 in the nigrostriatal system of adult rats. Wild-type LRRK2 did not induce any significant neuronal loss. In contrast, under the same conditions and levels of expression, G2019S mutant LRRK2 causes a progressive degeneration of nigral dopaminergic neurons. Our data provide a novel rat model of PD, based on a prevalent genetic cause, that reproduces a cardinal feature of the disease within a rapid time frame suitable for testing of neuroprotective strategies.\n", "denotations": [{"span": {"begin": 0, "end": 123}, "obj": "BACKGROUND", "id": "T1"}, {"span": {"begin": 124, "end": 177}, "obj": "BACKGROUND", "id": "T2"}, {"span": {"begin": 178, "end": 353}, "obj": "BACKGROUND", "id": "T3"}, {"span": {"begin": 354, "end": 527}, "obj": "BACKGROUND", "id": "T4"}, {"span": {"begin": 528, "end": 692}, "obj": "METHODS", "id": "T5"}, {"span": {"begin": 693, "end": 754}, "obj": "RESULTS", "id": "T6"}, {"span": {"begin": 755, "end": 905}, "obj": "RESULTS", "id": "T7"}, {"span": {"begin": 906, "end": 1111}, "obj": "CONCLUSIONS", "id": "T8"}]}