{"text": "Rac1 protein rescues neurite retraction caused by G2019S leucine-rich repeat kinase 2 (LRRK2).\nMutations in leucine-rich repeat kinase 2 (LRRK2) are currently the most common genetic cause of familial late-onset Parkinson disease, which is clinically indistinguishable from idiopathic disease. The most common pathological mutation in LRRK2, G2019S LRRK2, is known to cause neurite retraction. However, molecular mechanisms underlying regulation of neurite length by LRRK2 are unknown. Here, we demonstrate a novel interaction between LRRK2 and the Rho GTPase, Rac1, which plays a critical role in actin cytoskeleton remodeling necessary for the maintenance of neurite morphology. LRRK2 binds strongly to endogenous or expressed Rac1, while showing weak binding to Cdc42 and no binding to RhoA. Co-expression with LRRK2 increases Rac1 activity, as shown by increased binding to the p21-activated kinase, which modulates actin cytoskeletal dynamics. LRRK2 constructs carrying mutations that inactivate the kinase or GTPase activities do not activate Rac1. Interestingly, LRRK2 does not increase levels of membrane-bound Rac1 but dramatically changes the cellular localization of Rac1, causing polarization, which is augmented further when LRRK2 is co-expressed with constitutively active Rac1. Four different disease-related mutations in LRRK2 altered binding to Rac1, with the G2019S and R1441C LRRK2 mutations attenuating Rac1 binding and the Y1699C and I2020T LRRK2 mutations increasing binding. Co-expressing Rac1 in SH-SY5Y cells rescues the G2019S mutant phenotype of neurite retraction. We hypothesize that pathological mutations in LRRK2 attenuates activation of Rac1, causing disassembly of actin filaments, leading to neurite retraction. The interactions between LRRK2 and Rho GTPases provide a novel pathway through which LRRK2 might modulate cellular dynamics and contribute to the pathophysiology of Parkinson disease.\n", "denotations": [{"span": {"begin": 0, "end": 94}, "obj": "BACKGROUND", "id": "T1"}, {"span": {"begin": 95, "end": 293}, "obj": "BACKGROUND", "id": "T2"}, {"span": {"begin": 294, "end": 393}, "obj": "BACKGROUND", "id": "T3"}, {"span": {"begin": 394, "end": 485}, "obj": "BACKGROUND", "id": "T4"}, {"span": {"begin": 486, "end": 680}, "obj": "BACKGROUND", "id": "T5"}, {"span": {"begin": 681, "end": 948}, "obj": "BACKGROUND", "id": "T6"}, {"span": {"begin": 949, "end": 1054}, "obj": "BACKGROUND", "id": "T7"}, {"span": {"begin": 1055, "end": 1292}, "obj": "RESULTS", "id": "T8"}, {"span": {"begin": 1293, "end": 1454}, "obj": "RESULTS", "id": "T9"}, {"span": {"begin": 1455, "end": 1497}, "obj": "RESULTS", "id": "T10"}, {"span": {"begin": 1498, "end": 1592}, "obj": "CONCLUSIONS", "id": "T11"}, {"span": {"begin": 1593, "end": 1746}, "obj": "CONCLUSIONS", "id": "T12"}, {"span": {"begin": 1747, "end": 1930}, "obj": "CONCLUSIONS", "id": "T13"}]}