{"text": "Synthetic gelatinases inhibitor attenuates electromagnetic pulse-induced blood-brain barrier disruption by inhibiting gelatinases-mediated ZO-1 degradation in rats.\nPreviously we found that exposure to electromagnetic pulse (EMP) induced an increase in blood-brain-barrier (BBB) permeability and the degradation of tight junction protein ZO-1 in rats. Matrix metalloproteinases (MMPs), in particular gelatinases (MMP-2 and MMP-9), play a key role in degradation of tight junction proteins, are known mediators of BBB compromise. We hypothesized that the degradation of ZO-1 by gelatinases contributed to EMP-induced BBB opening. To test this hypothesis, the mRNA level of ZO-1, protein levels of MMP-2, MMP-9 and tissue inhibitor of metalloproteinases (TIMP-1 and TIMP-2) were detected in rat cerebral cortex after exposing rats to EMP at 200 kV/m for 200 pulses. It was found that the mRNA level of ZO-1 was unaltered at different time points after EMP exposure. The protein levels of MMP-2 and MMP-9 significantly increased at 3 h and 0.5 h, respectively. However, TIMP-1 (inhibitor of MMP-9) and TIMP-2 (inhibitor of MMP-2) only moderately increased after EMP exposure. In addition, in situ zymography results showed that the gelatinase activity increased in cerebral microvessels at 3 h after EMP exposure. When rats were treated with gelatinases inhibitor (SB-3CT) before EMP exposure, the EMP-induced BBB opening was attenuated and the ZO-1 degradation was reversed. Our results suggested that EMP-induced BBB opening was related to gelatinase mediated ZO-1 degradation.\n", "denotations": [{"span": {"begin": 0, "end": 164}, "obj": "BACKGROUND", "id": "T1"}, {"span": {"begin": 165, "end": 351}, "obj": "BACKGROUND", "id": "T2"}, {"span": {"begin": 352, "end": 528}, "obj": "BACKGROUND", "id": "T3"}, {"span": {"begin": 529, "end": 628}, "obj": "BACKGROUND", "id": "T4"}, {"span": {"begin": 629, "end": 863}, "obj": "METHODS", "id": "T5"}, {"span": {"begin": 864, "end": 963}, "obj": "RESULTS", "id": "T6"}, {"span": {"begin": 964, "end": 1057}, "obj": "RESULTS", "id": "T7"}, {"span": {"begin": 1058, "end": 1172}, "obj": "RESULTS", "id": "T8"}, {"span": {"begin": 1173, "end": 1310}, "obj": "RESULTS", "id": "T9"}, {"span": {"begin": 1311, "end": 1472}, "obj": "RESULTS", "id": "T10"}, {"span": {"begin": 1473, "end": 1576}, "obj": "CONCLUSIONS", "id": "T11"}]}