{"text": "Parent-of-origin differences of mutant HTT CAG repeat instability in Huntington's disease.\nHuntington's disease (HD) is a progressive autosomal dominant neurodegenerative disorder caused by a CAG repeat expansion in the HD gene (HTT). The CAG domain of mutant HTT is unstable upon intergenerational transmission, however, little is known about the underlying mechanisms. From the HD archives of the Leiden University Medical Centre DNA samples from all parent-offspring pairs involving 36 CAG repeats or more were selected. To minimize procedural variability, CAG repeat lengths in both mutant and normal HTT were reassessed using the same standardized protocol, which resulted in the identification of 337 parent-offspring transmissions. The effects of both parental (mutant and normal CAG repeat size, age and gender) and offspring (gender and season of conception) characteristics on CAG repeat instability were assessed. Paternal transmissions were often associated with CAG repeat expansion, whereas maternal transmissions mainly resulted in CAG repeat contraction (mean change: +1.76 vs. -0.07, p less than 0.001). Only in paternal transmissions larger mutant CAG repeat size was associated with a greater degree of CAG repeat expansion (β=0.73; p less than 0.001). Conversely, only in maternal transmissions larger CAG repeat size of the normal allele was associated with a greater degree of CAG repeat contraction (β=-0.07; p=0.029). Parental age, offspring gender and season of conception were not related to CAG repeat instability. Our findings suggest a slight maternal contraction bias as opposed to a paternal expansion bias of the mutant HTT CAG repeat during intergenerational transmission, which only in the maternal line is associated with normal HTT CAG repeat size.\n", "denotations": [{"span": {"begin": 0, "end": 90}, "obj": "BACKGROUND", "id": "T1"}, {"span": {"begin": 91, "end": 234}, "obj": "BACKGROUND", "id": "T2"}, {"span": {"begin": 235, "end": 370}, "obj": "BACKGROUND", "id": "T3"}, {"span": {"begin": 371, "end": 523}, "obj": "METHODS", "id": "T4"}, {"span": {"begin": 524, "end": 608}, "obj": "METHODS", "id": "T5"}, {"span": {"begin": 609, "end": 738}, "obj": "METHODS", "id": "T6"}, {"span": {"begin": 739, "end": 924}, "obj": "METHODS", "id": "T7"}, {"span": {"begin": 925, "end": 1120}, "obj": "RESULTS", "id": "T8"}, {"span": {"begin": 1121, "end": 1271}, "obj": "RESULTS", "id": "T9"}, {"span": {"begin": 1272, "end": 1441}, "obj": "RESULTS", "id": "T10"}, {"span": {"begin": 1442, "end": 1541}, "obj": "RESULTS", "id": "T11"}, {"span": {"begin": 1542, "end": 1784}, "obj": "CONCLUSIONS", "id": "T12"}]}