{"text": "Alzheimer's disease brain-derived amyloid-β-mediated inhibition of LTP in vivo is prevented by immunotargeting cellular prion protein.\nSynthetic amyloid-β protein (Aβ) oligomers bind with high affinity to cellular prion protein (PrP(C)), but the role of this interaction in mediating the disruption of synaptic plasticity by such soluble Aβ in vitro is controversial. Here we report that intracerebroventricular injection of Aβ-containing aqueous extracts of Alzheimer's disease (AD) brain robustly inhibits long-term potentiation (LTP) without significantly affecting baseline excitatory synaptic transmission in the rat hippocampus in vivo. Moreover, the disruption of LTP was abrogated by immunodepletion of Aβ. Importantly, intracerebroventricular administration of antigen-binding antibody fragment D13, directed to a putative Aβ-binding site on PrP(C), prevented the inhibition of LTP by AD brain-derived Aβ. In contrast, R1, a Fab directed to the C terminus of PrP(C), a region not implicated in binding of Aβ, did not significantly affect the Aβ-mediated inhibition of LTP. These data support the pathophysiological significance of SDS-stable Aβ dimer and the role of PrP(C) in mediating synaptic plasticity disruption by soluble Aβ.\n", "denotations": [{"span": {"begin": 0, "end": 134}, "obj": "BACKGROUND", "id": "T1"}, {"span": {"begin": 135, "end": 367}, "obj": "BACKGROUND", "id": "T2"}, {"span": {"begin": 368, "end": 642}, "obj": "BACKGROUND", "id": "T3"}, {"span": {"begin": 643, "end": 714}, "obj": "RESULTS", "id": "T4"}, {"span": {"begin": 715, "end": 914}, "obj": "RESULTS", "id": "T5"}, {"span": {"begin": 915, "end": 1081}, "obj": "RESULTS", "id": "T6"}, {"span": {"begin": 1082, "end": 1241}, "obj": "CONCLUSIONS", "id": "T7"}]}