{"text": "Regulation of miR-146a by RelA/NFkB and p53 in STHdh(Q111)/Hdh(Q111) cells, a cell model of Huntington's disease.\nHuntington's disease (HD) is caused by the expansion of N-terminal polymorphic poly Q stretch of the protein huntingtin (HTT). Deregulated microRNAs and loss of function of transcription factors recruited to mutant HTT aggregates could cause characteristic transcriptional deregulation associated with HD. We observed earlier that expressions of miR-125b, miR-146a and miR-150 are decreased in STHdh(Q111)/Hdh(Q111) cells, a model for HD in comparison to those of wild type STHdh(Q7)/Hdh(Q7) cells. In the present manuscript, we show by luciferase reporter assays and real time PCR that decreased miR-146a expression in STHdh(Q111)/Hdh(Q111) cells is due to decreased expression and activity of p65 subunit of NFkB (RelA/NFkB). By reporter luciferase assay, RT-PCR and western blot analysis, we also show that both miR-150 and miR-125b target p53. This partially explains the up regulation of p53 observed in HD. Elevated p53 interacts with RelA/NFkB, reduces its expression and activity and decreases the expression of miR-146a, while knocking down p53 increases RelA/NFkB and miR-146a expressions. We also demonstrate that expression of p53 is increased and levels of RelA/NFkB, miR-146a, miR-150 and miR-125b are decreased in striatum of R6/2 mice, a mouse model of HD and in cell models of HD. In a cell model, this effect could be reversed by exogenous expression of chaperone like proteins HYPK and Hsp70. We conclude that (i) miR-125b and miR-150 target p53, which in turn regulates RelA/NFkB and miR-146a expressions; (ii) reduced miR-125b and miR-150 expressions, increased p53 level and decreased RelA/NFkB and miR-146a expressions originate from mutant HTT (iii) p53 directly or indirectly regulates the expression of miR-146a. Our observation of interplay between transcription factors and miRNAs using HD cell model provides an important platform upon which further work is to be done to establish if such regulation plays any role in HD pathogenesis.\n", "denotations": [{"span": {"begin": 0, "end": 113}, "obj": "BACKGROUND", "id": "T1"}, {"span": {"begin": 114, "end": 240}, "obj": "BACKGROUND", "id": "T2"}, {"span": {"begin": 241, "end": 266}, "obj": "BACKGROUND", "id": "T3"}, {"span": {"begin": 267, "end": 419}, "obj": "BACKGROUND", "id": "T4"}, {"span": {"begin": 420, "end": 612}, "obj": "RESULTS", "id": "T5"}, {"span": {"begin": 613, "end": 691}, "obj": "RESULTS", "id": "T6"}, {"span": {"begin": 692, "end": 828}, "obj": "RESULTS", "id": "T7"}, {"span": {"begin": 829, "end": 841}, "obj": "RESULTS", "id": "T8"}, {"span": {"begin": 842, "end": 961}, "obj": "RESULTS", "id": "T9"}, {"span": {"begin": 962, "end": 1026}, "obj": "RESULTS", "id": "T10"}, {"span": {"begin": 1027, "end": 1213}, "obj": "RESULTS", "id": "T11"}, {"span": {"begin": 1214, "end": 1411}, "obj": "RESULTS", "id": "T12"}, {"span": {"begin": 1412, "end": 1525}, "obj": "RESULTS", "id": "T13"}, {"span": {"begin": 1526, "end": 1852}, "obj": "CONCLUSIONS", "id": "T14"}, {"span": {"begin": 1853, "end": 2078}, "obj": "CONCLUSIONS", "id": "T15"}]}