{"text": "Loss of interferon regulatory factor 5 (IRF5) expression in human ductal carcinoma correlates with disease stage and contributes to metastasis.\nNew signaling pathways of the interleukin (IL) family, interferons (IFN) and interferon regulatory factors (IRF) have recently been found within tumor microenvironments and in metastatic sites. Some of these cytokines stimulate while others inhibit breast cancer proliferation and/or invasion. IRFs, a family of nine mammalian transcription factors, have multiple biologic functions that when dysregulated may contribute to tumorigenesis; most well-known are their roles in regulating/initiating host immunity. Some IRF family members have been implicated in tumorigenesis yet little is still known of their expression in primary human tumors or their role(s) in disease development/progression. IRF5 is one of the newer family members to be studied and has been shown to be a critical mediator of host immunity and the cellular response to DNA damage. Here, we examined the expression of IRF5 in primary breast tissue and determined how loss of expression may contribute to breast cancer development and/or progression. Formalin-fixed paraffin-embedded archival breast tissue specimens from patients with atypical ductal hyperplasia (ADH), ductal carcinoma in situ (DCIS) and invasive ductal carcinoma (IDC) were examined for their expression of IRF1 and IRF5. Knockdown or overexpression of IRF5 in MCF-10A, MCF-7 and MDA-MB-231 mammary epithelial cell lines was used to examine the role of IRF5 in growth inhibition, invasion and tumorigenesis. Analysis of IRF expression in human breast tissues revealed the unique down-regulation of IRF5 in patients with different grades of DCIS and IDC as compared to IRF1; loss of IRF5 preceded that of IRF1 and correlated with increased invasiveness. Overexpression of IRF5 in breast cancer cells inhibited in vitro and in vivo cell growth and sensitized them to DNA damage. Complementary experiments with IRF5 siRNAs made normal mammary epithelial cells resistant to DNA damage. By 3-D culture, IRF5 overexpression reverted MDA-MB-231 to normal acini-like structures; cells overexpressing IRF5 had decreased CXCR4 expression and were insensitive to SDF-1/CXCL12-induced migration. These findings were confirmed by CXCR4 promoter reporter assays. IRF5 is an important tumor suppressor that regulates multiple cellular processes involved in the conversion of normal mammary epithelial cells to tumor epithelial cells with metastatic potential.\n", "denotations": [{"span": {"begin": 0, "end": 143}, "obj": "BACKGROUND", "id": "T1"}, {"span": {"begin": 144, "end": 337}, "obj": "BACKGROUND", "id": "T2"}, {"span": {"begin": 338, "end": 437}, "obj": "BACKGROUND", "id": "T3"}, {"span": {"begin": 438, "end": 654}, "obj": "BACKGROUND", "id": "T4"}, {"span": {"begin": 655, "end": 839}, "obj": "BACKGROUND", "id": "T5"}, {"span": {"begin": 840, "end": 996}, "obj": "BACKGROUND", "id": "T6"}, {"span": {"begin": 997, "end": 1164}, "obj": "BACKGROUND", "id": "T7"}, {"span": {"begin": 1165, "end": 1405}, "obj": "METHODS", "id": "T8"}, {"span": {"begin": 1406, "end": 1453}, "obj": "METHODS", "id": "T9"}, {"span": {"begin": 1454, "end": 1591}, "obj": "METHODS", "id": "T10"}, {"span": {"begin": 1592, "end": 1836}, "obj": "RESULTS", "id": "T11"}, {"span": {"begin": 1837, "end": 1960}, "obj": "RESULTS", "id": "T12"}, {"span": {"begin": 1961, "end": 2065}, "obj": "RESULTS", "id": "T13"}, {"span": {"begin": 2066, "end": 2267}, "obj": "RESULTS", "id": "T14"}, {"span": {"begin": 2268, "end": 2332}, "obj": "RESULTS", "id": "T15"}, {"span": {"begin": 2333, "end": 2528}, "obj": "CONCLUSIONS", "id": "T16"}]}