{"text": "A critical window of CAG repeat-length correlates with phenotype severity in the R6/2 mouse model of Huntington's disease.\nThe R6/2 mouse is the most frequently used model for experimental and preclinical drug trials in Huntington's disease (HD). When the R6/2 mouse was first developed, it carried exon 1 of the huntingtin gene with ~150 cytosine-adenine-guanine (CAG) repeats. The model presented with a rapid and aggressive phenotype that shared many features with the human condition and was particularly similar to juvenile HD. However, instability in the CAG repeat length due to different breeding practices has led to both decreases and increases in average CAG repeat lengths among colonies. Given the inverse relationship in human HD between CAG repeat length and age at onset and to a degree, the direct relationship with severity of disease, we have investigated the effect of altered CAG repeat length. Four lines, carrying ~110, ~160, ~210, and ~310 CAG repeats, were examined using a battery of tests designed to assess the basic R6/2 phenotype. These included electrophysiological properties of striatal medium-sized spiny neurons, motor activity, inclusion formation, and protein expression. The results showed an unpredicted, inverted 'U-shaped' relationship between CAG repeat length and phenotype; increasing the CAG repeat length from 110 to 160 exacerbated the R6/2 phenotype, whereas further increases to 210 and 310 CAG repeats greatly ameliorated the phenotype. These findings demonstrate that the expected relationship between CAG repeat length and disease severity observed in humans is lost in the R6/2 mouse model and highlight the importance of CAG repeat-length determination in preclinical drug trials that use this model.\n", "denotations": [{"span": {"begin": 0, "end": 122}, "obj": "BACKGROUND", "id": "T1"}, {"span": {"begin": 123, "end": 246}, "obj": "BACKGROUND", "id": "T2"}, {"span": {"begin": 247, "end": 303}, "obj": "BACKGROUND", "id": "T3"}, {"span": {"begin": 304, "end": 378}, "obj": "BACKGROUND", "id": "T4"}, {"span": {"begin": 379, "end": 532}, "obj": "BACKGROUND", "id": "T5"}, {"span": {"begin": 533, "end": 700}, "obj": "BACKGROUND", "id": "T6"}, {"span": {"begin": 701, "end": 915}, "obj": "BACKGROUND", "id": "T7"}, {"span": {"begin": 916, "end": 1060}, "obj": "METHODS", "id": "T8"}, {"span": {"begin": 1061, "end": 1208}, "obj": "METHODS", "id": "T9"}, {"span": {"begin": 1209, "end": 1486}, "obj": "RESULTS", "id": "T10"}, {"span": {"begin": 1487, "end": 1754}, "obj": "CONCLUSIONS", "id": "T11"}]}