{"text": "Optimizing the decoding of movement goals from local field potentials in macaque cortex.\nThe successful development of motor neuroprosthetic devices hinges on the ability to accurately and reliably decode signals from the brain. Motor neuroprostheses are widely investigated in behaving non-human primates, but technical constraints have limited progress in optimizing performance. In particular, the organization of movement-related neuronal activity across cortical layers remains poorly understood due, in part, to the widespread use of fixed-geometry multielectrode arrays. In this study, we use chronically implanted multielectrode arrays with individually movable electrodes to examine how the encoding of movement goals depends on cortical depth. In a series of recordings spanning several months, we varied the depth of each electrode in the prearcuate gyrus of frontal cortex in two monkeys as they performed memory-guided eye movements. We decode eye movement goals from local field potentials (LFPs) and multiunit spiking activity recorded across a range of depths up to 3 mm from the cortical surface. We show that both LFP and multiunit signals yield the highest decoding performance at superficial sites, within 0.5 mm of the cortical surface, while performance degrades substantially at sites deeper than 1 mm. We also analyze performance by varying bandpass filtering characteristics and simulating changes in microelectrode array channel count and density. The results indicate that the performance of LFP-based neuroprostheses strongly depends on recording configuration and that recording depth is a critical parameter limiting system performance.\n", "denotations": [{"span": {"begin": 0, "end": 88}, "obj": "BACKGROUND", "id": "T1"}, {"span": {"begin": 89, "end": 228}, "obj": "BACKGROUND", "id": "T2"}, {"span": {"begin": 229, "end": 381}, "obj": "BACKGROUND", "id": "T3"}, {"span": {"begin": 382, "end": 577}, "obj": "BACKGROUND", "id": "T4"}, {"span": {"begin": 578, "end": 753}, "obj": "BACKGROUND", "id": "T5"}, {"span": {"begin": 754, "end": 946}, "obj": "METHODS", "id": "T6"}, {"span": {"begin": 947, "end": 1113}, "obj": "METHODS", "id": "T7"}, {"span": {"begin": 1114, "end": 1325}, "obj": "CONCLUSIONS", "id": "T8"}, {"span": {"begin": 1326, "end": 1473}, "obj": "CONCLUSIONS", "id": "T9"}, {"span": {"begin": 1474, "end": 1666}, "obj": "CONCLUSIONS", "id": "T10"}]}