{"text": "The mismatch repair system protects against intergenerational GAA repeat instability in a Friedreich ataxia mouse model.\nFriedreich ataxia (FRDA) is an autosomal recessive neurodegenerative disorder caused by a dynamic GAA repeat expansion mutation within intron 1 of the FXN gene. Studies of mouse models for other trinucleotide repeat (TNR) disorders have revealed an important role of mismatch repair (MMR) proteins in TNR instability. To explore the potential role of MMR proteins on intergenerational GAA repeat instability in FRDA, we have analyzed the transmission of unstable GAA repeat expansions from FXN transgenic mice which have been crossed with mice that are deficient for Msh2, Msh3, Msh6 or Pms2. We find in all cases that absence of parental MMR protein not only maintains transmission of GAA expansions and contractions, but also increases GAA repeat mutability (expansions and/or contractions) in the offspring. This indicates that Msh2, Msh3, Msh6 and Pms2 proteins are not the cause of intergenerational GAA expansions or contractions, but act in their canonical MMR capacity to protect against GAA repeat instability. We further identified differential modes of action for the four MMR proteins. Thus, Msh2 and Msh3 protect against GAA repeat contractions, while Msh6 protects against both GAA repeat expansions and contractions, and Pms2 protects against GAA repeat expansions and also promotes contractions. Furthermore, we detected enhanced occupancy of Msh2 and Msh3 proteins downstream of the FXN expanded GAA repeat, suggesting a model in which Msh2/3 dimers are recruited to this region to repair mismatches that would otherwise produce intergenerational GAA contractions. These findings reveal substantial differences in the intergenerational dynamics of expanded GAA repeat sequences compared with expanded CAG/CTG repeats, where Msh2 and Msh3 are thought to actively promote repeat expansions.\n", "denotations": [{"span": {"begin": 0, "end": 120}, "obj": "BACKGROUND", "id": "T1"}, {"span": {"begin": 121, "end": 281}, "obj": "BACKGROUND", "id": "T2"}, {"span": {"begin": 282, "end": 336}, "obj": "BACKGROUND", "id": "T3"}, {"span": {"begin": 337, "end": 438}, "obj": "BACKGROUND", "id": "T4"}, {"span": {"begin": 439, "end": 713}, "obj": "METHODS", "id": "T5"}, {"span": {"begin": 714, "end": 931}, "obj": "RESULTS", "id": "T6"}, {"span": {"begin": 932, "end": 1140}, "obj": "RESULTS", "id": "T7"}, {"span": {"begin": 1141, "end": 1218}, "obj": "RESULTS", "id": "T8"}, {"span": {"begin": 1219, "end": 1432}, "obj": "RESULTS", "id": "T9"}, {"span": {"begin": 1433, "end": 1702}, "obj": "RESULTS", "id": "T10"}, {"span": {"begin": 1703, "end": 1926}, "obj": "CONCLUSIONS", "id": "T11"}]}