{"text": "Local field potentials allow accurate decoding of muscle activity.\nLocal field potentials (LFPs) in primary motor cortex include significant information about reach target location and upper limb movement kinematics. Some evidence suggests that they may be a more robust, longer-lasting signal than action potentials (spikes). Here we assess whether LFPs can also be used to decode upper limb muscle activity, a complex movement-related signal. We record electromyograms from both proximal and distal upper limb muscles from monkeys performing a variety of reach-to-grasp and isometric wrist force tasks. We show that LFPs can be used to decode activity from both proximal and distal muscles with performance rivaling that of spikes. Thus, motor cortical LFPs include information about more aspects of movement than has been previously demonstrated. This provides further evidence suggesting that LFPs could provide a highly informative, long-lasting signal source for neural prostheses.\n", "denotations": [{"span": {"begin": 0, "end": 66}, "obj": "BACKGROUND", "id": "T1"}, {"span": {"begin": 67, "end": 216}, "obj": "BACKGROUND", "id": "T2"}, {"span": {"begin": 217, "end": 326}, "obj": "BACKGROUND", "id": "T3"}, {"span": {"begin": 327, "end": 444}, "obj": "BACKGROUND", "id": "T4"}, {"span": {"begin": 445, "end": 604}, "obj": "METHODS", "id": "T5"}, {"span": {"begin": 605, "end": 733}, "obj": "CONCLUSIONS", "id": "T6"}, {"span": {"begin": 734, "end": 849}, "obj": "CONCLUSIONS", "id": "T7"}, {"span": {"begin": 850, "end": 987}, "obj": "CONCLUSIONS", "id": "T8"}]}