{"text": "Tissue plasminogen activator prevents restoration of tight junction proteins through upregulation of angiopoietin-2.\nWe examined the temporal profiles of changes in the expressions of tight junction proteins (TJPs; namely, claudin-5, occludin, and ZO-1) after focal cerebral ischemia/reperfusion in mice. We also examined the effects of delayed treatment with tissue plasminogen activator (tPA) on the expressions of TJPs and angiopoietin (Ang) -1/2/Tie2. Mice subjected to a 6-h filamental middle cerebral artery (MCA) occlusion were treated with tPA (10 mg/kg, intravenously, just after the start of reperfusion) or vehicle. The expressions of TJPs were significantly decreased in the early phase of ischemia/reperfusion, and then gradually recovered. A delayed treatment with tPA decreased the expressions of TJPs when examined at 42 h after reperfusion. In contrast, delayed tPA treatment markedly increased Ang-2, but not Ang-1 expression, when examined at 30 h after reperfusion. Treatment with tPA at 300 μg/ml also significantly decreased Ang- 2, but not Tie2 expression, in an in vitro monolayer model generated using human brain microvascular endothelial cells subjected to serum-deprivation. These findings suggest that delayed tPA treatment prevents recovery of TJPs following focal cerebral ischemia/reperfusion, partially via upregulation of Ang-2.\n", "denotations": [{"span": {"begin": 0, "end": 116}, "obj": "OBJECTIVE", "id": "T1"}, {"span": {"begin": 117, "end": 304}, "obj": "OBJECTIVE", "id": "T2"}, {"span": {"begin": 305, "end": 438}, "obj": "OBJECTIVE", "id": "T3"}, {"span": {"begin": 439, "end": 455}, "obj": "OBJECTIVE", "id": "T4"}, {"span": {"begin": 456, "end": 626}, "obj": "METHODS", "id": "T5"}, {"span": {"begin": 627, "end": 753}, "obj": "RESULTS", "id": "T6"}, {"span": {"begin": 754, "end": 857}, "obj": "RESULTS", "id": "T7"}, {"span": {"begin": 858, "end": 985}, "obj": "RESULTS", "id": "T8"}, {"span": {"begin": 986, "end": 1014}, "obj": "RESULTS", "id": "T9"}, {"span": {"begin": 1014, "end": 1202}, "obj": "RESULTS", "id": "T10"}, {"span": {"begin": 1203, "end": 1362}, "obj": "CONCLUSIONS", "id": "T11"}]}