{"text": "MSH3 mismatch repair protein regulates sensitivity to cytotoxic drugs and a histone deacetylase inhibitor in human colon carcinoma cells.\nMSH3 is a DNA mismatch repair (MMR) gene that undergoes frequent somatic mutation in colorectal cancers (CRCs) with MMR deficiency. MSH3, together with MSH2, forms the MutSβ heteroduplex that interacts with interstrand cross-links induced by drugs such as cisplatin. To date, the impact of MSH3 on chemosensitivity is unknown. We utilized isogenic HCT116 (MLH1-/MSH3-) cells where MLH1 is restored by transfer of chromosome 3 (HCT116+ch3) and also MSH3 by chromosome 5 (HCT116+3+5). We generated HCT116+3+5, SW480 (MLH1+/MSH3+) and SW48 (MLH1-/MSH3+) cells with shRNA knockdown of MSH3. Cells were treated with 5-fluorouracil (5-FU), SN-38, oxaliplatin, or the histone deacetylase (HDAC) inhibitor PCI-24781 and cell viability, clonogenic survival, DNA damage and apoptosis were analyzed. MSH3-deficient vs proficient CRC cells showed increased sensitivity to the irinotecan metabolite SN-38 and to oxaliplatin, but not 5-FU, as shown in assays for apoptosis and clonogenic survival. In contrast, suppression of MLH1 attenuated the cytotoxic effect of 5-FU, but did not alter sensitivity to SN-38 or oxaliplatin. The impact of MSH3 knockdown on chemosensitivity to SN-38 and oxaliplatin was maintained independent of MLH1 status. In MSH3-deficient vs proficient cells, SN-38 and oxaliplatin induced higher levels of phosphorylated histone H2AX and Chk2, and similar results were found in MLH1-proficient SW480 cells. MSH3-deficient vs proficient cells showed increased 53BP1 nuclear foci after irradiation, suggesting that MSH3 can regulate DNA double strand break (DSB) repair. We then utilized PCI-24781 that interferes with homologous recombination (HR) indicated by a reduction in Rad51 expression. The addition of PCI-24781 to oxaliplatin enhanced cytotoxicity to a greater extent compared to either drug alone. MSH3 status can regulate the DNA damage response and extent of apoptosis induced by chemotherapy. The ability of MSH3 to regulate chemosensitivity was independent of MLH1 status. PCI-24781-mediated impairment of HR enhanced oxaliplatin sensitivity, suggesting that reduced DSB repair capacity may be contributory.\n", "denotations": [{"span": {"begin": 0, "end": 137}, "obj": "BACKGROUND", "id": "T1"}, {"span": {"begin": 138, "end": 269}, "obj": "BACKGROUND", "id": "T2"}, {"span": {"begin": 270, "end": 404}, "obj": "BACKGROUND", "id": "T3"}, {"span": {"begin": 405, "end": 464}, "obj": "BACKGROUND", "id": "T4"}, {"span": {"begin": 465, "end": 620}, "obj": "METHODS", "id": "T5"}, {"span": {"begin": 621, "end": 653}, "obj": "METHODS", "id": "T6"}, {"span": {"begin": 653, "end": 665}, "obj": "METHODS", "id": "T7"}, {"span": {"begin": 666, "end": 724}, "obj": "METHODS", "id": "T8"}, {"span": {"begin": 725, "end": 926}, "obj": "METHODS", "id": "T9"}, {"span": {"begin": 927, "end": 1121}, "obj": "RESULTS", "id": "T10"}, {"span": {"begin": 1122, "end": 1250}, "obj": "RESULTS", "id": "T11"}, {"span": {"begin": 1251, "end": 1302}, "obj": "RESULTS", "id": "T12"}, {"span": {"begin": 1303, "end": 1367}, "obj": "RESULTS", "id": "T13"}, {"span": {"begin": 1368, "end": 1554}, "obj": "RESULTS", "id": "T14"}, {"span": {"begin": 1555, "end": 1716}, "obj": "RESULTS", "id": "T15"}, {"span": {"begin": 1717, "end": 1840}, "obj": "RESULTS", "id": "T16"}, {"span": {"begin": 1841, "end": 1954}, "obj": "CONCLUSIONS", "id": "T17"}, {"span": {"begin": 1955, "end": 2052}, "obj": "CONCLUSIONS", "id": "T18"}, {"span": {"begin": 2053, "end": 2133}, "obj": "CONCLUSIONS", "id": "T19"}, {"span": {"begin": 2134, "end": 2268}, "obj": "CONCLUSIONS", "id": "T20"}]}