{"text": "Length-dependent CTG·CAG triplet-repeat expansion in myotonic dystrophy patient-derived induced pluripotent stem cells.\nMyotonic dystrophy type 1 (DM1) is an inherited dominant muscular dystrophy caused by expanded CTG·CAG triplet repeats in the 3' untranslated region of the DMPK1 gene, which produces a toxic gain-of-function CUG RNA. It has been shown that the severity of disease symptoms, age of onset and progression are related to the length of the triplet repeats. However, the mechanism(s) of CTG·CAG triplet-repeat instability is not fully understood. Herein, induced pluripotent stem cells (iPSCs) were generated from DM1 and Huntington's disease patient fibroblasts. We isolated 41 iPSC clones from DM1 fibroblasts, all showing different CTG·CAG repeat lengths, thus demonstrating somatic instability within the initial fibroblast population. During propagation of the iPSCs, the repeats expanded in a manner analogous to the expansion seen in somatic cells from DM1 patients. The correlation between repeat length and expansion rate identified the interval between 57 and 126 repeats as being an important length threshold where expansion rates dramatically increased. Moreover, longer repeats showed faster triplet-repeat expansion. However, the overall tendency of triplet repeats to expand ceased on differentiation into differentiated embryoid body or neurospheres. The mismatch repair components MSH2, MSH3 and MSH6 were highly expressed in iPSCs compared with fibroblasts, and only occupied the DMPK1 gene harboring longer CTG·CAG triplet repeats. In addition, shRNA silencing of MSH2 impeded CTG·CAG triplet-repeat expansion. The information gained from these studies provides new insight into a general mechanism of triplet-repeat expansion in iPSCs.\n", "denotations": [{"span": {"begin": 0, "end": 119}, "obj": "BACKGROUND", "id": "T1"}, {"span": {"begin": 120, "end": 336}, "obj": "BACKGROUND", "id": "T2"}, {"span": {"begin": 337, "end": 472}, "obj": "BACKGROUND", "id": "T3"}, {"span": {"begin": 473, "end": 561}, "obj": "BACKGROUND", "id": "T4"}, {"span": {"begin": 562, "end": 678}, "obj": "BACKGROUND", "id": "T5"}, {"span": {"begin": 679, "end": 854}, "obj": "RESULTS", "id": "T6"}, {"span": {"begin": 855, "end": 988}, "obj": "RESULTS", "id": "T7"}, {"span": {"begin": 989, "end": 1181}, "obj": "RESULTS", "id": "T8"}, {"span": {"begin": 1182, "end": 1246}, "obj": "RESULTS", "id": "T9"}, {"span": {"begin": 1247, "end": 1382}, "obj": "RESULTS", "id": "T10"}, {"span": {"begin": 1383, "end": 1566}, "obj": "RESULTS", "id": "T11"}, {"span": {"begin": 1567, "end": 1645}, "obj": "RESULTS", "id": "T12"}, {"span": {"begin": 1646, "end": 1771}, "obj": "CONCLUSIONS", "id": "T13"}]}