{"text": "Surprising behavioral and neurochemical enhancements in mice with combined mutations linked to Parkinson's disease.\nParkinson's disease (PD) is the second most common neurodegenerative disorder behind Alzheimer's disease. There are currently no therapies proven to halt or slow the progressive neuronal cell loss in PD. A better understanding of the molecular and cellular causes of PD is needed to develop disease-modifying therapies. PD is an age-dependent disease that causes the progressive death of dopamine-producing neurons in the brain. Loss of substantia nigra dopaminergic neurons results in locomotor symptoms such as slowness of movement, tremor, rigidity and postural instability. Abnormalities in other neurotransmitters, such as serotonin, may also be involved in both the motor and non-motor symptoms of PD. Most cases of PD are sporadic but many families show a Mendelian pattern of inherited Parkinsonism and causative mutations have been identified in genes such as Parkin, DJ-1, PINK1, alpha-synuclein and leucine rich repeat kinase 2 (LRRK2). Although the definitive causes of idiopathic PD remain uncertain, the activity of the antioxidant enzyme glutathione peroxidase 1 (Gpx1) is reduced in PD brains and has been shown to be a key determinant of vulnerability to dopaminergic neuron loss in PD animal models. Furthermore, Gpx1 activity decreases with age in human substantia nigra but not rodent substantia nigra. Therefore, we crossed mice deficient for both Parkin and DJ-1 with mice deficient for Gpx1 to test the hypothesis that loss-of-function mutations in Parkin and DJ-1 cause PD by increasing vulnerability to Gpx1 deficiency. Surprisingly, mice lacking Parkin, DJ-1 and Gpx1 have increased striatal dopamine levels in the absence of nigral cell loss compared to wild type, Gpx1(-/-), and Parkin(-/-)DJ-1(-/-) mutant mice. Additionally, Parkin(-/-)DJ-1(-/-) mice exhibit improved rotarod performance and have increased serotonin in the striatum and hippocampus. Stereological analysis indicated that the increased serotonin levels were not due to increased serotonergic projections. The results of our behavioral, neurochemical and immunohistochemical analyses reveal that PD-linked mutations in Parkin and DJ-1 cause dysregulation of neurotransmitter systems beyond the nigrostriatal dopaminergic circuit and that loss-of-function mutations in Parkin and DJ-1 lead to adaptive changes in dopamine and serotonin especially in the context of Gpx1 deficiency.\n", "denotations": [{"span": {"begin": 0, "end": 115}, "obj": "BACKGROUND", "id": "T1"}, {"span": {"begin": 116, "end": 221}, "obj": "BACKGROUND", "id": "T2"}, {"span": {"begin": 222, "end": 319}, "obj": "BACKGROUND", "id": "T3"}, {"span": {"begin": 320, "end": 435}, "obj": "BACKGROUND", "id": "T4"}, {"span": {"begin": 436, "end": 544}, "obj": "BACKGROUND", "id": "T5"}, {"span": {"begin": 545, "end": 693}, "obj": "BACKGROUND", "id": "T6"}, {"span": {"begin": 694, "end": 823}, "obj": "BACKGROUND", "id": "T7"}, {"span": {"begin": 824, "end": 1063}, "obj": "BACKGROUND", "id": "T8"}, {"span": {"begin": 1064, "end": 1333}, "obj": "BACKGROUND", "id": "T9"}, {"span": {"begin": 1334, "end": 1438}, "obj": "METHODS", "id": "T10"}, {"span": {"begin": 1439, "end": 1660}, "obj": "METHODS", "id": "T11"}, {"span": {"begin": 1661, "end": 1856}, "obj": "RESULTS", "id": "T12"}, {"span": {"begin": 1857, "end": 1995}, "obj": "RESULTS", "id": "T13"}, {"span": {"begin": 1996, "end": 2116}, "obj": "RESULTS", "id": "T14"}, {"span": {"begin": 2117, "end": 2491}, "obj": "CONCLUSIONS", "id": "T15"}]}