{"text": "The retinoblastoma tumor suppressor pathway modulates the invasiveness of ErbB2-positive breast cancer.\nThe processes that control the progression of ductal carcinoma in situ (DCIS) to invasive breast cancer remain poorly understood. Epidermal growth factor receptor 2 (ErbB2) overexpression is common in DCIS, as is disruption of the retinoblastoma tumor suppressor (RB) pathway. Here, we examined the cooperative impact of ErbB2 and RB deregulation on facets of disease progression. Our studies demonstrate that RB deficiency altered the expression of key molecules needed for proper cellular organization and epithelial cell-cell adhesion as part of a program related to the epithelial-to-mesenchymal transition (EMT). An increase in the invasive potential of ErbB2-overexpressing cells was observed upon RB depletion. Further, stable knockdown of RB resulted in invasive lesions in orthotopic xenograft assays, compared with DCIS-like lesions developing from RB-proficient cells. Conversely, the invasive phenotype observed in ErbB2-positive cancer models was inhibited through CDK4/6 inhibition in an RB-dependent manner. Finally, in a cohort of DCIS cases, we show that, although elevated levels of ErbB2 are associated with increased risk of a subsequent DCIS recurrence, it is not associated with progression to invasive disease. In contrast, RB loss in ErbB2-positive DCIS cases was associated with increased risk for invasive breast cancer. Taken together, these data demonstrate a key role for the RB pathway in invasion associated with breast tumor progression, and shed light on the key molecular events that promote the progression of DCIS to invasive disease.\n", "denotations": [{"span": {"begin": 0, "end": 103}, "obj": "BACKGROUND", "id": "T1"}, {"span": {"begin": 104, "end": 233}, "obj": "BACKGROUND", "id": "T2"}, {"span": {"begin": 234, "end": 268}, "obj": "BACKGROUND", "id": "T3"}, {"span": {"begin": 269, "end": 380}, "obj": "BACKGROUND", "id": "T4"}, {"span": {"begin": 381, "end": 484}, "obj": "BACKGROUND", "id": "T5"}, {"span": {"begin": 485, "end": 721}, "obj": "BACKGROUND", "id": "T6"}, {"span": {"begin": 722, "end": 821}, "obj": "RESULTS", "id": "T7"}, {"span": {"begin": 822, "end": 983}, "obj": "RESULTS", "id": "T8"}, {"span": {"begin": 984, "end": 1126}, "obj": "RESULTS", "id": "T9"}, {"span": {"begin": 1127, "end": 1337}, "obj": "RESULTS", "id": "T10"}, {"span": {"begin": 1338, "end": 1450}, "obj": "RESULTS", "id": "T11"}, {"span": {"begin": 1451, "end": 1674}, "obj": "CONCLUSIONS", "id": "T12"}]}