{"text": "Mlh1-Mlh3, a meiotic crossover and DNA mismatch repair factor, is a Msh2-Msh3-stimulated endonuclease.\nCrossing over between homologous chromosomes is initiated in meiotic prophase in most sexually reproducing organisms by the appearance of programmed double strand breaks throughout the genome. In Saccharomyces cerevisiae the double-strand breaks are resected to form three prime single-strand tails that primarily invade complementary sequences in unbroken homologs. These invasion intermediates are converted into double Holliday junctions and then resolved into crossovers that facilitate homolog segregation during Meiosis I. Work in yeast suggests that Msh4-Msh5 stabilizes invasion intermediates and double Holliday junctions, which are resolved into crossovers in steps requiring Sgs1 helicase, Exo1, and a putative endonuclease activity encoded by the DNA mismatch repair factor Mlh1-Mlh3. We purified Mlh1-Mlh3 and showed that it is a metal-dependent and Msh2-Msh3-stimulated endonuclease that makes single-strand breaks in supercoiled DNA. These observations support a direct role for an Mlh1-Mlh3 endonuclease activity in resolving recombination intermediates and in DNA mismatch repair.\n", "denotations": [{"span": {"begin": 0, "end": 102}, "obj": "BACKGROUND", "id": "T1"}, {"span": {"begin": 103, "end": 295}, "obj": "BACKGROUND", "id": "T2"}, {"span": {"begin": 296, "end": 469}, "obj": "BACKGROUND", "id": "T3"}, {"span": {"begin": 470, "end": 899}, "obj": "METHODS", "id": "T4"}, {"span": {"begin": 900, "end": 1051}, "obj": "RESULTS", "id": "T5"}, {"span": {"begin": 1052, "end": 1200}, "obj": "CONCLUSIONS", "id": "T6"}]}