{"text": "The Saccharomyces cerevisiae Mlh1-Mlh3 heterodimer is an endonuclease that preferentially binds to Holliday junctions.\nMutLγ, a heterodimer of the MutL homologues Mlh1 and Mlh3, plays a critical role during meiotic homologous recombination. The meiotic function of Mlh3 is fully dependent on the integrity of a putative nuclease motif DQHAX2EX4E, inferring that the anticipated nuclease activity of Mlh1-Mlh3 is involved in the processing of joint molecules to generate crossover recombination products. Although a vast body of genetic and cell biological data regarding Mlh1-Mlh3 is available, mechanistic insights into its function have been lacking due to the unavailability of the recombinant protein complex. Here we expressed the yeast Mlh1-Mlh3 heterodimer and purified it into near homogeneity. We show that recombinant MutLγ is a nuclease that nicks double-stranded DNA. We demonstrate that MutLγ binds DNA with a high affinity and shows a marked preference for Holliday junctions. We also expressed the human MLH1-MLH3 complex and show that preferential binding to Holliday junctions is a conserved capacity of eukaryotic MutLγ complexes. Specific DNA recognition has never been observed with any other eukaryotic MutL homologue. MutLγ thus represents a new paradigm for the function of the eukaryotic MutL protein family. We provide insights into the mode of Holliday junction recognition and show that Mlh1-Mlh3 prefers to bind the open unstacked Holliday junction form. This further supports the model where MutLγ is part of a complex acting on joint molecules to generate crossovers in meiosis.\n", "denotations": [{"span": {"begin": 0, "end": 118}, "obj": "BACKGROUND", "id": "T1"}, {"span": {"begin": 119, "end": 240}, "obj": "BACKGROUND", "id": "T2"}, {"span": {"begin": 241, "end": 503}, "obj": "BACKGROUND", "id": "T3"}, {"span": {"begin": 504, "end": 713}, "obj": "BACKGROUND", "id": "T4"}, {"span": {"begin": 714, "end": 802}, "obj": "RESULTS", "id": "T5"}, {"span": {"begin": 803, "end": 879}, "obj": "CONCLUSIONS", "id": "T6"}, {"span": {"begin": 880, "end": 990}, "obj": "CONCLUSIONS", "id": "T7"}, {"span": {"begin": 991, "end": 1148}, "obj": "CONCLUSIONS", "id": "T8"}, {"span": {"begin": 1149, "end": 1239}, "obj": "CONCLUSIONS", "id": "T9"}, {"span": {"begin": 1240, "end": 1332}, "obj": "CONCLUSIONS", "id": "T10"}, {"span": {"begin": 1333, "end": 1482}, "obj": "CONCLUSIONS", "id": "T11"}, {"span": {"begin": 1483, "end": 1608}, "obj": "CONCLUSIONS", "id": "T12"}]}