{"text": "Changes in matrix metalloprotease activity and progranulin levels may contribute to the pathophysiological function of mutant leucine-rich repeat kinase 2.\nIncreasing evidence suggests that Parkinson's disease (PD)-linked Leucine-rich repeat kinase 2 (LRRK2) has a role in peripheral and brain-resident immune cells. Furthermore, dysregulation of the anti-inflammatory, neurotrophic protein progranulin (PGRN) has been demonstrated in several chronic neurodegenerative diseases. Here we show that PGRN levels are significantly reduced in conditioned medium of LRRK2(R1441G) mutant mouse fibroblasts, leukocytes, and microglia, whereas levels of proinflammatory factors, like interleukin-1β and keratinocyte-derived chemokine, were significantly increased. Decreased PGRN levels were also detected in supernatants of cultured human fibroblasts isolated from presymptomatic LRRK2(G2019S) mutation carriers, while mitochondrial function was unaffected. Furthermore, medium levels of matrix metalloprotease (MMP) 2 increased, whereas MMP 9 decreased in LRRK2(R1441G) mutant microglia. Increased proteolytic cleavage of the MMP substrates ICAM-5 and α-synuclein in synaptoneurosomes from LRRK2(R1441G) mutant mouse brain indicates increased net synaptic MMP activity. PGRN levels were decreased in the cerebrospinal fluid of presymptomatic LRRK2 mutant mice, whereas PGRN levels were increased in aged symptomatic mutant mice. Notably, PGRN levels were also increased in the cerebrospinal fluid of PD patients carrying LRRK2 mutations, but not in idiopathic PD patients and in healthy control donors. Our data suggest that proinflammatory activity of peripheral and brain-resident immune cells may particularly contribute to the early stages of Parkinson's disease caused by LRRK2 mutations.\n", "denotations": [{"span": {"begin": 0, "end": 155}, "obj": "BACKGROUND", "id": "T1"}, {"span": {"begin": 156, "end": 316}, "obj": "BACKGROUND", "id": "T2"}, {"span": {"begin": 317, "end": 478}, "obj": "BACKGROUND", "id": "T3"}, {"span": {"begin": 479, "end": 755}, "obj": "RESULTS", "id": "T4"}, {"span": {"begin": 756, "end": 949}, "obj": "RESULTS", "id": "T5"}, {"span": {"begin": 950, "end": 1060}, "obj": "RESULTS", "id": "T6"}, {"span": {"begin": 1060, "end": 1080}, "obj": "RESULTS", "id": "T7"}, {"span": {"begin": 1081, "end": 1262}, "obj": "RESULTS", "id": "T8"}, {"span": {"begin": 1263, "end": 1421}, "obj": "RESULTS", "id": "T9"}, {"span": {"begin": 1422, "end": 1595}, "obj": "RESULTS", "id": "T10"}, {"span": {"begin": 1596, "end": 1786}, "obj": "CONCLUSIONS", "id": "T11"}]}