{"text": "Secreted amyloid β-proteins in a cell culture model include N-terminally extended peptides that impair synaptic plasticity.\nEvidence for a central role of amyloid β-protein (Aβ) in the genesis of Alzheimer’s disease (AD) has led to advanced human trials of Aβ-lowering agents. The “amyloid hypothesis” of AD postulates deleterious effects of small, soluble forms of Aβ on synaptic form and function. Because selectively targeting synaptotoxic forms of soluble Aβ could be therapeutically advantageous, it is important to understand the full range of soluble Aβ derivatives. We previously described a Chinese hamster ovary (CHO) cell line (7PA2 cells) that stably expresses mutant human amyloid precursor protein (APP). Here, we extend this work by purifying an sodium dodecyl sulfate (SDS)-stable, ∼8 kDa Aβ species from the 7PA2 medium. Mass spectrometry confirmed its identity as a noncovalently bonded Aβ40 homodimer that impaired hippocampal long-term potentiation (LTP) in vivo. We further report the detection of Aβ-containing fragments of APP in the 7PA2 medium that extend N-terminal from Asp1 of Aβ. These N-terminally extended Aβ-containing monomeric fragments are distinct from soluble Aβ oligomers formed from Aβ1-40/42 monomers and are bioactive synaptotoxins secreted by 7PA2 cells. Importantly, decreasing β-secretase processing of APP elevated these alternative synaptotoxic APP fragments. We conclude that certain synaptotoxic Aβ-containing species can arise from APP processing events N-terminal to the classical β-secretase cleavage site.\n", "denotations": [{"span": {"begin": 0, "end": 123}, "obj": "BACKGROUND", "id": "T1"}, {"span": {"begin": 124, "end": 276}, "obj": "BACKGROUND", "id": "T2"}, {"span": {"begin": 277, "end": 399}, "obj": "BACKGROUND", "id": "T3"}, {"span": {"begin": 400, "end": 573}, "obj": "BACKGROUND", "id": "T4"}, {"span": {"begin": 574, "end": 718}, "obj": "BACKGROUND", "id": "T5"}, {"span": {"begin": 719, "end": 837}, "obj": "BACKGROUND", "id": "T6"}, {"span": {"begin": 838, "end": 983}, "obj": "BACKGROUND", "id": "T7"}, {"span": {"begin": 984, "end": 1108}, "obj": "BACKGROUND", "id": "T8"}, {"span": {"begin": 1109, "end": 1296}, "obj": "BACKGROUND", "id": "T9"}, {"span": {"begin": 1297, "end": 1405}, "obj": "RESULTS", "id": "T10"}, {"span": {"begin": 1406, "end": 1557}, "obj": "CONCLUSIONS", "id": "T11"}]}