{"text": "COX-2, p16 and Ki67 expression in DCIS, microinvasive and early invasive breast carcinoma with extensive intraductal component.\nRecent studies have showed a significant association between the combination of COX-2, p16 and Ki67 overexpression and incidence of subsequent invasive carcinoma in a subgroup of treated ductal carcinoma in situ (DCIS) and the indicated prognostic value of COX-2, p16 and Ki67 in early breast cancer. Based on the continual model of carcinogenesis and the mentioned results, we hypothesize, that if COX-2, p16 and Ki67 expression is prognostic for DCIS future behaviour, the expression level of the markers correlates also with different stages of breast carcinomas such as DCIS, microinvasive cancer and early invasive cancer with an extensive intraductal compound. The aim of this study was to compare the expression of COX-2, p16 and Ki67 in different stages of breast carcinoma such as pure DCIS, microinvasive cancer (T1mic) and invasive ductal carcinoma with an extensive intraductal component (IDC with EIC). The expression was assessed only in in situ component of the three subgroups (DCIS, T1mic, EIC) in order to show a possible correlation of COX-2, p16 and Ki67 with different stages of carcinogenesis. We carried out a retrospective study using immunohistochemical staining to evaluate the expression of the markers COX-2, p16 and Ki67 in in situ lesions within three subgroups of tumors with the rising extant of invasive compound: in pure DCIS, microinvasive carcinoma (T1mic) and invasive carcinoma with extensive in situ component (IDC with EIC). Additionally, we performed a correlation analysis between the tumor subgroups and patients history data (age, parity, age of menarche, family and personal cancer history, breast feeding lengths, contraception intake, chest irradiation) as well as some of the tumor characteristics (tumor grade, multicentricity, necrosis). Distribution of p16 expression differed significantly among the three diagnoses. P16 score 1 was highest in the DCIS group whereas the lowest proportion was in IDC and p16 overexpression (score 2, 3) maintained this tendency (overexpression proportion in DCIS  less than  T1mic  less than  IDC), though this was not significant. The frequency of COX-2 and p16 overexpression (phenotype COX-2+p16+) was higher in EIC within invasive carcinoma in comparison to DCIS and T1mic and was rising gradually with the severity of the diagnosis (proportion in DCIS  less than  T1mic  less than  IDC). This is the first published study ever assessing the expression of COX-2, p16 and Ki67 markers in different breast tumors containing DCIS compound. Our results showed an increasing expression pattern of COX-2 and p16 with the rising severity of the diagnosis (expression was measured exclusively in in situ lesions within tumors containing different extant of invasiveness). The same relationship was showed for p16 marker alone. These data support different expression pattern of COX-2 and p16 markers in combination and p16 marker alone in 'in situ lesions' according to the stage of carcinogenesis. This fact might be useful in the evaluation of further behaviour of early breast tumors (Tab. 3, Fig. 8, Ref. 29).\n", "denotations": [{"span": {"begin": 0, "end": 127}, "obj": "OBJECTIVE", "id": "T1"}, {"span": {"begin": 128, "end": 428}, "obj": "OBJECTIVE", "id": "T2"}, {"span": {"begin": 429, "end": 794}, "obj": "OBJECTIVE", "id": "T3"}, {"span": {"begin": 795, "end": 1043}, "obj": "OBJECTIVE", "id": "T4"}, {"span": {"begin": 1044, "end": 1243}, "obj": "METHODS", "id": "T5"}, {"span": {"begin": 1244, "end": 1592}, "obj": "METHODS", "id": "T6"}, {"span": {"begin": 1593, "end": 1915}, "obj": "METHODS", "id": "T7"}, {"span": {"begin": 1916, "end": 1996}, "obj": "RESULTS", "id": "T8"}, {"span": {"begin": 1997, "end": 2244}, "obj": "RESULTS", "id": "T9"}, {"span": {"begin": 2245, "end": 2301}, "obj": "RESULTS", "id": "T10"}, {"span": {"begin": 2302, "end": 2480}, "obj": "RESULTS", "id": "T11"}, {"span": {"begin": 2482, "end": 2498}, "obj": "RESULTS", "id": "T12"}, {"span": {"begin": 2500, "end": 2505}, "obj": "RESULTS", "id": "T13"}, {"span": {"begin": 2506, "end": 2653}, "obj": "CONCLUSIONS", "id": "T14"}, {"span": {"begin": 2654, "end": 2880}, "obj": "CONCLUSIONS", "id": "T15"}, {"span": {"begin": 2881, "end": 2935}, "obj": "CONCLUSIONS", "id": "T16"}, {"span": {"begin": 2936, "end": 3107}, "obj": "CONCLUSIONS", "id": "T17"}, {"span": {"begin": 3108, "end": 3197}, "obj": "CONCLUSIONS", "id": "T18"}, {"span": {"begin": 3197, "end": 3222}, "obj": "CONCLUSIONS", "id": "T19"}]}