{"text": "Age-, tissue- and length-dependent bidirectional somatic CAG•CTG repeat instability in an allelic series of R6/2 Huntington disease mice.\nThe expansion of simple sequence CAG•CTG repeats is associated with a number of inherited disorders including Huntington disease (HD), myotonic dystrophy type 1 and several of the spinocerebellar ataxias. Inherited disease-associated alleles usually exceed 40 repeats and may be in excess of 1,000 repeats in some disorders. Inherited allele length is inversely proportional to age at onset, and frequent germline expansions account for the striking anticipation observed in affected families. Expanded disease associated alleles are also somatically unstable via a pathway that is age dependent and tissue specific, and also appears to be expansion biased. Somatic expansions are thought to contribute toward both tissue specificity and disease progression. Here we have examined the somatic mutational dynamics in brain and peripheral tissues from an allelic series of R6/2 HD transgenic mice inheriting from 52 to  greater than 700 CAG repeats. We found age-dependent, tissue-specific somatic instability, with particularly large expansions observed in the striatum and cortex. We also found a positive increase in somatic instability with increasing allele length. Surprisingly, however, the degree of somatic variation did not increase in a linear fashion, but leveled off with increasing allele length. Most unexpectedly, the almost exclusive bias toward the accumulation of expansions observed in mice inheriting smaller alleles was lost, and a high frequency of large somatic contractions was observed in mice inheriting very large alleles ( greater than 500 repeats). These data highlight the bidirectional nature of CAG•CTG repeat instability and the subtle balance that exists between expansion and contraction in vivo. Defining the dynamics and tissue specificity of expansion and contraction is important for understanding the role of genetic instability in pathophysiology and in particular the development of novel therapies based on suppressing expansions and/or promoting contractions.\n", "denotations": [{"span": {"begin": 0, "end": 137}, "obj": "BACKGROUND", "id": "T1"}, {"span": {"begin": 138, "end": 342}, "obj": "BACKGROUND", "id": "T2"}, {"span": {"begin": 343, "end": 462}, "obj": "BACKGROUND", "id": "T3"}, {"span": {"begin": 463, "end": 631}, "obj": "BACKGROUND", "id": "T4"}, {"span": {"begin": 632, "end": 795}, "obj": "BACKGROUND", "id": "T5"}, {"span": {"begin": 796, "end": 896}, "obj": "BACKGROUND", "id": "T6"}, {"span": {"begin": 897, "end": 1085}, "obj": "METHODS", "id": "T7"}, {"span": {"begin": 1086, "end": 1218}, "obj": "RESULTS", "id": "T8"}, {"span": {"begin": 1219, "end": 1306}, "obj": "RESULTS", "id": "T9"}, {"span": {"begin": 1307, "end": 1446}, "obj": "RESULTS", "id": "T10"}, {"span": {"begin": 1447, "end": 1714}, "obj": "RESULTS", "id": "T11"}, {"span": {"begin": 1715, "end": 1868}, "obj": "CONCLUSIONS", "id": "T12"}, {"span": {"begin": 1869, "end": 2140}, "obj": "CONCLUSIONS", "id": "T13"}]}