{"text": "Mutations in LRRK2 potentiate age-related impairment of autophagic flux.\nAutophagy is thought to play a pivotal role in the pathophysiology of Parkinson's disease, but little is known about how genes linked to PD affect autophagy in the context of aging. We generated lines of C. elegans expressing reporters for the autophagosome and lysosome expressed only in dopaminergic neurons, and examined autophagy throughout the lifespan in nematode lines expressing LRRK2 and α-synuclein. Dopamine neurons exhibit a progressive loss of autophagic function with aging. G2019S LRRK2 inhibited autophagy and accelerated the age-related loss of autophagic function, while WT LRRK2 improved autophagy throughout the life-span. Expressing α-synuclein with G2019S or WT LRRK2 caused age-related synergistic inhibition of autophagy and increase in degeneration of dopaminergic neurons. The presence of α-synuclein particularly accentuated age-related inhibition of autophagy by G2019S LRRK2. This work indicates that LRRK2 exhibits a selective, age-linked deleterious interaction with α-synuclein that promotes neurodegeneration.\n", "denotations": [{"span": {"begin": 0, "end": 72}, "obj": "BACKGROUND", "id": "T1"}, {"span": {"begin": 73, "end": 254}, "obj": "BACKGROUND", "id": "T2"}, {"span": {"begin": 255, "end": 482}, "obj": "METHODS", "id": "T3"}, {"span": {"begin": 483, "end": 561}, "obj": "CONCLUSIONS", "id": "T4"}, {"span": {"begin": 562, "end": 715}, "obj": "CONCLUSIONS", "id": "T5"}, {"span": {"begin": 716, "end": 750}, "obj": "CONCLUSIONS", "id": "T6"}, {"span": {"begin": 751, "end": 756}, "obj": "CONCLUSIONS", "id": "T7"}, {"span": {"begin": 757, "end": 871}, "obj": "CONCLUSIONS", "id": "T8"}, {"span": {"begin": 872, "end": 977}, "obj": "CONCLUSIONS", "id": "T9"}, {"span": {"begin": 978, "end": 1115}, "obj": "CONCLUSIONS", "id": "T10"}]}