{"text": "G2019S LRRK2 and aging confer susceptibility to proteasome inhibitor-induced neurotoxicity in nigrostriatal dopaminergic system.\nThe leucine-rich repeat kinase 2 (LRRK2) mutation G2019S is one of the most common genetic causes in Parkinson's disease (PD). The penetrance of G2019S LRRK2 is incomplete and is age-dependent, therefore, it has been speculated that environmental toxins and aging could contribute to G2019S LRRK2-related PD pathogenesis. To prove this speculation, we performed a longitudinal investigation in mice bearing G2019S LRRK2 mutation. BAC G2019S LRRK2 transgenic (Tg) mice and their wildtype (Wt) littermates were treated with lactacystin, a specific proteasome inhibitor. The susceptibilities of mice to lactacystin-induced nigrostriatal dopaminergic (DAergic) degeneration were evaluated, at 5 and 12 months of age. We found that lactacystin treatment caused a greater decline of striatal DA content in the Tg mice at either 5 or 12 months of age than their age-matched Wt littermates. Moreover, the lactacystin-treated Tg or Wt mice at 12 months of age lose much more nigral tyrosine hydroxylase (TH)-positive neurons than the mice at 5 months of age, indicating an age-associated DAergic neurotoxicity. Additionally, stereotactic injection of lactacystin induced a dramatic increase of activated microglia in substantia nigra of mice at 12 months of age, compared with mice at 5 months of age. In summary, our study suggests that expression of the G2019S mutation in the mouse LRRK2 gene confers an age-associated high susceptibility to proteasome inhibition-induced nigrostriatal DAergic degeneration.\n", "denotations": [{"span": {"begin": 0, "end": 128}, "obj": "BACKGROUND", "id": "T1"}, {"span": {"begin": 129, "end": 161}, "obj": "BACKGROUND", "id": "T2"}, {"span": {"begin": 162, "end": 255}, "obj": "BACKGROUND", "id": "T3"}, {"span": {"begin": 256, "end": 450}, "obj": "BACKGROUND", "id": "T4"}, {"span": {"begin": 451, "end": 558}, "obj": "BACKGROUND", "id": "T5"}, {"span": {"begin": 559, "end": 575}, "obj": "METHODS", "id": "T6"}, {"span": {"begin": 576, "end": 615}, "obj": "METHODS", "id": "T7"}, {"span": {"begin": 616, "end": 696}, "obj": "METHODS", "id": "T8"}, {"span": {"begin": 697, "end": 841}, "obj": "METHODS", "id": "T9"}, {"span": {"begin": 842, "end": 1011}, "obj": "RESULTS", "id": "T10"}, {"span": {"begin": 1012, "end": 1230}, "obj": "RESULTS", "id": "T11"}, {"span": {"begin": 1231, "end": 1421}, "obj": "RESULTS", "id": "T12"}, {"span": {"begin": 1422, "end": 1630}, "obj": "CONCLUSIONS", "id": "T13"}]}