{"text": "Absence of MutSβ leads to the formation of slipped-DNA for CTG/CAG contractions at primate replication forks.\nTypically disease-causing CAG/CTG repeats expand, but rare affected families can display high levels of contraction of the expanded repeat amongst offspring. Understanding instability is important since arresting expansions or enhancing contractions could be clinically beneficial. The MutSβ mismatch repair complex is required for CAG/CTG expansions in mice and patients. Oddly, by unknown mechanisms MutSβ-deficient mice incur contractions instead of expansions. Replication using CTG or CAG as the lagging strand template is known to cause contractions or expansions respectively; however, the interplay between replication and repair leading to this instability remains unclear. Towards understanding how repeat contractions may arise, we performed in vitro SV40-mediated replication of repeat-containing plasmids in the presence or absence of mismatch repair. Specifically, we separated repair from replication: Replication mediated by MutSβ- and MutSα-deficient human cells or cell extracts produced slipped-DNA heteroduplexes in the contraction- but not expansion-biased replication direction. Replication in the presence of MutSβ disfavoured the retention of replication products harbouring slipped-DNA heteroduplexes. Post-replication repair of slipped-DNAs by MutSβ-proficient extracts eliminated slipped-DNAs. Thus, a MutSβ-deficiency likely enhances repeat contractions because MutSβ protects against contractions by repairing template strand slip-outs. Replication deficient in LigaseI or PCNA-interaction mutant LigaseI revealed slipped-DNA formation at lagging strands. Our results reveal that distinct mechanisms lead to expansions or contractions and support inhibition of MutSβ as a therapeutic strategy to enhance the contraction of expanded repeats.\n", "denotations": [{"span": {"begin": 0, "end": 109}, "obj": "BACKGROUND", "id": "T1"}, {"span": {"begin": 110, "end": 267}, "obj": "BACKGROUND", "id": "T2"}, {"span": {"begin": 268, "end": 391}, "obj": "BACKGROUND", "id": "T3"}, {"span": {"begin": 392, "end": 482}, "obj": "BACKGROUND", "id": "T4"}, {"span": {"begin": 483, "end": 574}, "obj": "BACKGROUND", "id": "T5"}, {"span": {"begin": 575, "end": 792}, "obj": "BACKGROUND", "id": "T6"}, {"span": {"begin": 793, "end": 974}, "obj": "BACKGROUND", "id": "T7"}, {"span": {"begin": 975, "end": 1026}, "obj": "METHODS", "id": "T8"}, {"span": {"begin": 1027, "end": 1210}, "obj": "RESULTS", "id": "T9"}, {"span": {"begin": 1211, "end": 1336}, "obj": "RESULTS", "id": "T10"}, {"span": {"begin": 1337, "end": 1430}, "obj": "RESULTS", "id": "T11"}, {"span": {"begin": 1431, "end": 1575}, "obj": "RESULTS", "id": "T12"}, {"span": {"begin": 1576, "end": 1694}, "obj": "RESULTS", "id": "T13"}, {"span": {"begin": 1695, "end": 1879}, "obj": "CONCLUSIONS", "id": "T14"}]}