{"text":"Use of keratin 35betaE12 as an adjunct in the diagnosis of mammary intraepithelial neoplasia-ductal type--benign and malignant intraductal proliferations.\nA variety of studies have investigated the role of low molecular weight (LMW) and high molecular weight (HMW) cytokeratin (CK) expression in the normal breast and invasive breast carcinomas. A few studies with small numbers of cases have addressed this issue in intraductal proliferations of the breast. This study investigates the expression of these CKs in a large series of ductal intraepithelial neoplasias of the breast. We examined 150 ductal carcinomas in situ (DCIS), 35 cases of intraductal hyperplasia (IDH), and 15 cases of atypical intraductal hyperplasia (AIDH). Immunohistochemistry was performed using monoclonal antibodies against CK-34betaE12 (HMW CK), CK-8, and CK-19 (LMW CK) on formalin-fixed, paraffin-embedded tissue. The intensity (0, +1, +2, +3) and percentage of positive intraductal cells (0-100%) were multiplied to obtain a score from 0 to 300. The immunoprofiles of IDH, AIDH, and DCIS were categorized into four groups showing negative or low (0-60), moderate (61-100), high (101-200), and very high (201-300) scores. All cases of IDH showed an intensely positive reaction (high to very high scores) for CK-34betaE12. In contrast, 90% of the DCIS showed a negative or only focal and weak reaction (negative or low score) for this antigen. The remaining 10% of DCIS showed a positive immunoreaction for CK-34betaE12 with moderate to high scores. All cases of florid IDH and 96% of cases of DCIS expressed CK-8 intensely with high to very high scores. Although CK-19 was strongly expressed in 97% of cases of IDH (high to very high scores), a very high score was also found in 80% of cases of DCIS that were positive for CK-19. Of the 15 AIDHs, 80% had a negative or only focal reaction (negative or low score) for CK-34betaE12 and the remaining 20% had a moderate to high score for this antigen. Although CK-8 was strongly positive in 87% of cases of AIDH (high to very high scores), only 53.5% of AIDHs showed intense positivity for CK-19. The present study clearly shows that the immunoprofile of IDH is different from DCIS as far as HMW CK is concerned. Although florid IDH is characterized by a diffuse and intense immunoreaction for HMW CK, the lack of or only weak positivity for HMW CK (CK-34betaE12) is, in most cases, a hallmark of ductal carcinoma in situ. The immunoprofile of AIDH is very similar to that of DCIS. The expression of CK-8 and CK-19 is not useful in separating the various categories of ductal intraepithelial proliferations of the breast. We recommend the use of CK-34betaE12 as an adjunct in the diagnosis of a variety of problematic intraductal proliferations of the breast.\n","denotations":[{"id":"T1","span":{"begin":7,"end":25},"obj":"Material"},{"id":"T2","span":{"begin":59,"end":112},"obj":"Material"},{"id":"T3","span":{"begin":228,"end":231},"obj":"Process"},{"id":"T4","span":{"begin":237,"end":258},"obj":"Process"},{"id":"T5","span":{"begin":260,"end":263},"obj":"Process"},{"id":"T6","span":{"begin":278,"end":280},"obj":"Process"},{"id":"T7","span":{"begin":507,"end":510},"obj":"Material"},{"id":"T8","span":{"begin":624,"end":628},"obj":"Process"},{"id":"T9","span":{"begin":643,"end":666},"obj":"Material"},{"id":"T10","span":{"begin":668,"end":671},"obj":"Process"},{"id":"T11","span":{"begin":690,"end":722},"obj":"Material"},{"id":"T12","span":{"begin":724,"end":728},"obj":"Process"},{"id":"T13","span":{"begin":802,"end":815},"obj":"Material"},{"id":"T14","span":{"begin":816,"end":822},"obj":"Material"},{"id":"T15","span":{"begin":825,"end":829},"obj":"Material"},{"id":"T16","span":{"begin":842,"end":848},"obj":"Material"},{"id":"T17","span":{"begin":943,"end":969},"obj":"Material"},{"id":"T18","span":{"begin":1050,"end":1053},"obj":"Material"},{"id":"T19","span":{"begin":1055,"end":1059},"obj":"Material"},{"id":"T20","span":{"begin":1065,"end":1069},"obj":"Material"},{"id":"T21","span":{"begin":1112,"end":1134},"obj":"Process"},{"id":"T22","span":{"begin":1136,"end":1153},"obj":"Process"},{"id":"T23","span":{"begin":1155,"end":1169},"obj":"Material"},{"id":"T24","span":{"begin":1240,"end":1257},"obj":"Process"},{"id":"T25","span":{"begin":1289,"end":1302},"obj":"Material"},{"id":"T26","span":{"begin":1327,"end":1331},"obj":"Material"},{"id":"T27","span":{"begin":1368,"end":1381},"obj":"Process"},{"id":"T28","span":{"begin":1445,"end":1449},"obj":"Material"},{"id":"T29","span":{"begin":1487,"end":1500},"obj":"Material"},{"id":"T30","span":{"begin":1543,"end":1553},"obj":"Material"},{"id":"T31","span":{"begin":1574,"end":1578},"obj":"Material"},{"id":"T32","span":{"begin":1692,"end":1695},"obj":"Material"},{"id":"T33","span":{"begin":1776,"end":1780},"obj":"Material"},{"id":"T34","span":{"begin":1804,"end":1806},"obj":"Material"},{"id":"T35","span":{"begin":1855,"end":1869},"obj":"Process"},{"id":"T36","span":{"begin":1898,"end":1911},"obj":"Material"},{"id":"T37","span":{"begin":2035,"end":2039},"obj":"Material"},{"id":"T38","span":{"begin":2082,"end":2087},"obj":"Material"},{"id":"T39","span":{"begin":2183,"end":2186},"obj":"Material"},{"id":"T40","span":{"begin":2205,"end":2209},"obj":"Process"},{"id":"T41","span":{"begin":2220,"end":2226},"obj":"Material"},{"id":"T42","span":{"begin":2250,"end":2260},"obj":"Process"},{"id":"T43","span":{"begin":2322,"end":2328},"obj":"Material"},{"id":"T44","span":{"begin":2370,"end":2376},"obj":"Material"},{"id":"T45","span":{"begin":2378,"end":2391},"obj":"Material"},{"id":"T46","span":{"begin":2425,"end":2441},"obj":"Material"},{"id":"T47","span":{"begin":2472,"end":2476},"obj":"Material"},{"id":"T48","span":{"begin":2504,"end":2508},"obj":"Material"},{"id":"T49","span":{"begin":2528,"end":2532},"obj":"Material"},{"id":"T50","span":{"begin":2674,"end":2687},"obj":"Material"}],"relations":[]}