{"text":"Memantine restores long term potentiation impaired by tonic N-methyl-D-aspartate (NMDA) receptor activation following reduction of Mg2+ in hippocampal slices.\nThis study compared the ability of memantine and (+)MK-801 to counteract deficits in the induction of long term potentiation (LTP) following reduction of Mg2+ in hippocampal slices--a model of increased synaptic noise due to tonic N-methyl-D-aspartate (NMDA) receptor activation. Decreasing Mg2+ from 1 mM to 10 microM for 60 min enhanced baseline field excitatory post-synaptic potential (fEPSP) slopes (87.2 +/- 10.6% above control) and impaired LTP (-4.1 +/- 9.8% compared to pre-tetanic levels). Long pre-incubations with memantine (1 microM), a concentration achieved in the CSF of dementia patients, almost fully restored the induction of LTP (to 43.4 +/- 8.4%) without changing the enhancement of baseline fEPSP slopes (84.1 +/- 11.6%). Memantine (10 microM) fully restored the induction of LTP (61.5 +/- 5.3%) and also decreased the enhancement of baseline fEPSP slopes (30.1 +/- 4.9%). In contrast, although (+)MK-801 (0.01, 0.1 and 1 microM) caused a concentration-dependent reduction in the low Mg2+ -induced enhancement of baseline fEPSP slopes, it was not able to restore the induction of LTP (3.0 +/- 9.8%, 16.3 +/- 5.7% and 4.8 +/- 6.7% respectively). These data indicate that memantine could produce symptomatological improvement in learning under conditions of tonic NMDA receptor activation such as those occurring in chronic neurodegenerative diseases whereas (+)MK-801 is likely to have only negative effects.\n","denotations":[{"id":"T1","span":{"begin":0,"end":41},"obj":"Process"},{"id":"T2","span":{"begin":54,"end":80},"obj":"Process"},{"id":"T3","span":{"begin":82,"end":86},"obj":"Process"},{"id":"T4","span":{"begin":139,"end":157},"obj":"Material"},{"id":"T5","span":{"begin":194,"end":203},"obj":"Material"},{"id":"T6","span":{"begin":261,"end":283},"obj":"Process"},{"id":"T7","span":{"begin":285,"end":288},"obj":"Process"},{"id":"T8","span":{"begin":300,"end":377},"obj":"Process"},{"id":"T9","span":{"begin":384,"end":410},"obj":"Process"},{"id":"T10","span":{"begin":412,"end":416},"obj":"Process"},{"id":"T11","span":{"begin":439,"end":480},"obj":"Task"},{"id":"T12","span":{"begin":549,"end":555},"obj":"Process"},{"id":"T13","span":{"begin":642,"end":656},"obj":"Material"},{"id":"T14","span":{"begin":659,"end":679},"obj":"Process"},{"id":"T15","span":{"begin":685,"end":706},"obj":"Material"},{"id":"T16","span":{"begin":739,"end":763},"obj":"Material"},{"id":"T17","span":{"begin":791,"end":807},"obj":"Process"},{"id":"T18","span":{"begin":863,"end":885},"obj":"Material"},{"id":"T19","span":{"begin":914,"end":924},"obj":"Material"},{"id":"T20","span":{"begin":944,"end":960},"obj":"Process"},{"id":"T21","span":{"begin":1015,"end":1037},"obj":"Material"},{"id":"T22","span":{"begin":1101,"end":1110},"obj":"Material"},{"id":"T23","span":{"begin":1120,"end":1211},"obj":"Process"},{"id":"T24","span":{"begin":1261,"end":1264},"obj":"Material"},{"id":"T25","span":{"begin":1367,"end":1467},"obj":"Task"},{"id":"T26","span":{"begin":1495,"end":1529},"obj":"Material"}],"relations":[]}