{"text":"Msh2 deficiency prevents in vivo somatic instability of the CAG repeat in Huntington disease transgenic mice.\nHuntington disease (HD), an autosomal dominant, progressive neurodegenerative disorder, is caused by an expanded CAG repeat sequence leading to an increase in the number of glutamine residues in the encoded protein. The normal CAG repeat range is 5-36, whereas 38 or more repeats are found in the diseased state; the severity of disease is roughly proportional to the number of CAG repeats. HD shows anticipation, in which subsequent generations display earlier disease onsets due to intergenerational repeat expansion. For longer repeat lengths, somatic instability of the repeat size has been observed both in human cases at autopsy and in transgenic mouse models containing either a genomic fragment of human HD exon 1 (ref. 9) or an expanded repeat inserted into the endogenous mouse gene Hdh (ref. 10). With increasing repeat number, the protein changes conformation and becomes increasingly prone to aggregation, suggesting important functional correlations between repeat length and pathology. Because dinucleotide repeat instability is known to increase when the mismatch repair enzyme MSH2 is missing, we examined instability of the HD CAG repeat by crossing transgenic mice carrying exon 1 of human HD (ref. 16) with Msh2-/- mice. Our results show that Msh2 is required for somatic instability of the CAG repeat.\n","denotations":[{"id":"T1","span":{"begin":0,"end":52},"obj":"Process"},{"id":"T2","span":{"begin":60,"end":70},"obj":"Material"},{"id":"T3","span":{"begin":74,"end":108},"obj":"Material"},{"id":"T4","span":{"begin":110,"end":128},"obj":"Process"},{"id":"T5","span":{"begin":130,"end":132},"obj":"Process"},{"id":"T6","span":{"begin":223,"end":242},"obj":"Process"},{"id":"T7","span":{"begin":283,"end":301},"obj":"Material"},{"id":"T8","span":{"begin":488,"end":499},"obj":"Material"},{"id":"T9","span":{"begin":501,"end":522},"obj":"Process"},{"id":"T10","span":{"begin":657,"end":676},"obj":"Process"},{"id":"T11","span":{"begin":752,"end":775},"obj":"Process"},{"id":"T12","span":{"begin":796,"end":829},"obj":"Process"},{"id":"T13","span":{"begin":1204,"end":1208},"obj":"Material"},{"id":"T14","span":{"begin":1252,"end":1265},"obj":"Material"},{"id":"T15","span":{"begin":1269,"end":1321},"obj":"Process"},{"id":"T16","span":{"begin":1373,"end":1377},"obj":"Material"},{"id":"T17","span":{"begin":1394,"end":1413},"obj":"Process"},{"id":"T18","span":{"begin":1421,"end":1431},"obj":"Material"}],"relations":[]}