{"text":"Secreted and membrane-associated matrix metalloproteinases of IL-2-activated NK cells and their inhibitors.\nWe have previously documented that rat IL-2-activated NK (A-NK) cells produce matrix metalloproteinase-2 (MMP-2) and MMP-9. In this study, we describe mouse A-NK cell-derived MMPs, including MT-MMPs, and also TIMPs. RT-PCR analysis from cDNA of mouse A-NK cells revealed mRNA for MMP-2, MMP-9, MMP-11, MMP-13, MT1-MMP, MT2-MMP, TIMP-1, and TIMP-2. MMP-2 and MMP-9 expression was confirmed by gelatin zymography. Moreover, we report for the first time that MT-MMPs are expressed by NK cells, i.e., large granular lymphocytes as determined by both RT-PCR and Western blots. TIMP-1 expression was detected as a 29-kDa protein in Western blots. It is intriguing that TIMP-2 protein from A-NK cells was also detected as a 29-kDa protein, which is clearly different from the previously reported molecular mass of 21 kDa in mouse and human cells. In addition, inhibition of MMPs by BB-94, a selective inhibitor of MMP, significantly inhibited the ability of mouse A-NK cells to migrate through Matrigel, a model basement membrane. Taken together, these findings suggest that A-NK cells may therefore use multiple MMPs in various cellular functions, including degradation of various extracellular matrix molecules as they extravasate from blood vessels and accumulate within cancer metastases following their adoptive transfer.\n","denotations":[{"id":"T1","span":{"begin":13,"end":58},"obj":"Material"},{"id":"T2","span":{"begin":62,"end":85},"obj":"Material"},{"id":"T3","span":{"begin":166,"end":211},"obj":"Material"},{"id":"T4","span":{"begin":299,"end":306},"obj":"Material"},{"id":"T5","span":{"begin":353,"end":369},"obj":"Material"},{"id":"T6","span":{"begin":388,"end":393},"obj":"Material"},{"id":"T7","span":{"begin":395,"end":400},"obj":"Material"},{"id":"T8","span":{"begin":402,"end":405},"obj":"Material"},{"id":"T9","span":{"begin":410,"end":413},"obj":"Material"},{"id":"T10","span":{"begin":418,"end":425},"obj":"Material"},{"id":"T11","span":{"begin":427,"end":434},"obj":"Material"},{"id":"T12","span":{"begin":436,"end":442},"obj":"Material"},{"id":"T13","span":{"begin":448,"end":454},"obj":"Process"},{"id":"T14","span":{"begin":466,"end":482},"obj":"Material"},{"id":"T15","span":{"begin":564,"end":571},"obj":"Material"},{"id":"T16","span":{"begin":589,"end":597},"obj":"Material"},{"id":"T17","span":{"begin":605,"end":631},"obj":"Material"},{"id":"T18","span":{"begin":665,"end":678},"obj":"Material"},{"id":"T19","span":{"begin":771,"end":801},"obj":"Material"},{"id":"T20","span":{"begin":829,"end":839},"obj":"Process"},{"id":"T21","span":{"begin":935,"end":946},"obj":"Material"},{"id":"T22","span":{"begin":975,"end":979},"obj":"Material"},{"id":"T23","span":{"begin":1015,"end":1018},"obj":"Material"},{"id":"T24","span":{"begin":1059,"end":1075},"obj":"Material"},{"id":"T25","span":{"begin":1095,"end":1103},"obj":"Material"},{"id":"T26","span":{"begin":1107,"end":1130},"obj":"Material"},{"id":"T27","span":{"begin":1176,"end":1186},"obj":"Material"},{"id":"T28","span":{"begin":1214,"end":1218},"obj":"Material"},{"id":"T29","span":{"begin":1230,"end":1248},"obj":"Process"},{"id":"T30","span":{"begin":1283,"end":1313},"obj":"Material"},{"id":"T31","span":{"begin":1339,"end":1352},"obj":"Material"}],"relations":[]}