{"text":"Large cortical lesions produce enduring forelimb placing deficits in un-treated rats and treatment with NMDA antagonists or anti-oxidant drugs induces behavioral recovery.\nPrevious studies have utilized a lesion model of cortical injury that produces transient behavioral impairments to investigate the recovery of function process. To better understand the recovery process, it would be beneficial to use a lesion model that produces more severe, enduring, behavioral impairments. The purpose of experiment 1 was to validate whether large lesions of the sensorimotor cortex (SMC), which included the rostral forelimb and caudal forelimb regions, produced enduring behavioral deficits. Rats were given large unilateral electrolytic lesions of the SMC, administered either the N-methyl-D-aspartate (NMDA) antagonist, MK-801 or saline 16 h after injury, and tested on a battery of behavioral tests. Enduring behavioral deficits were observed, for at least 6 months, on two tests of forelimb placing while transient deficits were observed on the foot-fault and somatosensory neutralization tests. Administration of MK-801 facilitated recovery on the somatosensory neutralization test; however, it did not induce recovery on either forelimb placing test. A second experiment was performed to determine if earlier administration of MK-801, the NMDA antagonist magnesium chloride (MgCl(2)), or the anti-oxidant N-tert-butyl-alpha-phenylnitrone (PBN) could induce behavioral recovery in this chronic model. Treatment with these drugs induced behavioral recovery on the forelimb placing tests, whereas, the saline-treated rats did not show any signs of behavioral recovery for at least 3 months. Anatomical analysis of the striatum showed that MK-801 and MgCl(2) but not PBN reduced the extent of lesion-induced striatal atrophy. These results suggest that administration of MK-801, MgCl(2), or PBN shortly after cortical injury can induce recovery of function when recovery is otherwise not expected in un-treated rats.\n","denotations":[{"id":"T1","span":{"begin":0,"end":22},"obj":"Process"},{"id":"T2","span":{"begin":104,"end":120},"obj":"Material"},{"id":"T3","span":{"begin":124,"end":142},"obj":"Material"},{"id":"T4","span":{"begin":205,"end":236},"obj":"Task"},{"id":"T5","span":{"begin":303,"end":331},"obj":"Process"},{"id":"T6","span":{"begin":358,"end":374},"obj":"Process"},{"id":"T7","span":{"begin":408,"end":420},"obj":"Process"},{"id":"T8","span":{"begin":555,"end":574},"obj":"Material"},{"id":"T9","span":{"begin":576,"end":579},"obj":"Process"},{"id":"T10","span":{"begin":702,"end":739},"obj":"Process"},{"id":"T11","span":{"begin":747,"end":750},"obj":"Material"},{"id":"T12","span":{"begin":776,"end":796},"obj":"Material"},{"id":"T13","span":{"begin":798,"end":802},"obj":"Process"},{"id":"T14","span":{"begin":816,"end":822},"obj":"Material"},{"id":"T15","span":{"begin":868,"end":895},"obj":"Task"},{"id":"T16","span":{"begin":1058,"end":1092},"obj":"Process"},{"id":"T17","span":{"begin":1147,"end":1180},"obj":"Process"},{"id":"T18","span":{"begin":1339,"end":1373},"obj":"Material"},{"id":"T19","span":{"begin":1392,"end":1437},"obj":"Material"},{"id":"T20","span":{"begin":1439,"end":1442},"obj":"Process"},{"id":"T21","span":{"begin":1562,"end":1584},"obj":"Material"},{"id":"T22","span":{"begin":1688,"end":1707},"obj":"Task"},{"id":"T23","span":{"begin":1736,"end":1742},"obj":"Material"},{"id":"T24","span":{"begin":1789,"end":1820},"obj":"Process"},{"id":"T25","span":{"begin":1849,"end":1869},"obj":"Process"},{"id":"T26","span":{"begin":1887,"end":1890},"obj":"Material"},{"id":"T27","span":{"begin":1925,"end":1952},"obj":"Process"}],"relations":[]}