{"text":"Insulysin hydrolyzes amyloid beta peptides to products that are neither neurotoxic nor deposit on amyloid plaques.\nInsulysin (EC. 3.4.22.11) has been implicated in the clearance of beta amyloid peptides through hydrolytic cleavage. To further study the action of insulysin on Abeta peptides recombinant rat insulysin was used. Cleavage of both Abeta(1-40) and Abeta(1-42) by the recombinant enzyme was shown to initially occur at the His(13)-His(14), His(14)-Gln(15), and Phe(19)-Phe(20) bonds. This was followed by a slower cleavage at the Lys(28)-Gly(29), Val(18)-Phe(19), and Phe(20)-Ala(21) positions. None of the products appeared to be further metabolized by insulysin. Using a rat cortical cell system, the action of insulysin on Abeta(1-40) and Abeta(1-42) was shown to eliminate the neurotoxic effects of these peptides. Insulysin was further shown to prevent the deposition of Abeta(1-40) onto a synthetic amyloid. Taken together these results suggest that the use of insulysin to hydrolyze Abeta peptides represents an alternative gene therapeutic approach to the treatment of Alzheimer's disease.\n","denotations":[{"id":"T1","span":{"begin":0,"end":42},"obj":"Material"},{"id":"T2","span":{"begin":98,"end":113},"obj":"Material"},{"id":"T3","span":{"begin":126,"end":128},"obj":"Process"},{"id":"T4","span":{"begin":181,"end":202},"obj":"Material"},{"id":"T5","span":{"begin":211,"end":230},"obj":"Process"},{"id":"T6","span":{"begin":441,"end":477},"obj":"Process"},{"id":"T7","span":{"begin":684,"end":708},"obj":"Material"},{"id":"T8","span":{"begin":778,"end":810},"obj":"Process"},{"id":"T9","span":{"begin":887,"end":899},"obj":"Material"},{"id":"T10","span":{"begin":906,"end":923},"obj":"Process"},{"id":"T11","span":{"begin":1001,"end":1015},"obj":"Material"},{"id":"T12","span":{"begin":1088,"end":1108},"obj":"Material"}],"relations":[]}