{"text":"Role for matrix metalloproteinase 9 after focal cerebral ischemia: effects of gene knockout and enzyme inhibition with BB-94.\nIt has been shown recently that matrix metalloproteinases (MMPs) are elevated after cerebral ischemia. In the current study, we investigated the pathophysiologic role for MMP-9 (gelatinase B, EC.3.4.24.35) in a mouse model of permanent focal cerebral ischemia, using a combination of genetic and pharmacologic approaches. Zymography and Western blot analysis demonstrated that MMP-9 protein levels were rapidly up-regulated in brain after ischemic onset. Reverse transcription polymerase chain reaction showed increased transcription of MMP-9. There were no differences in systemic hemodynamic parameters and gross cerebrovascular anatomy between wild type mice and mutant mice with a targeted knockout of the MMP-9 gene. After induction of focal ischemia, similar reductions in cerebral blood flow were obtained. In the MMP-9 knockout mice, ischemic lesion volumes were significantly reduced compared with wild type littermates in male and female mice. In normal wild type mice, the broad spectrum MMP inhibitor BB-94 (batimastat) also significantly reduced ischemic lesion size. However, BB-94 had no detectable protective effect when administered to MMP-9 knockout mice subjected to focal cerebral ischemia. These data demonstrate that MMP-9 plays a deleterious role in the development of brain injury after focal ischemia.\n","denotations":[{"id":"T1","span":{"begin":0,"end":35},"obj":"Task"},{"id":"T2","span":{"begin":119,"end":121},"obj":"Material"},{"id":"T3","span":{"begin":158,"end":183},"obj":"Material"},{"id":"T4","span":{"begin":185,"end":189},"obj":"Process"},{"id":"T5","span":{"begin":297,"end":317},"obj":"Material"},{"id":"T6","span":{"begin":337,"end":348},"obj":"Process"},{"id":"T7","span":{"begin":395,"end":446},"obj":"Process"},{"id":"T8","span":{"begin":463,"end":484},"obj":"Process"},{"id":"T9","span":{"begin":503,"end":523},"obj":"Material"},{"id":"T10","span":{"begin":581,"end":628},"obj":"Process"},{"id":"T11","span":{"begin":663,"end":668},"obj":"Material"},{"id":"T12","span":{"begin":699,"end":730},"obj":"Process"},{"id":"T13","span":{"begin":792,"end":803},"obj":"Material"},{"id":"T14","span":{"begin":836,"end":846},"obj":"Material"},{"id":"T15","span":{"begin":947,"end":966},"obj":"Material"},{"id":"T16","span":{"begin":968,"end":983},"obj":"Process"},{"id":"T17","span":{"begin":1110,"end":1144},"obj":"Material"},{"id":"T18","span":{"begin":1177,"end":1205},"obj":"Process"},{"id":"T19","span":{"begin":1365,"end":1368},"obj":"Material"}],"relations":[]}