{"text":"Increased matrix metalloproteinase 9 activity and mRNA expression in lung ischemia-reperfusion injury.\nIn lung ischemia-reperfusion injury, neutrophil migration from the vasculature to the interstitial spaces plays a major role in tissue injury. Degradation of the basement membrane, which is composed of extracellular matrix (ECM) molecules, is necessary for neutrophil migration. Matrix metalloproteinases (MMPs) might play a role in ECM degradation in lung ischemia-reperfusion injury. We evaluated the changes in the activity of MMP-2 and MMP-9, and tissue inhibitor of metalloproteinase 1 (TIMP-1) gene expressions using rat lung transplantation models. We divided animals into 4 groups. Groups I and II served as control groups with intact lungs (Group I) and 24-hour cold-preserved lungs (Group II). Groups III and IV received lung grafts after 24-hour cold preservation. The recipient animals were sacrificed 1 hour (Group III) or 24 hours (Group IV) after transplantation. We evaluated lung injury histologically. We assessed MMP activity using zymography. We assessed MMP-2, MMP-9, and TIMP-1 gene expression using biplex reverse transcriptase-polymerase chain reaction method. In Groups III and IV, we noted severe ischemia-reperfusion injury. We noted no significant difference in enzyme activity and gene expression of MMP-2 between Groups I and IV. The MMP-9 activity and gene expression were low during ischemia and increased on reperfusion. TIMP-1 gene expression was low during ischemia and at the early phase of reperfusion, and showed a dramatic increase at the late phase of reperfusion. Matrix metalloproteinase 9, but not MMP-2, may play an important role in ischemia-reperfusion injury. TIMP-1 increases at the late phase of reperfusion and may compensate for the activity of MMP-9.\n","denotations":[{"id":"T1","span":{"begin":50,"end":66},"obj":"Process"},{"id":"T2","span":{"begin":140,"end":160},"obj":"Process"},{"id":"T3","span":{"begin":265,"end":282},"obj":"Material"},{"id":"T4","span":{"begin":305,"end":325},"obj":"Material"},{"id":"T5","span":{"begin":327,"end":330},"obj":"Process"},{"id":"T6","span":{"begin":360,"end":380},"obj":"Task"},{"id":"T7","span":{"begin":382,"end":407},"obj":"Material"},{"id":"T8","span":{"begin":409,"end":413},"obj":"Material"},{"id":"T9","span":{"begin":436,"end":451},"obj":"Process"},{"id":"T10","span":{"begin":533,"end":536},"obj":"Material"},{"id":"T11","span":{"begin":543,"end":548},"obj":"Material"},{"id":"T12","span":{"begin":595,"end":620},"obj":"Process"},{"id":"T13","span":{"begin":626,"end":657},"obj":"Process"},{"id":"T14","span":{"begin":766,"end":794},"obj":"Material"},{"id":"T15","span":{"begin":796,"end":804},"obj":"Material"},{"id":"T16","span":{"begin":822,"end":845},"obj":"Process"},{"id":"T17","span":{"begin":883,"end":900},"obj":"Material"},{"id":"T18","span":{"begin":965,"end":980},"obj":"Process"},{"id":"T19","span":{"begin":1078,"end":1083},"obj":"Material"},{"id":"T20","span":{"begin":1085,"end":1090},"obj":"Material"},{"id":"T21","span":{"begin":1096,"end":1118},"obj":"Material"},{"id":"T22","span":{"begin":1125,"end":1179},"obj":"Process"},{"id":"T23","span":{"begin":1226,"end":1253},"obj":"Process"},{"id":"T24","span":{"begin":1332,"end":1335},"obj":"Material"},{"id":"T25","span":{"begin":1359,"end":1361},"obj":"Process"},{"id":"T26","span":{"begin":1799,"end":1804},"obj":"Material"}],"relations":[]}