{"text":"The N-methyl-D-aspartate receptor channel blockers memantine, MRZ 2/579 and other amino-alkyl-cyclohexanes antagonise 5-HT(3) receptor currents in cultured HEK-293 and N1E-115 cell systems in a non-competitive manner.\nThe type 3 serotonin (5-HT(3)) receptor is a ligand-gated ion channel. In concentration-clamp experiments, we investigated the effects of the uncompetitive N-methyl-D-aspartate (NMDA) receptor antagonists memantine, amantadine and MRZ 2/579 on 5-HT receptors stabley expressed in HEK-293 cells and on native 5-HT(3) receptors in the N1E-115 cell line. All agents antagonized serotonin (10 microM)-induced inward currents with similar potency to that reported for NMDA receptors. This effect was characterized by inducing a pronounced receptor desensitization, and was probably non-competitive and voltage-independent. In contrast, (S)-ketamine was much weaker as an antagonist of 5-HT(3) receptors than NMDA receptors. Similar effects on 5-HT(3) receptors have been reported previously for a variety of anti-depressants and it is possible that the clinical anti-depressant effects reported for both memantine and amantadine are mediated, at least in part, by antagonistic effects at 5-HT(3) receptors.\n","denotations":[{"id":"T1","span":{"begin":4,"end":50},"obj":"Material"},{"id":"T2","span":{"begin":120,"end":146},"obj":"Process"},{"id":"T3","span":{"begin":240,"end":261},"obj":"Process"},{"id":"T4","span":{"begin":263,"end":287},"obj":"Material"},{"id":"T5","span":{"begin":328,"end":394},"obj":"Process"},{"id":"T6","span":{"begin":396,"end":423},"obj":"Material"},{"id":"T7","span":{"begin":498,"end":511},"obj":"Material"},{"id":"T8","span":{"begin":551,"end":554},"obj":"Material"},{"id":"T9","span":{"begin":574,"end":642},"obj":"Material"},{"id":"T10","span":{"begin":681,"end":695},"obj":"Material"},{"id":"T11","span":{"begin":730,"end":776},"obj":"Process"},{"id":"T12","span":{"begin":850,"end":851},"obj":"Process"},{"id":"T13","span":{"begin":921,"end":935},"obj":"Material"},{"id":"T14","span":{"begin":1021,"end":1037},"obj":"Material"},{"id":"T15","span":{"begin":1177,"end":1197},"obj":"Process"}],"relations":[]}