{"text":"Neuroprotection by memantine, a non-competitive NMDA receptor antagonist after traumatic brain injury in rats.\nThis study investigated whether memantine, a non-competitive NMDA receptor antagonist is neuroprotective after traumatic brain injury (TBI) induced in adult rats with a controlled cortical impact device. TBI led to significant neuronal death in the hippocampal CA2 and CA3 regions (by 50 and 59%, respectively), by 7 days after the injury. Treatment of rats with memantine (10 and 20 mg/Kg, i.p.) immediately after the injury significantly prevented the neuronal loss in both CA2 and CA3 regions. This is the first study showing the neuroprotective potential of memantine to prevent the TBI-induced neuronal damage.\n","denotations":[{"id":"T1","span":{"begin":32,"end":72},"obj":"Material"},{"id":"T2","span":{"begin":79,"end":101},"obj":"Process"},{"id":"T3","span":{"begin":156,"end":196},"obj":"Material"},{"id":"T4","span":{"begin":222,"end":244},"obj":"Process"},{"id":"T5","span":{"begin":246,"end":249},"obj":"Process"},{"id":"T6","span":{"begin":360,"end":391},"obj":"Material"},{"id":"T7","span":{"begin":464,"end":483},"obj":"Material"},{"id":"T8","span":{"begin":587,"end":606},"obj":"Material"},{"id":"T9","span":{"begin":698,"end":725},"obj":"Process"}],"relations":[]}