{"text":"Age-dependent and tissue-specific CAG repeat instability occurs in mouse knock-in for a mutant Huntington's disease gene.\nHuntington's disease (HD) is a neurodegenerative disorder characterized by the expansion of CAG repeats in exon 1 of the HD gene. To clarify the instability of expanded CAG repeats in HD patients, an HD model mouse has been generated by gene replacement with human exon 1 of the HD gene with expansion to 77 CAG repeats. Chimeric proteins composed of human mutated exon 1 and mouse huntingtin are expressed ubiquitously in brain and peripheral tissues. One or two CAG repeat expansion was found in litters from paternal transmission, whereas contraction of CAG repeat in litters was observed through maternal transmission. Elderly mice show greater CAG repeat instability than younger mice, and a unique case was observed of an expanded 97 CAG repeat mouse. Somatic CAG repeat instability is particularly pronounced in the liver, kidney, stomach, and brain but not in the cerebellum of 100-week-old mice. The same results of expanded CAG repeat instability as observed in this HD model mouse were confirmed in the human brain of HD patients. Glial fibrillary acidic protein (GFAP)-positive cells have been found to be increased in the substantia nigra (SN), globus pallidus (GP), and striatum (St) in the brains of 40-week-old affected mice, although without neuronal cell death. The CAG repeat instability and increase in GFAP-positive cells in this mouse model appear to mirror the abnormalities in HD patients. The HD model mouse may therefore have advantages for investigations of molecular mechanisms underlying instability of CAG repeats.\n","denotations":[{"id":"T1","span":{"begin":34,"end":56},"obj":"Process"},{"id":"T2","span":{"begin":88,"end":121},"obj":"Material"},{"id":"T3","span":{"begin":122,"end":143},"obj":"Process"},{"id":"T4","span":{"begin":144,"end":146},"obj":"Process"},{"id":"T5","span":{"begin":201,"end":225},"obj":"Process"},{"id":"T6","span":{"begin":243,"end":250},"obj":"Material"},{"id":"T7","span":{"begin":267,"end":302},"obj":"Process"},{"id":"T8","span":{"begin":306,"end":317},"obj":"Material"},{"id":"T9","span":{"begin":322,"end":336},"obj":"Process"},{"id":"T10","span":{"begin":359,"end":375},"obj":"Process"},{"id":"T11","span":{"begin":401,"end":441},"obj":"Process"},{"id":"T12","span":{"begin":473,"end":493},"obj":"Material"},{"id":"T13","span":{"begin":586,"end":606},"obj":"Process"},{"id":"T14","span":{"begin":633,"end":654},"obj":"Process"},{"id":"T15","span":{"begin":679,"end":682},"obj":"Material"},{"id":"T16","span":{"begin":722,"end":743},"obj":"Process"},{"id":"T17","span":{"begin":771,"end":793},"obj":"Process"},{"id":"T18","span":{"begin":862,"end":878},"obj":"Process"},{"id":"T19","span":{"begin":880,"end":910},"obj":"Process"},{"id":"T20","span":{"begin":1047,"end":1078},"obj":"Process"},{"id":"T21","span":{"begin":1099,"end":1113},"obj":"Process"},{"id":"T22","span":{"begin":1151,"end":1162},"obj":"Material"},{"id":"T23","span":{"begin":1164,"end":1195},"obj":"Process"},{"id":"T24","span":{"begin":1197,"end":1201},"obj":"Process"},{"id":"T25","span":{"begin":1212,"end":1217},"obj":"Material"},{"id":"T26","span":{"begin":1257,"end":1273},"obj":"Material"},{"id":"T27","span":{"begin":1275,"end":1277},"obj":"Process"},{"id":"T28","span":{"begin":1280,"end":1295},"obj":"Material"},{"id":"T29","span":{"begin":1297,"end":1299},"obj":"Process"},{"id":"T30","span":{"begin":1306,"end":1314},"obj":"Process"},{"id":"T31","span":{"begin":1406,"end":1428},"obj":"Process"},{"id":"T32","span":{"begin":1445,"end":1464},"obj":"Material"},{"id":"T33","span":{"begin":1523,"end":1534},"obj":"Material"},{"id":"T34","span":{"begin":1540,"end":1554},"obj":"Process"},{"id":"T35","span":{"begin":1654,"end":1665},"obj":"Material"}],"relations":[]}