{"text":"Effects of matrix metalloproteinase-9 gene knock-out on the proteolysis of blood-brain barrier and white matter components after cerebral ischemia.\nDeleterious processes of extracellular proteolysis may contribute to the progression of tissue damage after acute brain injury. We recently showed that matrix metalloproteinase-9 (MMP-9) knock-out mice were protected against ischemic and traumatic brain injury. In this study, we examined the mechanisms involved by focusing on relevant MMP-9 substrates in blood-brain barrier, matrix, and white matter. MMP-9 knock-out and wild-type mice were subjected to transient focal ischemia. MMP-9 levels increased after ischemia in wild-type brain, with expression primarily present in vascular endothelium. Western blots showed that the blood-brain barrier-associated protein and MMP-9 substrate zonae occludens-1 was degraded after ischemia, but this was reduced in knock-out mice. There were no detectable changes in another blood-brain barrier-associated protein, occludin. Correspondingly, blood-brain barrier disruption assessed via Evans Blue leakage was significantly attenuated in MMP-9 knock-out mice compared with wild types. In white matter, ischemic degradation of the MMP-9 substrate myelin basic protein was significantly reduced in knock-out mice compared with wild types, whereas there was no degradation of other myelin proteins that are not MMP substrates (proteolipid protein and DM20). There were no detectable changes in the ubiquitous structural protein actin or the extracellular matrix protein laminin. Finally, 24 hr lesion volumes were significantly reduced in knock-out mice compared with wild types. These data demonstrate that the protective effects of MMP-9 gene knock-out after transient focal ischemia may be mediated by reduced proteolytic degradation of critical blood-brain barrier and white matter components.\n","denotations":[{"id":"T1","span":{"begin":11,"end":48},"obj":"Material"},{"id":"T2","span":{"begin":75,"end":122},"obj":"Material"},{"id":"T3","span":{"begin":300,"end":326},"obj":"Material"},{"id":"T4","span":{"begin":373,"end":408},"obj":"Process"},{"id":"T5","span":{"begin":485,"end":501},"obj":"Material"},{"id":"T6","span":{"begin":505,"end":524},"obj":"Material"},{"id":"T7","span":{"begin":605,"end":629},"obj":"Task"},{"id":"T8","span":{"begin":631,"end":643},"obj":"Material"},{"id":"T9","span":{"begin":778,"end":816},"obj":"Material"},{"id":"T10","span":{"begin":821,"end":836},"obj":"Material"},{"id":"T11","span":{"begin":1079,"end":1097},"obj":"Process"},{"id":"T12","span":{"begin":1194,"end":1214},"obj":"Process"},{"id":"T13","span":{"begin":1222,"end":1258},"obj":"Material"},{"id":"T14","span":{"begin":1400,"end":1414},"obj":"Material"},{"id":"T15","span":{"begin":1416,"end":1435},"obj":"Material"},{"id":"T16","span":{"begin":1440,"end":1444},"obj":"Material"},{"id":"T17","span":{"begin":1530,"end":1566},"obj":"Material"},{"id":"T18","span":{"begin":1723,"end":1739},"obj":"Material"},{"id":"T19","span":{"begin":1794,"end":1825},"obj":"Process"},{"id":"T20","span":{"begin":1829,"end":1885},"obj":"Material"}],"relations":[]}