{"text":"The selective 5-HT(1A) receptor agonist repinotan HCl attenuates histopathology and spatial learning deficits following traumatic brain injury in rats.\nThe selective 5-HT(1A) receptor agonist Repinotan HCl (BAY x3702) has been reported to attenuate cortical damage and improve functional performance in experimental models of cerebral ischemia and acute subdural hematoma. Using a clinically relevant contusion model of traumatic brain injury, we tested the hypothesis that a 4-h continuous infusion of Repinotan HCl (10 microg/kg/h i.v.) commencing 5 min post-injury would ameliorate functional outcome and attenuate histopathology. Forty isoflurane-anesthetized male adult rats were randomly assigned to receive either a controlled cortical impact (2.7 mm tissue deformation, 4 m/s) or sham injury (Injury/Vehicle=10, Injury/MK-801=10, Injury/Repinotan HCl=10, Sham/Vehicle=10), then tested for vestibulomotor function on post-operative days 1-5 and for spatial learning on days 14-18. Neither Repinotan HCl nor the non-competitive N-methyl-D-aspartate receptor antagonist MK-801, which served as a positive control, improved vestibulomotor function on beam balance and beam walk tasks relative to the Injury/Vehicle group, but both did significantly attenuate spatial learning and memory deficits on a water maze task. Repinotan HCl also reduced hippocampal CA(1) and CA(3) neuronal loss, as well as cortical tissue damage, compared to the Injury/Vehicle group at 4 weeks post-trauma. No significant difference in histological outcome was revealed between the Repinotan HCl- and MK-801-treated groups.These findings extend the therapeutic efficacy of Repinotan HCl to a contusion model of experimental brain injury and demonstrate for the first time that 5-HT(1A) receptor agonists confer neuroprotection and attenuate spatial learning deficits following controlled cortical impact injury. This treatment strategy may be beneficial in a clinical context where memory impairments are common following human traumatic brain injury.\n","denotations":[{"id":"T1","span":{"begin":23,"end":79},"obj":"Material"},{"id":"T2","span":{"begin":120,"end":142},"obj":"Process"},{"id":"T3","span":{"begin":175,"end":205},"obj":"Process"},{"id":"T4","span":{"begin":207,"end":216},"obj":"Material"},{"id":"T5","span":{"begin":249,"end":264},"obj":"Process"},{"id":"T6","span":{"begin":269,"end":371},"obj":"Task"},{"id":"T7","span":{"begin":401,"end":442},"obj":"Process"},{"id":"T8","span":{"begin":458,"end":468},"obj":"Process"},{"id":"T9","span":{"begin":788,"end":799},"obj":"Process"},{"id":"T10","span":{"begin":956,"end":972},"obj":"Process"},{"id":"T11","span":{"begin":1018,"end":1081},"obj":"Material"},{"id":"T12","span":{"begin":1172,"end":1187},"obj":"Material"},{"id":"T13","span":{"begin":1263,"end":1279},"obj":"Process"},{"id":"T14","span":{"begin":1305,"end":1320},"obj":"Material"},{"id":"T15","span":{"begin":1322,"end":1363},"obj":"Process"},{"id":"T16","span":{"begin":1371,"end":1393},"obj":"Process"},{"id":"T17","span":{"begin":1403,"end":1425},"obj":"Process"},{"id":"T18","span":{"begin":1517,"end":1537},"obj":"Material"},{"id":"T19","span":{"begin":1630,"end":1688},"obj":"Process"},{"id":"T20","span":{"begin":1792,"end":1807},"obj":"Process"},{"id":"T21","span":{"begin":1898,"end":1916},"obj":"Process"},{"id":"T22","span":{"begin":2009,"end":2031},"obj":"Process"}],"relations":[]}