{"text":"Stromelysin-1 and gelatinase A are upregulated before TNF-alpha in LPS-stimulated neuroinflammation.\nNeuroinflammation induces a complex molecular cascade that leads to the proteolysis of cells. Matrix metalloproteinases (MMPs) attack all components of the extracellular matrix in a number of neuroinflammatory diseases and cause a delayed opening of the blood-brain barrier (BBB). Earlier, we showed that lipopolysaccharide (LPS) disrupted the BBB through the action of gelatinase B (MMP-9). In a study of cerebral ischemia, gelatinase A (MMP-2) was seen in astrocytic end-feet and stromelysin-1 (MMP-3) in microglia. Since other MMPs may be important in LPS-induced injury, we studied the gene transcription and cellular localization of several MMPs and an inflammatory mediator, tumor necrosis factor (TNF-alpha), using competitive polymerase chain reaction (PCR) and immunohistochemical methods. Significantly elevated levels of MMP-2 and -3 mRNA were observed in LPS-injected brains by 2 h after injection as compared to non-injected brain tissue (P less than 0.05). By 8 h post-LPS injection, gene expression of MMP-2 and -3 had declined in both saline- and LPS-injected tissue, while TNF-alpha mRNA levels rose significantly. Immunohistochemistry of control brains confirmed the earlier observation of MMP-2 immunoreactivity in processes abutting cerebral blood vessels, which increased after LPS injection. The expression of MMP-9 and MMP-3 was localized mainly to the cerebrovasculature in LPS-stimulated brain tissue, predominantly in the perivascular cells of the basal lamina near the site of injection. Both of these proteinases were present at the site of LPS injection at 8 h, but MMP-2 was absent. Our results show that MMP genes are up-regulated prior to the induction of cytokines such as TNF-alpha, and that MMP proteins are prominent around blood vessels in LPS-induced neuroinflammation.\n","denotations":[{"id":"T1","span":{"begin":67,"end":99},"obj":"Process"},{"id":"T2","span":{"begin":129,"end":154},"obj":"Process"},{"id":"T3","span":{"begin":188,"end":193},"obj":"Material"},{"id":"T4","span":{"begin":195,"end":220},"obj":"Material"},{"id":"T5","span":{"begin":257,"end":277},"obj":"Material"},{"id":"T6","span":{"begin":355,"end":374},"obj":"Material"},{"id":"T7","span":{"begin":376,"end":379},"obj":"Process"},{"id":"T8","span":{"begin":406,"end":424},"obj":"Material"},{"id":"T9","span":{"begin":426,"end":429},"obj":"Process"},{"id":"T10","span":{"begin":445,"end":448},"obj":"Material"},{"id":"T11","span":{"begin":485,"end":490},"obj":"Material"},{"id":"T12","span":{"begin":540,"end":543},"obj":"Process"},{"id":"T13","span":{"begin":598,"end":601},"obj":"Process"},{"id":"T14","span":{"begin":608,"end":617},"obj":"Material"},{"id":"T15","span":{"begin":656,"end":674},"obj":"Process"},{"id":"T16","span":{"begin":691,"end":709},"obj":"Process"},{"id":"T17","span":{"begin":714,"end":751},"obj":"Process"},{"id":"T18","span":{"begin":782,"end":803},"obj":"Process"},{"id":"T19","span":{"begin":823,"end":860},"obj":"Process"},{"id":"T20","span":{"begin":862,"end":865},"obj":"Process"},{"id":"T21","span":{"begin":871,"end":898},"obj":"Process"},{"id":"T22","span":{"begin":933,"end":952},"obj":"Material"},{"id":"T23","span":{"begin":968,"end":971},"obj":"Process"},{"id":"T24","span":{"begin":1084,"end":1097},"obj":"Process"},{"id":"T25","span":{"begin":1099,"end":1114},"obj":"Process"},{"id":"T26","span":{"begin":1118,"end":1121},"obj":"Material"},{"id":"T27","span":{"begin":1164,"end":1167},"obj":"Process"},{"id":"T28","span":{"begin":1191,"end":1213},"obj":"Material"},{"id":"T29","span":{"begin":1335,"end":1376},"obj":"Task"},{"id":"T30","span":{"begin":1400,"end":1413},"obj":"Process"},{"id":"T31","span":{"begin":1433,"end":1438},"obj":"Material"},{"id":"T32","span":{"begin":1443,"end":1448},"obj":"Material"},{"id":"T33","span":{"begin":1499,"end":1526},"obj":"Process"},{"id":"T34","span":{"begin":1670,"end":1683},"obj":"Process"},{"id":"T35","span":{"begin":1736,"end":1745},"obj":"Material"},{"id":"T36","span":{"begin":1807,"end":1816},"obj":"Material"},{"id":"T37","span":{"begin":1827,"end":1839},"obj":"Material"},{"id":"T38","span":{"begin":1878,"end":1907},"obj":"Process"}],"relations":[]}