{"text":"Alzheimer amyloid beta-peptide inhibits the late phase of long-term potentiation through calcineurin-dependent mechanisms in the hippocampal dentate gyrus.\nThe perforant path projecting from the entorhinal cortex to the hippocampal dentate gyrus is a particularly vulnerable target to the early deposition of amyloid beta (Abeta) peptides in Alzheimer's brain. The authors previously showed that brief applications of Abeta at subneurotoxic concentrations suppressed the early-phase long-term potentiation (E-LTP) in rat dentate gyrus. The current study further examines the effect of Abeta on the late-phase LTP (L-LTP) in this area. Using multiple high-frequency stimulus trains, a stable L-LTP lasting for at least 3 h was induced in the medial perforant path of rat hippocampal slices. Bath application of Abeta(1-42) (0.2-1.0 microM) during the induction trains attenuated both the initial and late stages of L-LTP. On the other hand, Abeta(1-42) perfusion within the first hour following the induction primarily impaired the late stage of L-LTP, which resembled the action of the protein synthesis inhibitor emetine. Blockade of calcineurin activity with FK506 or cyclosporin A completely prevented Abeta-induced L-LTP deficits. These results suggest that Abeta(1-42) impaired both the induction and maintenance phase of dentate L-LTP through calcineurin-dependent mechanisms. In the concentration range effective for inhibiting L-LTP, Abeta(1-42) also reduced the amplitude of NMDA receptor-mediated synaptic currents in dentate granule cells via a postsynaptic mechanism. In addition, concurrent applications of Abeta(1-42) with the protein synthesis inhibitor caused no additive reduction of L-LTP, indicating a common mechanism underlying the action of both. Thus, inhibition of NMDA receptor channels and disruption of protein synthesis were two possible mechanisms contributing to Abeta-induced L-LTP impairment.\n","denotations":[{"id":"T1","span":{"begin":0,"end":30},"obj":"Material"},{"id":"T2","span":{"begin":58,"end":80},"obj":"Process"},{"id":"T3","span":{"begin":220,"end":245},"obj":"Process"},{"id":"T4","span":{"begin":309,"end":321},"obj":"Material"},{"id":"T5","span":{"begin":342,"end":360},"obj":"Material"},{"id":"T6","span":{"begin":418,"end":423},"obj":"Material"},{"id":"T7","span":{"begin":471,"end":505},"obj":"Process"},{"id":"T8","span":{"begin":641,"end":680},"obj":"Process"},{"id":"T9","span":{"begin":766,"end":788},"obj":"Material"},{"id":"T10","span":{"begin":810,"end":822},"obj":"Material"},{"id":"T11","span":{"begin":823,"end":838},"obj":"Material"},{"id":"T12","span":{"begin":1072,"end":1121},"obj":"Process"},{"id":"T13","span":{"begin":1161,"end":1166},"obj":"Material"},{"id":"T14","span":{"begin":1327,"end":1340},"obj":"Material"},{"id":"T15","span":{"begin":1459,"end":1524},"obj":"Process"},{"id":"T16","span":{"begin":1528,"end":1549},"obj":"Material"},{"id":"T17","span":{"begin":1556,"end":1578},"obj":"Process"},{"id":"T18","span":{"begin":1620,"end":1625},"obj":"Material"},{"id":"T19","span":{"begin":1641,"end":1668},"obj":"Process"},{"id":"T20","span":{"begin":1789,"end":1811},"obj":"Material"},{"id":"T21","span":{"begin":1816,"end":1847},"obj":"Process"}],"relations":[]}