{"text":"Endometrial and colorectal tumors from patients with hereditary nonpolyposis colon cancer display different patterns of microsatellite instability.\nThe colorectum and uterine endometrium are the two most commonly affected organs in hereditary nonpolyposis colon cancer (HNPCC), but the genetic basis of organ selection is poorly understood. As tumorigenesis in HNPCC is driven by deficient DNA mismatch repair (MMR), we compared its typical consequence, instability at microsatellite sequences, in colorectal and endometrial cancers from patients with identical predisposing mutations in the MMR genes MLH1 or MSH2. Analysis of non-coding (BAT25, BAT26, and BAT40) and coding mononucleotide repeats (MSH6, MSH3, MLH3, BAX, IGF2R, TGF beta RII, and PTEN), as well as MLH1- and MSH2-linked dinucleotide repeats (D3S1611 and CA7) revealed significant differences, both quantitative and qualitative, between the two tumor types. Whereas colorectal cancers displayed a predominant pattern consisting of instability at the BAT loci (in 89% of tumors), TGF beta RII (73%), dinucleotide repeats (70%), MSH3 (43%), and BAX (30%), no such single pattern was discernible in endometrial cancers. Instead, the pattern was more heterogeneous and involved a lower proportion of unstable markers per tumor (mean 0.27 for endometrial cancers versus 0.45 for colorectal cancers, P  less than  0.001) and shorter allelic shifts for BAT markers (average 5.1 bp for unstable endometrial cancers versus 9.3 bp for colorectal cancers, P  less than  0.001). Among the individual putative 'target' loci, PTEN instability was associated with endometrial cancers and TGF beta RII instability with colon cancers. The different instability profiles in endometrial and colorectal cancers despite identical genetic predisposition underlines organ-specific differences that may be important determinants of the HNPCC tumor spectrum.\n","denotations":[{"id":"T1","span":{"begin":0,"end":146},"obj":"Task"},{"id":"T2","span":{"begin":232,"end":268},"obj":"Process"},{"id":"T3","span":{"begin":270,"end":275},"obj":"Process"},{"id":"T4","span":{"begin":361,"end":366},"obj":"Material"},{"id":"T5","span":{"begin":390,"end":409},"obj":"Process"},{"id":"T6","span":{"begin":411,"end":414},"obj":"Process"},{"id":"T7","span":{"begin":469,"end":493},"obj":"Process"},{"id":"T8","span":{"begin":592,"end":606},"obj":"Material"},{"id":"T9","span":{"begin":610,"end":614},"obj":"Material"},{"id":"T10","span":{"begin":647,"end":652},"obj":"Material"},{"id":"T11","span":{"begin":658,"end":663},"obj":"Material"},{"id":"T12","span":{"begin":669,"end":698},"obj":"Material"},{"id":"T13","span":{"begin":700,"end":704},"obj":"Material"},{"id":"T14","span":{"begin":706,"end":710},"obj":"Material"},{"id":"T15","span":{"begin":712,"end":716},"obj":"Material"},{"id":"T16","span":{"begin":718,"end":721},"obj":"Material"},{"id":"T17","span":{"begin":723,"end":728},"obj":"Material"},{"id":"T18","span":{"begin":730,"end":742},"obj":"Material"},{"id":"T19","span":{"begin":748,"end":752},"obj":"Material"},{"id":"T20","span":{"begin":766,"end":809},"obj":"Material"},{"id":"T21","span":{"begin":822,"end":825},"obj":"Material"},{"id":"T22","span":{"begin":925,"end":951},"obj":"Material"},{"id":"T23","span":{"begin":1017,"end":1025},"obj":"Material"},{"id":"T24","span":{"begin":1046,"end":1058},"obj":"Material"},{"id":"T25","span":{"begin":1066,"end":1086},"obj":"Material"},{"id":"T26","span":{"begin":1094,"end":1098},"obj":"Material"},{"id":"T27","span":{"begin":1110,"end":1113},"obj":"Material"},{"id":"T28","span":{"begin":1243,"end":1279},"obj":"Process"},{"id":"T29","span":{"begin":1341,"end":1359},"obj":"Material"},{"id":"T30","span":{"begin":1413,"end":1424},"obj":"Material"},{"id":"T31","span":{"begin":1492,"end":1510},"obj":"Material"},{"id":"T32","span":{"begin":1579,"end":1595},"obj":"Process"},{"id":"T33","span":{"begin":1640,"end":1664},"obj":"Process"},{"id":"T34","span":{"begin":1670,"end":1683},"obj":"Material"},{"id":"T35","span":{"begin":1766,"end":1798},"obj":"Process"},{"id":"T36","span":{"begin":1879,"end":1899},"obj":"Material"}],"relations":[]}