{"text":"In vitro and in vivo antagonistic activities of SM-31900 for the NMDA receptor glycine-binding site.\nThe purpose of this study was to clarify the in vitro pharmacological profile and the in vivo activity of (3S)-7-chloro-3-(2-((1R)-1-carboxyethoxy)-4-aminomethylphenyl)aminocarbonylmethyl-1,3,4,5-tetrahydrobenz(c,d)indole-2-carboxylic acid hydrochloride (SM-31900). SM-31900 inhibited the binding of (3H)glycine and (3H)5,7-dichlorokynurenic acid, radioligands for the N-methyl-D-aspartate (NMDA) receptor glycine-binding site, to rat brain membranes in a competitive manner, with K(i) values of 11+/-2 and 1.0+/-0.1 nM, respectively, and completely prevented the binding of (3H)dizocilpine (MK-801), a radioligand for the NMDA receptor channel site. In cultures of rat cortical neurons, SM-31900 markedly prevented the neuronal cell death induced by transient exposure to glutamate, in a concentration-dependent manner. Its neuroprotective potency was much stronger than those of other glycine-binding site antagonists (4-trans-2-carboxy-5,7-dichloro-4-phenylaminocarbonylamino-1,2,3,4-tetrahydroquinoline (L-689,560), 5,7-dichlorokynurenic acid, and 7-chlorokynurenic acid). Furthermore, SM-31900 showed anticonvulsant activity when administered systemically, unlike other antagonists. These data indicate that SM-31900 is a systemically active antagonist with high affinity for the NMDA receptor glycine-binding site.\n","denotations":[{"id":"T1","span":{"begin":48,"end":50},"obj":"Material"},{"id":"T2","span":{"begin":65,"end":99},"obj":"Material"},{"id":"T3","span":{"begin":208,"end":279},"obj":"Material"},{"id":"T4","span":{"begin":325,"end":354},"obj":"Material"},{"id":"T5","span":{"begin":356,"end":358},"obj":"Process"},{"id":"T6","span":{"begin":402,"end":414},"obj":"Material"},{"id":"T7","span":{"begin":470,"end":490},"obj":"Material"},{"id":"T8","span":{"begin":492,"end":528},"obj":"Material"},{"id":"T9","span":{"begin":536,"end":551},"obj":"Material"},{"id":"T10","span":{"begin":640,"end":677},"obj":"Task"},{"id":"T11","span":{"begin":677,"end":693},"obj":"Material"},{"id":"T12","span":{"begin":724,"end":750},"obj":"Material"},{"id":"T13","span":{"begin":767,"end":787},"obj":"Material"},{"id":"T14","span":{"begin":789,"end":791},"obj":"Material"},{"id":"T15","span":{"begin":988,"end":1020},"obj":"Material"},{"id":"T16","span":{"begin":1191,"end":1193},"obj":"Material"},{"id":"T17","span":{"begin":1314,"end":1322},"obj":"Material"},{"id":"T18","span":{"begin":1386,"end":1420},"obj":"Material"}],"relations":[]}