{"text":"Generation of C-terminally truncated amyloid-beta peptides is dependent on gamma-secretase activity.\nAberrant production of amyloid-beta peptides by processing of the beta-amyloid precursor protein leads to the formation of characteristic extracellular protein deposits which are thought to be the cause of Alzheimer's disease. Therefore, inhibiting the key enzymes responsible for amyloid-beta peptide generation, beta- and gamma-secretase may offer an opportunity to intervene with the progression of the disease. In human brain and cell culture systems a heterogeneous population of amyloid-beta peptides with various truncations is detected and at present, it is unclear how they are produced. We have used a combination of surface enhanced laser desorption/ionization time-of-flight mass spectrometry (SELDI-TOF MS) and a specific inhibitor of gamma-secretase to investigate whether the production of all amyloid-beta peptide species requires the action of gamma-secretase. Using this approach, we demonstrate that the production of all truncated amyloid-beta peptides except those released by the action of the nonamyloidogenic alpha-secretase enzyme or potentially beta-site betaAPP cleaving enzyme 2 depends on gamma-secretase activity. This indicates that none of these peptides are generated by a separate enzyme entity and a specific inhibitor of the gamma-secretase enzyme should havethe potential to block the generation of all amyloidogenicpeptides. Furthermore in the presence of gamma-secretase inhibitors, the observation of increased cleavage of the membrane-bound betaAPP C-terminal fragment C99 by alpha-secretase suggests that during its trafficking C99 encounters compartments in which alpha-secretase activity resides.\n","denotations":[{"id":"T1","span":{"begin":14,"end":58},"obj":"Material"},{"id":"T2","span":{"begin":149,"end":197},"obj":"Process"},{"id":"T3","span":{"begin":224,"end":269},"obj":"Process"},{"id":"T4","span":{"begin":307,"end":327},"obj":"Material"},{"id":"T5","span":{"begin":535,"end":585},"obj":"Process"},{"id":"T6","span":{"begin":586,"end":607},"obj":"Material"},{"id":"T7","span":{"begin":713,"end":805},"obj":"Process"},{"id":"T8","span":{"begin":807,"end":819},"obj":"Material"},{"id":"T9","span":{"begin":849,"end":864},"obj":"Material"},{"id":"T10","span":{"begin":1568,"end":1615},"obj":"Material"},{"id":"T11","span":{"begin":1671,"end":1674},"obj":"Process"}],"relations":[]}