{"text":"Identification of a presymptomatic molecular phenotype in Hdh CAG knock-in mice.\nThe hallmark striatal neurodegeneration of Huntington's disease (HD) is first triggered by a dominant property of the expanded glutamine tract in mutant huntingtin that increases in severity with glutamine size. Indeed 111-glutamine murine huntingtin leads to a dominant cascade of phenotypes in Hdh(Q111) mice, although these abnormalities are not manifest in Hdh(Q50) mice, with 50-glutamine mutant protein. Therefore, to identify phenotypes that might reflect events closer to the fundamental trigger mechanism, and that can be measured as a consequence of adult-onset HD mutant huntingtin, we have screened for altered expression of genes conserved in evolution, which are likely to encode essential proteins. Probes generated from Hdh(Q111) homozygote and wild-type striatal RNAs were hybridized to human gene segments on filter arrays, disclosing a mutant-specific increase in hybridization to Rrs1, encoding a ribosomal protein. Subsequent, quantitative RT-PCR assays demonstrated increased Rrs1 mRNA from 3 weeks of age in homozygous and heterozygous Hdh(Q111) striatum and increased Rrs1 mRNA expression with a single copy's worth of 50-glutamine mutant huntingtin in Hdh(Q50) striatum. Moreover, quantitative RT-PCR assays for the human homologue demonstrated elevated Rrs1 mRNA in HD compared with control postmortem brain. These findings, therefore, support a chronic impact of mutant huntingtin on an essential ribosomal regulatory gene to be investigated for its role very early in HD pathogenesis.\n","denotations":[{"id":"T1","span":{"begin":85,"end":145},"obj":"Process"},{"id":"T2","span":{"begin":146,"end":148},"obj":"Process"},{"id":"T3","span":{"begin":208,"end":223},"obj":"Material"},{"id":"T4","span":{"begin":304,"end":331},"obj":"Material"},{"id":"T5","span":{"begin":465,"end":489},"obj":"Material"},{"id":"T6","span":{"begin":565,"end":594},"obj":"Process"},{"id":"T7","span":{"begin":653,"end":673},"obj":"Material"},{"id":"T8","span":{"begin":795,"end":801},"obj":"Material"},{"id":"T9","span":{"begin":885,"end":904},"obj":"Material"},{"id":"T10","span":{"begin":1029,"end":1089},"obj":"Process"},{"id":"T11","span":{"begin":1173,"end":1194},"obj":"Process"},{"id":"T12","span":{"begin":1262,"end":1265},"obj":"Process"},{"id":"T13","span":{"begin":1322,"end":1415},"obj":"Process"},{"id":"T14","span":{"begin":1453,"end":1488},"obj":"Task"},{"id":"T15","span":{"begin":1577,"end":1592},"obj":"Process"}],"relations":[]}