{"text":"Early motor dysfunction and striosomal distribution of huntingtin microaggregates in Huntington's disease knock-in mice.\nHuntington's disease (HD) is characterized by a progressive loss of neurons in the striatum and cerebral cortex and is caused by a CAG repeat expansion in the gene encoding huntingtin. Mice with the mutation inserted into their own huntingtin gene (knock-in mice) are, genetically, the best models of the human disease. Here we show for the first time that knock-in mice with 94 CAG repeats develop a robust and early motor phenotype at 2 months of age, characterized by increased rearing at night. This initial increase in repetitive movements was followed by decreased locomotion at 4 and 6 months, despite a normal life span. The decrease in striatal enkephalin mRNA that is known to occur at 4 months was not present at 2 months, when increased rearing was observed. Both the hyperactive and hypoactive phases of motor dysfunction preceded the detection of nuclear microaggregates of mutated huntingtin in striatal neurons. Nuclear microaggregates, defined as small huntingtin-positive punctas detected by light microscopy, were very rare at 4 months but became widely distributed in striatal neurons at 6 months. Nuclear inclusions did not appear until 18 months. When present, nuclear microaggregates predominated in the striosomal compartment of the striatum, providing a possible explanation for the different neuronal vulnerability of striatal compartments observed in humans. The early motor phenotype observed in the knock-in mouse is reminiscent of repetitive movements often observed in early HD and provides a novel opportunity to assess the ability of therapies to prevent the initial effects of the mutation in vivo.\n","denotations":[{"id":"T1","span":{"begin":0,"end":23},"obj":"Process"},{"id":"T2","span":{"begin":55,"end":81},"obj":"Material"},{"id":"T3","span":{"begin":121,"end":142},"obj":"Process"},{"id":"T4","span":{"begin":143,"end":145},"obj":"Process"},{"id":"T5","span":{"begin":252,"end":272},"obj":"Process"},{"id":"T6","span":{"begin":280,"end":304},"obj":"Material"},{"id":"T7","span":{"begin":592,"end":609},"obj":"Process"},{"id":"T8","span":{"begin":682,"end":702},"obj":"Process"},{"id":"T9","span":{"begin":938,"end":1047},"obj":"Task"},{"id":"T10","span":{"begin":1049,"end":1072},"obj":"Material"},{"id":"T11","span":{"begin":1131,"end":1147},"obj":"Task"},{"id":"T12","span":{"begin":1304,"end":1327},"obj":"Material"},{"id":"T13","span":{"begin":1736,"end":1744},"obj":"Process"}],"relations":[]}