{"text":"beta-Amyloid peptide induces formation of actin stress fibers through p38 mitogen-activated protein kinase.\nBased on the critical role of actin in the maintenance of synaptic function, we examined whether expression of familial beta-amyloid precursor protein APP-V642I (IAPP) or mutant presenilin-1 L286V (mPS1) affects actin polymerization in rat septal neuronal cells. Expression of either IAPP or mPS1 but not wild-type amyloid precursor protein or presenilin-1induced formation of actin stress fibers in SN1 cells, a septal neuronal cell line. Treatment with beta-amyloid (Abeta) peptide also caused formation of actin stress fibers in SN1 cells and primary cultured hippocampal neurons. Treatment with a gamma-secretase inhibitor completely blocked formation of actin stress fibers, indicating that overproduction of Abeta peptide induces actin stress fibers. Because activation of the p38 mitogen-activated protein kinase (p38MAPK)-mitogen-associated protein kinase-associated protein kinase (MAPKAPK)-2-heat-shock protein 27 signaling pathway mediates actin polymerization, we explored whether Abeta peptide activates p38MAPK and MAPKAPK-2. Expression of IAPP or mPS1 induced activation of p38MAPK and MAPKAPK-2. Treatment with a p38MAPK inhibitor completely inhibited formation of actin stress fibers mediated by Abeta peptide, IAPP or mPS1. Moreover, treatment with a gamma-secretase inhibitor completely blocked activation of p38MAPK and MAPKAPK-2. In summary, our data suggest that overproduction of Abeta peptide induces formation of actin stress fibers through activation of the p38MAPK signaling pathway in septal neuronal cells.\n","denotations":[{"id":"T1","span":{"begin":70,"end":81},"obj":"Material"},{"id":"T2","span":{"begin":166,"end":183},"obj":"Process"},{"id":"T3","span":{"begin":219,"end":268},"obj":"Material"},{"id":"T4","span":{"begin":270,"end":274},"obj":"Process"},{"id":"T5","span":{"begin":307,"end":310},"obj":"Material"},{"id":"T6","span":{"begin":326,"end":340},"obj":"Process"},{"id":"T7","span":{"begin":355,"end":369},"obj":"Material"},{"id":"T8","span":{"begin":392,"end":396},"obj":"Material"},{"id":"T9","span":{"begin":508,"end":517},"obj":"Material"},{"id":"T10","span":{"begin":521,"end":546},"obj":"Task"},{"id":"T11","span":{"begin":563,"end":575},"obj":"Material"},{"id":"T12","span":{"begin":640,"end":649},"obj":"Material"},{"id":"T13","span":{"begin":654,"end":690},"obj":"Process"},{"id":"T14","span":{"begin":891,"end":902},"obj":"Material"},{"id":"T15","span":{"begin":929,"end":999},"obj":"Process"},{"id":"T16","span":{"begin":999,"end":1006},"obj":"Process"},{"id":"T17","span":{"begin":1162,"end":1166},"obj":"Material"},{"id":"T18","span":{"begin":1197,"end":1204},"obj":"Material"},{"id":"T19","span":{"begin":1321,"end":1334},"obj":"Material"},{"id":"T20","span":{"begin":1336,"end":1340},"obj":"Process"},{"id":"T21","span":{"begin":1436,"end":1443},"obj":"Material"},{"id":"T22","span":{"begin":1448,"end":1455},"obj":"Material"},{"id":"T23","span":{"begin":1621,"end":1642},"obj":"Material"}],"relations":[]}