{"text":"Neuroprotection by memantine against neurodegeneration induced by beta-amyloid(1-40).\nProgressive neuronal loss and cognitive decline in Alzheimer's disease (AD) might be aggravated by beta-amyloid-enhanced excitotoxicity. Memantine is an uncompetitive NMDA receptor antagonist under clinical development for the treatment of AD. Memantine has neuroprotective actions in several in vitro and in vivo models. In the present study, we determined whether memantine protected against beta-amyloid induced neurotoxicity and learning impairment in rats. Twenty Sprague-Dawley rats received vehicle or vehicle plus memantine (steady-state plasma concentrations of 2.34+/-0.23 microM, n=10) s.c. by osmotic pump for 9 days. After 2 days of treatment, 2 microl of water containing beta-amyloid 1-40 (Abeta(1-40)) were injected into the hippocampal fissure. On the ninth day of treatment, animals were sacrificed, and morphological and immunohistochemical techniques were used to determine the extent of neuronal degeneration and astrocytic and microglial activation in the hippocampus. Psychomotor activity and spatial discrimination were tested on the eighth day of treatment. Abeta(1-40), but not water, injections into hippocampus led to neuronal loss in the CA1 subfield, evidence of widespread apoptosis, and astrocytic and microglial activation and hypertrophy. Memantine treated animals had significant reductions in the amount of neuronal degeneration, pyknotic nuclei, and GFAP immunostaining as compared with vehicle treated animals. These data suggest that memantine, at therapeutically relevant concentrations, can protect against neuronal degeneration induced by beta-amyloid.\n","denotations":[{"id":"T1","span":{"begin":0,"end":78},"obj":"Process"},{"id":"T2","span":{"begin":137,"end":157},"obj":"Material"},{"id":"T3","span":{"begin":158,"end":160},"obj":"Process"},{"id":"T4","span":{"begin":239,"end":328},"obj":"Task"},{"id":"T5","span":{"begin":452,"end":514},"obj":"Process"},{"id":"T6","span":{"begin":595,"end":617},"obj":"Material"},{"id":"T7","span":{"begin":657,"end":676},"obj":"Material"},{"id":"T8","span":{"begin":743,"end":789},"obj":"Material"},{"id":"T9","span":{"begin":879,"end":886},"obj":"Material"},{"id":"T10","span":{"begin":908,"end":956},"obj":"Process"},{"id":"T11","span":{"begin":970,"end":1015},"obj":"Task"},{"id":"T12","span":{"begin":1253,"end":1265},"obj":"Material"},{"id":"T13","span":{"begin":1429,"end":1450},"obj":"Process"},{"id":"T14","span":{"begin":1452,"end":1467},"obj":"Material"},{"id":"T15","span":{"begin":1473,"end":1492},"obj":"Process"},{"id":"T16","span":{"begin":1510,"end":1533},"obj":"Material"},{"id":"T17","span":{"begin":1634,"end":1679},"obj":"Process"}],"relations":[]}