{"text":"MMP-9 and EBA immunoreactivity after papaverine mediated opening of the blood-brain barrier.\nPapaverine is a non-specific vasodilatory drug, which was found to unexpectedly cause opening of the blood-brain barrier (BBB). We studied the expression of two endothelial cell related markers, endothelial barrier antigen (EBA) as a marker of BBB intactness, and matrix metalloproteinase-9 (MMP-9), an extracellular matrix molecule, the activation of which results in BBB opening. Immunoreactivity was quantified after intra-carotid injection of papaverine in rats. BBB opening was identified at 1 h, but had been reversed by 24 h. Reduction in EBA-immunoreactivity occurred at 3 h, whereas MMP-9 was not observed until 24 h. The activation of MMP-9 thus occurred much later than BBB opening, which suggests a different role for MMP-9 when selective and reversible opening of the BBB is produced by pharmacological manipulation.\n","denotations":[{"id":"T1","span":{"begin":0,"end":30},"obj":"Task"},{"id":"T2","span":{"begin":93,"end":103},"obj":"Material"},{"id":"T3","span":{"begin":194,"end":213},"obj":"Material"},{"id":"T4","span":{"begin":215,"end":218},"obj":"Process"},{"id":"T5","span":{"begin":288,"end":315},"obj":"Material"},{"id":"T6","span":{"begin":317,"end":320},"obj":"Process"},{"id":"T7","span":{"begin":337,"end":351},"obj":"Process"},{"id":"T8","span":{"begin":357,"end":383},"obj":"Material"},{"id":"T9","span":{"begin":385,"end":392},"obj":"Material"},{"id":"T10","span":{"begin":462,"end":473},"obj":"Process"},{"id":"T11","span":{"begin":560,"end":571},"obj":"Process"},{"id":"T12","span":{"begin":639,"end":659},"obj":"Process"},{"id":"T13","span":{"begin":685,"end":690},"obj":"Material"},{"id":"T14","span":{"begin":738,"end":741},"obj":"Material"},{"id":"T15","span":{"begin":774,"end":785},"obj":"Process"},{"id":"T16","span":{"begin":874,"end":877},"obj":"Material"},{"id":"T17","span":{"begin":893,"end":921},"obj":"Process"}],"relations":[]}