{"text":"Selecting cells with different Alzheimer's disease gamma-secretase activity using FACS. Differential effect on presenilin exon 9 gamma- and epsilon-cleavage.\nThe ultimate step in Alzheimer's disease Abeta generation involves gamma-secretase, which releases Abeta from its membrane-bound precursor. A similar presenilin-dependent proteolytic activity is implicated in the release of the Notch intracellular domain. We have developed a novel assay for gamma-secretase activity based on green fluorescent protein detection. This involves cotransfection of a substrate-activator based on the amyloid precursor protein or the Notch sequence and a fluorescent reporter gene. Stable fluorescent cell populations were selected by fluorescent activated cell sorting and characterized. This assay enabled the identification and sorting of populations, which differ in their levels of gamma-secretase activity, with high fluorescent cells producing more Abeta than low fluorescent cells. Specific gamma-secretase inhibitors, L-685,458 and MW167, reduced cell fluorescence in a dose-dependent manner that paralleled inhibition of Abeta secretion. Overexpression of presenilin 1 increased the cell fluorescence. Cells expressing presenilin with different aspartate mutations (D257A, D385A and D257A/D385A) or exon 9 deletion mutation showed reduced fluorescence. The single aspartate mutations showed a concomitant reduction in Abeta secretion, whereas the D257A/D385A and DeltaE9 mutations had no effect on Abeta secretion.\n","denotations":[{"id":"T1","span":{"begin":0,"end":15},"obj":"Material"},{"id":"T2","span":{"begin":31,"end":67},"obj":"Material"},{"id":"T3","span":{"begin":82,"end":86},"obj":"Process"},{"id":"T4","span":{"begin":225,"end":240},"obj":"Process"},{"id":"T5","span":{"begin":272,"end":296},"obj":"Material"},{"id":"T6","span":{"begin":484,"end":519},"obj":"Process"},{"id":"T7","span":{"begin":555,"end":574},"obj":"Material"},{"id":"T8","span":{"begin":588,"end":613},"obj":"Material"},{"id":"T9","span":{"begin":799,"end":840},"obj":"Process"},{"id":"T10","span":{"begin":905,"end":927},"obj":"Material"},{"id":"T11","span":{"begin":954,"end":975},"obj":"Material"},{"id":"T12","span":{"begin":1118,"end":1133},"obj":"Process"},{"id":"T13","span":{"begin":1180,"end":1197},"obj":"Process"},{"id":"T14","span":{"begin":1199,"end":1261},"obj":"Process"},{"id":"T15","span":{"begin":1263,"end":1268},"obj":"Material"},{"id":"T16","span":{"begin":1270,"end":1291},"obj":"Material"},{"id":"T17","span":{"begin":1390,"end":1430},"obj":"Process"},{"id":"T18","span":{"begin":1444,"end":1455},"obj":"Material"},{"id":"T19","span":{"begin":1495,"end":1510},"obj":"Process"}],"relations":[]}