{"text":"Beta-secretase cleavage at amino acid residue 34 in the amyloid beta peptide is dependent upon gamma-secretase activity.\nThe amyloid beta peptides (Abeta) are the major components of the senile plaques characteristic of Alzheimer's disease. Abeta peptides are generated from the cleavage of amyloid precursor protein (APP) by beta- and gamma-secretases. Beta-secretase (BACE), a type-I transmembrane aspartyl protease, cleaves APP first to generate a 99-amino acid membrane-associated fragment (CT99) containing the N terminus of Abeta peptides. Gamma-secretase, a multi-protein complex, then cleaves within the transmembrane region of CT99 to generate the C termini of Abeta peptides. The production of Abeta peptides is, therefore, dependent on the activities of both BACE and gamma-secretase. The cleavage of APP by BACE is believed to be a prerequisite for gamma-secretase-mediated processing. In the present study, we provide evidence both in vitro and in cells that BACE-mediated cleavage between amino acid residues 34 and 35 (Abeta-34 site) in the Abeta region is dependent on gamma-secretase activity. In vitro, the Abeta-34 site is processed specifically by BACE1 and BACE2, but not by cathepsin D, a closely related aspartyl protease. Moreover, the cleavage of the Abeta-34 site by BACE1 or BACE2 occurred only when Abeta 1- 40 peptide, a gamma-secretase cleavage product, was used as substrate, not the non-cleaved CT99. In cells, overexpression of BACE1 or BACE2 dramatically increased the production of the Abeta 1-34 species. More importantly, the cellular production of Abeta 1-34 species induced by overexpression of BACE1 or BACE2 was blocked by a number of known gamma-secretase inhibitors in a concentration-dependent manner. These gamma-secretase inhibitors had no effect on enzymatic activity of BACE1 or BACE2 in vitro. Our data thus suggest that gamma-secretase cleavage of CT99 is a prerequisite for BACE-mediated processing at Abeta-34 site. Therefore, BACE and gamma-secretase activity can be mutually dependent.\n","denotations":[{"id":"T1","span":{"begin":0,"end":23},"obj":"Process"},{"id":"T2","span":{"begin":56,"end":76},"obj":"Material"},{"id":"T3","span":{"begin":125,"end":146},"obj":"Material"},{"id":"T4","span":{"begin":163,"end":179},"obj":"Material"},{"id":"T5","span":{"begin":220,"end":240},"obj":"Material"},{"id":"T6","span":{"begin":241,"end":255},"obj":"Material"},{"id":"T7","span":{"begin":291,"end":316},"obj":"Material"},{"id":"T8","span":{"begin":318,"end":321},"obj":"Process"},{"id":"T9","span":{"begin":370,"end":374},"obj":"Process"},{"id":"T10","span":{"begin":451,"end":493},"obj":"Material"},{"id":"T11","span":{"begin":495,"end":499},"obj":"Process"},{"id":"T12","span":{"begin":530,"end":544},"obj":"Material"},{"id":"T13","span":{"begin":636,"end":640},"obj":"Material"},{"id":"T14","span":{"begin":670,"end":684},"obj":"Material"},{"id":"T15","span":{"begin":704,"end":718},"obj":"Material"},{"id":"T16","span":{"begin":770,"end":774},"obj":"Process"},{"id":"T17","span":{"begin":812,"end":815},"obj":"Material"},{"id":"T18","span":{"begin":819,"end":823},"obj":"Process"},{"id":"T19","span":{"begin":861,"end":896},"obj":"Task"},{"id":"T20","span":{"begin":961,"end":966},"obj":"Material"},{"id":"T21","span":{"begin":972,"end":994},"obj":"Process"},{"id":"T22","span":{"begin":1293,"end":1298},"obj":"Process"},{"id":"T23","span":{"begin":1302,"end":1307},"obj":"Material"},{"id":"T24","span":{"begin":1436,"end":1441},"obj":"Material"},{"id":"T25","span":{"begin":1461,"end":1466},"obj":"Material"},{"id":"T26","span":{"begin":1470,"end":1475},"obj":"Material"},{"id":"T27","span":{"begin":1521,"end":1539},"obj":"Material"},{"id":"T28","span":{"begin":1563,"end":1639},"obj":"Process"},{"id":"T29","span":{"begin":1643,"end":1648},"obj":"Material"},{"id":"T30","span":{"begin":1818,"end":1823},"obj":"Material"},{"id":"T31","span":{"begin":1827,"end":1832},"obj":"Material"},{"id":"T32","span":{"begin":1898,"end":1902},"obj":"Material"},{"id":"T33","span":{"begin":1925,"end":1949},"obj":"Process"},{"id":"T34","span":{"begin":1979,"end":1983},"obj":"Material"}],"relations":[]}