{"text":"Decreased expression of the DNA mismatch repair gene Mlh1 under hypoxic stress in mammalian cells.\nThe hypoxic tumor microenvironment has been shown to contribute to genetic instability. As one possible mechanism for this effect, we report that expression of the DNA mismatch repair (MMR) gene Mlh1 is specifically reduced in mammalian cells under hypoxia, whereas expression of other MMR genes, including Msh2, Msh6, and Pms2, is not altered at the mRNA level. However, levels of the PMS2 protein are reduced, consistent with destabilization of PMS2 in the absence of its heterodimer partner, MLH1. The hypoxia-induced reduction in Mlh1 mRNA was prevented by the histone deacetylase inhibitor trichostatin A, suggesting that hypoxia causes decreased Mlh1 transcription via histone deacetylation. In addition, treatment of cells with the iron chelator desferrioxamine also reduced MLH1 and PMS2 levels, in keeping with low oxygen tension being the stress signal that provokes the altered MMR gene expression. Functional MMR deficiency under hypoxia was detected as induced instability of a (CA)(29) dinucleotide repeat and by increased mutagenesis in a chromosomal reporter gene. These results identify a potential new pathway of genetic instability in cancer: hypoxia-induced reduction in the expression of key MMR proteins. In addition, this stress-induced genetic instability may represent a conceptual parallel to the pathway of stationary-phase mutagenesis seen in bacteria.\n","denotations":[{"id":"T1","span":{"begin":28,"end":57},"obj":"Material"},{"id":"T2","span":{"begin":64,"end":78},"obj":"Process"},{"id":"T3","span":{"begin":82,"end":97},"obj":"Material"},{"id":"T4","span":{"begin":103,"end":133},"obj":"Material"},{"id":"T5","span":{"begin":166,"end":185},"obj":"Process"},{"id":"T6","span":{"begin":263,"end":282},"obj":"Material"},{"id":"T7","span":{"begin":284,"end":287},"obj":"Process"},{"id":"T8","span":{"begin":326,"end":341},"obj":"Material"},{"id":"T9","span":{"begin":385,"end":394},"obj":"Material"},{"id":"T10","span":{"begin":485,"end":497},"obj":"Material"},{"id":"T11","span":{"begin":546,"end":550},"obj":"Material"},{"id":"T12","span":{"begin":594,"end":598},"obj":"Material"},{"id":"T13","span":{"begin":604,"end":643},"obj":"Process"},{"id":"T14","span":{"begin":664,"end":693},"obj":"Material"},{"id":"T15","span":{"begin":751,"end":769},"obj":"Process"},{"id":"T16","span":{"begin":774,"end":795},"obj":"Process"},{"id":"T17","span":{"begin":823,"end":828},"obj":"Material"},{"id":"T18","span":{"begin":838,"end":867},"obj":"Material"},{"id":"T19","span":{"begin":881,"end":885},"obj":"Process"},{"id":"T20","span":{"begin":890,"end":901},"obj":"Material"},{"id":"T21","span":{"begin":919,"end":937},"obj":"Material"},{"id":"T22","span":{"begin":988,"end":1007},"obj":"Process"},{"id":"T23","span":{"begin":1065,"end":1084},"obj":"Process"},{"id":"T24","span":{"begin":1091,"end":1093},"obj":"Material"},{"id":"T25","span":{"begin":1126,"end":1147},"obj":"Process"},{"id":"T26","span":{"begin":1230,"end":1249},"obj":"Process"},{"id":"T27","span":{"begin":1261,"end":1324},"obj":"Process"},{"id":"T28","span":{"begin":1359,"end":1378},"obj":"Process"}],"relations":[]}