{"text":"Activation of the c-Jun N-terminal kinase signaling cascade mediates the effect of amyloid-beta on long term potentiation and cell death in hippocampus: a role for interleukin-1beta?\nAmyloid-beta (Abeta) is a major constituent of the neuritic plaque found in the brain of Alzheimer's disease patients, and a great deal of evidence suggests that the neuronal loss that is associated with the disease is a consequence of the actions of Abeta. In the past few years, it has become apparent that activation of c-Jun N-terminal kinase (JNK) mediates some of the effects of Abeta on cultured cells; in particular, the evidence suggests that Abeta-triggered JNK activation leads to cell death. In this study, we investigated the effect of intracerebroventricular injection of Abeta(1-40) on signaling events in the hippocampus and on long term potentiation in Schaffer collateral CA1 pyramidal cell synapses in vivo. We report that Abeta(1-40) induced activation of JNK in CA1 and that this was coupled with expression of the proapoptotic protein, Bax, cytosolic cytochrome c, poly-(ADP-ribose) polymerase cleavage, and Fas ligand expression in the hippocampus. These data indicate that Abeta(1-40) inhibited expression of long term potentiation, and this effect was abrogated by administration of the JNK inhibitor peptide, D-JNKI1. In parallel with these findings, we observed that Abeta-induced changes in caspase-3 activation and TdT-mediated dUTP nick-end labeling staining in neuronal cultured cells were inhibited by D-JNKI1. We present evidence suggesting that interleukin (IL)-1beta plays a significant role in mediating the effects of Abeta(1-40) because Abeta(1-40) increased hippocampal IL-1beta and because several effects of Abeta(1-40) were inhibited by the caspase-1 inhibitor Ac-YVAD-CMK. On the basis of our findings, we propose that Abeta-induced changes in hippocampal plasticity are likely to be dependent upon IL-1beta-triggered activation of JNK.\n","denotations":[{"id":"T1","span":{"begin":18,"end":59},"obj":"Material"},{"id":"T2","span":{"begin":99,"end":121},"obj":"Process"},{"id":"T3","span":{"begin":183,"end":195},"obj":"Material"},{"id":"T4","span":{"begin":272,"end":301},"obj":"Material"},{"id":"T5","span":{"begin":506,"end":529},"obj":"Material"},{"id":"T6","span":{"begin":531,"end":534},"obj":"Process"},{"id":"T7","span":{"begin":577,"end":591},"obj":"Material"},{"id":"T8","span":{"begin":635,"end":665},"obj":"Process"},{"id":"T9","span":{"begin":769,"end":781},"obj":"Material"},{"id":"T10","span":{"begin":827,"end":900},"obj":"Process"},{"id":"T11","span":{"begin":966,"end":969},"obj":"Material"},{"id":"T12","span":{"begin":1046,"end":1068},"obj":"Material"},{"id":"T13","span":{"begin":1070,"end":1075},"obj":"Material"},{"id":"T14","span":{"begin":1076,"end":1079},"obj":"Process"},{"id":"T15","span":{"begin":1216,"end":1238},"obj":"Process"},{"id":"T16","span":{"begin":1295,"end":1316},"obj":"Material"},{"id":"T17","span":{"begin":1377,"end":1398},"obj":"Process"},{"id":"T18","span":{"begin":1427,"end":1473},"obj":"Material"},{"id":"T19","span":{"begin":1475,"end":1498},"obj":"Material"},{"id":"T20","span":{"begin":1575,"end":1577},"obj":"Process"},{"id":"T21","span":{"begin":1766,"end":1797},"obj":"Material"},{"id":"T22","span":{"begin":1845,"end":1866},"obj":"Process"},{"id":"T23","span":{"begin":1958,"end":1961},"obj":"Material"}],"relations":[]}