{"text":"Testican 2 abrogates inhibition of membrane-type matrix metalloproteinases by other testican family proteins.\nTestican family proteins are putative extracellular heparan/chondroitin sulfate proteoglycans of unknown function. We identified recently N-Tes, which is a product of testican 3 splicing variant gene, as an inhibitor of membrane-type matrix metalloproteinases (MT-MMPs). The inhibitory function is common among testican family members except for testican 2, which was shown to uniquely abolish inhibition of MT1-MMP- or MT3-MMP-mediated pro-MMP-2 activation by other testican family members. Testican 2 inactivates N-Tes by binding to the COOH-terminal extracellular calcium-binding domain of N-Tes through its NH(2)-terminal unique domain as demonstrated by coimmunoprecipitation analysis, and, thus, testican 2 was unable to inactivate a N-Tes deletion mutant lacking the extracellular calcium-binding domain (N-Tes-Delta 122). Migration of U251 cells on collagen, which was dependent on MT1-MMP activity under serum-free condition, was inhibited by N-Tes or N-Tes-Delta 122 deposited on collagen. Testican 2 was not incorporated into collagen by itself, and was deposited only in the presence of N-Tes, suggesting that testican 2 binds to N-Tes deposited on collagen. Binding of testican 2 to N-Tes deposited on collagen allowed migration of cells expressing MT1-MMP. Unlike wild-type N-Tes, N-Tes-Delta 122 did not bind to testican 2, and, thus, expression of testican 2 did not recover cell migration blocked by N-Tes-Delta 122. In situ hybridization showed that neurons are a major source of all of the testican family members in the normal brain. The quantitative reverse transcription-PCR analysis demonstrated that all of the testican family members are expressed prominently in normal brain, and their expression levels decrease as tumor grade increases. The expression level of testican 2 was the highest among testican family members regardless of histological grade of astrocytic tumors. These results suggest that abundant distribution of testican 2 may contribute to glioma invasion by inactivating other testican family members including N-Tes, which all inhibit MT-MMPs. We propose that N-Tes-Delta 122, which is resistant to testican 2, may have therapeutic potential as a barrier against glioma invasion.\n","denotations":[{"id":"T1","span":{"begin":35,"end":74},"obj":"Material"},{"id":"T2","span":{"begin":330,"end":369},"obj":"Material"},{"id":"T3","span":{"begin":371,"end":378},"obj":"Material"},{"id":"T4","span":{"begin":518,"end":555},"obj":"Material"},{"id":"T5","span":{"begin":649,"end":708},"obj":"Material"},{"id":"T6","span":{"begin":769,"end":799},"obj":"Process"},{"id":"T7","span":{"begin":837,"end":920},"obj":"Task"},{"id":"T8","span":{"begin":922,"end":937},"obj":"Material"},{"id":"T9","span":{"begin":953,"end":963},"obj":"Material"},{"id":"T10","span":{"begin":967,"end":975},"obj":"Material"},{"id":"T11","span":{"begin":1023,"end":1043},"obj":"Process"},{"id":"T12","span":{"begin":1062,"end":1086},"obj":"Material"},{"id":"T13","span":{"begin":1281,"end":1379},"obj":"Task"},{"id":"T14","span":{"begin":1405,"end":1416},"obj":"Material"},{"id":"T15","span":{"begin":1527,"end":1542},"obj":"Material"},{"id":"T16","span":{"begin":1578,"end":1585},"obj":"Material"},{"id":"T17","span":{"begin":1668,"end":1715},"obj":"Process"},{"id":"T18","span":{"begin":1745,"end":1768},"obj":"Material"},{"id":"T19","span":{"begin":1970,"end":2009},"obj":"Task"},{"id":"T20","span":{"begin":2164,"end":2169},"obj":"Material"},{"id":"T21","span":{"begin":2214,"end":2229},"obj":"Material"},{"id":"T22","span":{"begin":2317,"end":2332},"obj":"Process"}],"relations":[]}