{"text":"The production of amyloid beta peptide is a critical requirement for the viability of central neurons.\nThe amyloid beta peptide (Abeta) is a product of the sequential gamma- and beta-secretase cleavage of amyloid precursor protein. Inhibitors of secretase enzymes have been proposed as a potential therapeutic strategy in the treatment of Alzheimer's disease. Here, we investigate the effect of inhibiting these key enzymes on the viability of a range of cell types. Treatment of rat cortical neurons for 24 hr with secretase inhibitors or an antibody that binds Abeta resulted in a marked reduction in cell viability, as measured by MTT reduction. Incubation with secretase inhibitors caused similar effects on other neuronal cell types (rat cerebellar granule neurons and the human SH-SY5Y cell line). Interestingly, rat astrocytes and a number of non-neuronal cell lines investigated (HEK293, DDT1-FM2, and human teratorhabdoid tumor cells) were unaffected by incubation with secretase inhibitors. The coincubation of Abeta1-40 prevented the toxicity of secretase inhibitors in neuronal cells. Abeta1-40 was protective in a concentration-dependent manner, and its effects were significant at concentrations as low at 10 pm. Importantly, the protective effects of Abeta were Abeta size-form specific, with the Abeta1-42 size form affording limited protection and the Abeta25-35 size form having very little protective effect. The present study demonstrates that inhibition of beta-or gamma-secretase activity induces death in neuronal cells. Importantly, this toxicity, which our data suggest is a consequence of a decline in neuronal Abeta levels, was absent in non-neuronal cells. This study further supports a key physiological role for the enigmatic Abeta peptide.\n","denotations":[{"id":"T1","span":{"begin":4,"end":38},"obj":"Task"},{"id":"T2","span":{"begin":86,"end":101},"obj":"Material"},{"id":"T3","span":{"begin":107,"end":127},"obj":"Material"},{"id":"T4","span":{"begin":129,"end":134},"obj":"Process"},{"id":"T5","span":{"begin":205,"end":230},"obj":"Material"},{"id":"T6","span":{"begin":288,"end":318},"obj":"Process"},{"id":"T7","span":{"begin":339,"end":359},"obj":"Material"},{"id":"T8","span":{"begin":480,"end":500},"obj":"Material"},{"id":"T9","span":{"begin":583,"end":617},"obj":"Task"},{"id":"T10","span":{"begin":634,"end":647},"obj":"Process"},{"id":"T11","span":{"begin":743,"end":769},"obj":"Material"},{"id":"T12","span":{"begin":888,"end":894},"obj":"Material"},{"id":"T13","span":{"begin":896,"end":904},"obj":"Material"},{"id":"T14","span":{"begin":910,"end":942},"obj":"Material"},{"id":"T15","span":{"begin":949,"end":999},"obj":"Process"},{"id":"T16","span":{"begin":1081,"end":1095},"obj":"Material"},{"id":"T17","span":{"begin":1528,"end":1542},"obj":"Material"},{"id":"T18","span":{"begin":1665,"end":1683},"obj":"Material"}],"relations":[]}