{"text":"Neocortical neurons cultured from mice with expanded CAG repeats in the huntingtin gene: unaltered vulnerability to excitotoxins and other insults.\nGlutamate-mediated excitotoxicity might contribute to the pathogenesis of Huntington's disease and other polyglutamine repeat disorders. We used murine neocortical cultures derived from transgenic and knock-in mice to test the effect of expression of expanded polyglutamine-containing huntingtin on neuronal vulnerability to excitotoxins or other insults. Neurons cultured from mice expressing either a normal length (Hdh(Q20)) or expanded (Hdh(Q111)) CAG repeat as a knock-in genetic alteration in exon one of the mouse Hdh gene (Hum Mol Genet 8 (1999) 115) had similar vulnerability to N-methyl-D-aspartate (NMDA) and kainate-mediated excitotoxicity. These neurons also exhibited similar vulnerability to oxidative stress (24 h exposure to 10-100 microM paraquat or 1-10 microM menadione), apoptosis (48 h exposure to 30-100 nM staurosporine or 1 microM dizocilpine maleate (MK-801) and proteasome inhibition (48 h exposure to 0.3-3 microM MG-132). Neocortical neurons cultured from mice transgenic for an expanded CAG repeat-containing exon 1 of the human HD gene (Mangiarini et al., 1996, R6/2 line) and non-transgenic littermate controls also had similar vulnerability to NMDA and kainate-mediated excitotoxicity. These observations suggest that expression of expanded polyglutamine-containing huntingtin does not acutely alter the vulnerability of cortical neurons to excitotoxic, oxidative or apoptotic insults.\n","denotations":[{"id":"T1","span":{"begin":0,"end":19},"obj":"Material"},{"id":"T2","span":{"begin":44,"end":64},"obj":"Process"},{"id":"T3","span":{"begin":222,"end":243},"obj":"Material"},{"id":"T4","span":{"begin":293,"end":320},"obj":"Material"},{"id":"T5","span":{"begin":366,"end":398},"obj":"Task"},{"id":"T6","span":{"begin":399,"end":421},"obj":"Material"},{"id":"T7","span":{"begin":600,"end":610},"obj":"Process"},{"id":"T8","span":{"begin":625,"end":643},"obj":"Process"},{"id":"T9","span":{"begin":663,"end":677},"obj":"Material"},{"id":"T10","span":{"begin":736,"end":756},"obj":"Material"},{"id":"T11","span":{"begin":758,"end":762},"obj":"Process"},{"id":"T12","span":{"begin":768,"end":799},"obj":"Process"},{"id":"T13","span":{"begin":855,"end":871},"obj":"Material"},{"id":"T14","span":{"begin":890,"end":913},"obj":"Material"},{"id":"T15","span":{"begin":916,"end":938},"obj":"Material"},{"id":"T16","span":{"begin":968,"end":992},"obj":"Material"},{"id":"T17","span":{"begin":995,"end":1024},"obj":"Material"},{"id":"T18","span":{"begin":1077,"end":1093},"obj":"Material"},{"id":"T19","span":{"begin":1099,"end":1118},"obj":"Material"},{"id":"T20","span":{"begin":1133,"end":1148},"obj":"Material"},{"id":"T21","span":{"begin":1201,"end":1214},"obj":"Process"},{"id":"T22","span":{"begin":1241,"end":1250},"obj":"Material"},{"id":"T23","span":{"begin":1256,"end":1290},"obj":"Material"},{"id":"T24","span":{"begin":1325,"end":1329},"obj":"Material"},{"id":"T25","span":{"begin":1413,"end":1435},"obj":"Material"},{"id":"T26","span":{"begin":1502,"end":1518},"obj":"Material"},{"id":"T27","span":{"begin":1535,"end":1544},"obj":"Process"}],"relations":[]}