{"text":"In vivo assessment of brain interstitial fluid with microdialysis reveals plaque-associated changes in amyloid-beta metabolism and half-life.\nSoluble amyloid-beta (Abeta) peptide converts to structures with high beta-sheet content in Alzheimer's disease (AD). Soluble Abeta is released by neurons into the brain interstitial fluid (ISF), in which it can convert into toxic aggregates. Because assessment of ISF Abeta levels may provide unique insights into Abeta metabolism and AD, an in vivo microdialysis technique was developed to measure it. Our Abeta microdialysis technique was validated ex vivo with human CSF and then in vivo in awake, freely moving mice. Using human amyloid precursor protein (APP) transgenic mice, we found that, before the onset of AD-like pathology, ISF Abeta in hippocampus and cortex correlated with levels of APP in those tissues. After the onset of Abeta deposition, significant changes in the ISF Abeta40/Abeta42 ratio developed without changes in Abeta1-x. These changes differed from changes seen in tissue lysates from the same animals. By rapidly inhibiting Abeta production, we found that ISF Abeta half-life was short ( approximately 2 hr) in young mice but was twofold longer in mice with Abeta deposits. This increase in half-life, without an increase in steady-state levels, suggests that inhibition of Abeta synthesis reveals a portion of the insoluble Abeta pool that is in dynamic equilibrium with ISF Abeta. This now measurable in vivo pool is a likely target for new diagnostic and therapeutic strategies.\n","denotations":[{"id":"T1","span":{"begin":22,"end":73},"obj":"Material"},{"id":"T2","span":{"begin":103,"end":126},"obj":"Process"},{"id":"T3","span":{"begin":142,"end":162},"obj":"Material"},{"id":"T4","span":{"begin":234,"end":254},"obj":"Material"},{"id":"T5","span":{"begin":255,"end":257},"obj":"Process"},{"id":"T6","span":{"begin":306,"end":330},"obj":"Material"},{"id":"T7","span":{"begin":332,"end":335},"obj":"Process"},{"id":"T8","span":{"begin":367,"end":383},"obj":"Material"},{"id":"T9","span":{"begin":407,"end":423},"obj":"Material"},{"id":"T10","span":{"begin":457,"end":473},"obj":"Material"},{"id":"T11","span":{"begin":478,"end":480},"obj":"Process"},{"id":"T12","span":{"begin":488,"end":516},"obj":"Process"},{"id":"T13","span":{"begin":550,"end":579},"obj":"Task"},{"id":"T14","span":{"begin":670,"end":701},"obj":"Process"},{"id":"T15","span":{"begin":703,"end":706},"obj":"Process"},{"id":"T16","span":{"begin":760,"end":762},"obj":"Material"},{"id":"T17","span":{"begin":841,"end":844},"obj":"Material"},{"id":"T18","span":{"begin":882,"end":898},"obj":"Process"},{"id":"T19","span":{"begin":1096,"end":1112},"obj":"Process"},{"id":"T20","span":{"begin":1230,"end":1244},"obj":"Material"},{"id":"T21","span":{"begin":1297,"end":1316},"obj":"Process"},{"id":"T22","span":{"begin":1346,"end":1361},"obj":"Process"},{"id":"T23","span":{"begin":1397,"end":1407},"obj":"Material"},{"id":"T24","span":{"begin":1511,"end":1552},"obj":"Task"}],"relations":[]}