{"text":"Cysteine proteases are the major beta-secretase in the regulated secretory pathway that provides most of the beta-amyloid in Alzheimer's disease: role of BACE 1 in the constitutive secretory pathway.\nThis article focuses on beta-amyloid (Abeta) peptide production and secretion in the regulated secretory pathway and how this process relates to accumulation of toxic Abeta in Alzheimer's disease. New findings are presented demonstrating that most of the Abeta is produced and secreted, in an activity-dependent manner, through the regulated secretory pathway in neurons. Only a minor portion of cellular Abeta is secreted via the basal, constitutive secretory pathway. Therefore, regulated secretory vesicles contain the primary beta-secretases that are responsible for producing the majority of secreted Abeta. Investigation of beta-secretase activity in regulated secretory vesicles of neuronal chromaffin cells demonstrated that cysteine proteases account for the majority of the beta-secretase activity. BACE 1 is present in regulated secretory vesicles but provides only a small percentage of the beta-secretase activity. Moreover, the cysteine protease activities prefer to cleave the wild-type beta-secretase site, which is relevant to the majority of AD cases. In contrast, BACE 1 prefers to cleave the Swedish mutant beta-secretase site that is expressed in a minor percentage of the AD population. These new findings lead to a unifying hypothesis in which cysteine proteases are the major beta-secretases for the production of Abeta in the major regulated secretory pathway and BACE 1 is the beta-secretase responsible for Abeta production in the minor constitutive secretory pathway. These results indicate that inhibition of multiple proteases may be needed to decrease Abeta production as a therapeutic strategy for Alzheimer's disease.\n","denotations":[{"id":"T1","span":{"begin":0,"end":18},"obj":"Material"},{"id":"T2","span":{"begin":154,"end":158},"obj":"Material"},{"id":"T3","span":{"begin":224,"end":236},"obj":"Material"},{"id":"T4","span":{"begin":579,"end":610},"obj":"Process"},{"id":"T5","span":{"begin":889,"end":914},"obj":"Material"},{"id":"T6","span":{"begin":1260,"end":1268},"obj":"Material"},{"id":"T7","span":{"begin":1283,"end":1297},"obj":"Material"},{"id":"T8","span":{"begin":1394,"end":1407},"obj":"Process"},{"id":"T9","span":{"begin":1438,"end":1457},"obj":"Process"},{"id":"T10","span":{"begin":1589,"end":1593},"obj":"Material"},{"id":"T11","span":{"begin":1783,"end":1799},"obj":"Process"}],"relations":[]}