{"text":"Anti-HIV drugs decrease the expression of matrix metalloproteinases in astrocytes and microglia.\nThe introduction of potent antiretroviral drugs for the treatment of patients with human immunodeficiency virus (HIV) infection has dramatically reduced the prevalence of HIV-associated neurological disorders. Such diseases can be mediated by proteolytic enzymes, i.e. matrix metalloproteinases (MMPs) and, in particular gelatinases, released from glial cells. The aim of this study was to investigate whether the antiretroviral drugs commonly used for the treatment of HIV-infected patients modulate the activity of MMPs in astrocyte and microglial cultures. Primary cultures of rat astrocyte and microglia were treated with different doses of zidovudine (AZT) or indinavir (IDV) for 20 h and simultaneously activated by exposure to lipopolysaccharide (LPS). Culture supernatants collected from astrocytes and microglia after 24 h incubation were subjected to gelatin zymography and western blot analysis for the assessment of MMP-2 (gelatinase A) and MMP-9 (gelatinase B) protein levels. Total RNA was extracted from glial cells and used for reverse transcriptase-polymerase chain reaction for the assessment of mRNA expression. Our results indicate that both astrocyte and microglial cells constitutively express MMP-2 mRNA and protein. LPS treatment increased MMP-2 mRNA and protein expression in astrocytes, but not in microglial cells. The treatment with both AZT and IDV dose-dependently inhibited the expression of MMP-2 in astrocytes, whereas it had no effect on microglial cells. The expression of MMP-9 in both astrocytes and microglia was induced by LPS treatment and was dose-dependently inhibited by AZT and IDV treatment in LPS-stimulated astrocytes and microglia. These results raise the possibility that AZT and IDV interfere directly with MMP production in glial cells and independently from their antiviral activity, thus suggesting the possible therapeutical use in neurological diseases associated with MMPs involvement.\n","denotations":[{"id":"T1","span":{"begin":0,"end":67},"obj":"Task"},{"id":"T2","span":{"begin":86,"end":95},"obj":"Material"},{"id":"T3","span":{"begin":117,"end":144},"obj":"Material"},{"id":"T4","span":{"begin":153,"end":208},"obj":"Process"},{"id":"T5","span":{"begin":210,"end":213},"obj":"Process"},{"id":"T6","span":{"begin":268,"end":305},"obj":"Material"},{"id":"T7","span":{"begin":366,"end":391},"obj":"Process"},{"id":"T8","span":{"begin":393,"end":397},"obj":"Material"},{"id":"T9","span":{"begin":445,"end":456},"obj":"Material"},{"id":"T10","span":{"begin":511,"end":531},"obj":"Material"},{"id":"T11","span":{"begin":554,"end":597},"obj":"Process"},{"id":"T12","span":{"begin":614,"end":618},"obj":"Material"},{"id":"T13","span":{"begin":636,"end":655},"obj":"Material"},{"id":"T14","span":{"begin":695,"end":704},"obj":"Material"},{"id":"T15","span":{"begin":754,"end":757},"obj":"Process"},{"id":"T16","span":{"begin":773,"end":776},"obj":"Process"},{"id":"T17","span":{"begin":851,"end":854},"obj":"Process"},{"id":"T18","span":{"begin":857,"end":877},"obj":"Material"},{"id":"T19","span":{"begin":1025,"end":1028},"obj":"Material"},{"id":"T20","span":{"begin":1050,"end":1070},"obj":"Material"},{"id":"T21","span":{"begin":1087,"end":1096},"obj":"Material"},{"id":"T22","span":{"begin":1116,"end":1127},"obj":"Material"},{"id":"T23","span":{"begin":1141,"end":1188},"obj":"Process"},{"id":"T24","span":{"begin":1197,"end":1227},"obj":"Process"},{"id":"T25","span":{"begin":1273,"end":1289},"obj":"Material"},{"id":"T26","span":{"begin":1313,"end":1324},"obj":"Material"},{"id":"T27","span":{"begin":1337,"end":1350},"obj":"Process"},{"id":"T28","span":{"begin":1361,"end":1372},"obj":"Material"},{"id":"T29","span":{"begin":1421,"end":1437},"obj":"Material"},{"id":"T30","span":{"begin":1463,"end":1466},"obj":"Material"},{"id":"T31","span":{"begin":1520,"end":1523},"obj":"Material"},{"id":"T32","span":{"begin":1569,"end":1585},"obj":"Material"},{"id":"T33","span":{"begin":1605,"end":1608},"obj":"Material"},{"id":"T34","span":{"begin":1634,"end":1643},"obj":"Material"},{"id":"T35","span":{"begin":1659,"end":1672},"obj":"Process"},{"id":"T36","span":{"begin":1719,"end":1761},"obj":"Process"},{"id":"T37","span":{"begin":1766,"end":1775},"obj":"Material"},{"id":"T38","span":{"begin":1818,"end":1821},"obj":"Material"},{"id":"T39","span":{"begin":1854,"end":1868},"obj":"Process"},{"id":"T40","span":{"begin":1872,"end":1883},"obj":"Material"},{"id":"T41","span":{"begin":2021,"end":2037},"obj":"Process"}],"relations":[]}