{"text":"Neutrophil infiltration increases matrix metalloproteinase-9 in the ischemic brain after occlusion/reperfusion of the middle cerebral artery in rats.\nMatrix metalloproteinase-9 (MMP-9) activity increases in the brain during the first day after focal ischemia and might be involved in the pathogenesis of tissue damage. We previously showed MMP-9 in the extracellular space of brain parenchyma along with neutrophil recruitment after ischemia. In the present study, we tested whether neutrophils were a direct source of enhanced MMP-9 in the ischemic brain. Neutrophil infiltration was prevented either by injecting an antibody against ICAM-1, which abrogates neutrophil adhesion to the endothelial vessel wall, or by inducing neutropenia. One-hour intraluminal middle cerebral artery occlusion with reperfusion was induced, and studies were performed at 24 hours. Circulating neutrophils expressed 95-kDa MMP-9 and dimers, and infiltrated neutrophils stained positive for MMP-9. The expression of MMP-9 (mainly 95-kDa proform and dimers and, to a lesser extent, 88-kDa form) increased in brain after ischemia/reperfusion. Treatments preventing neutrophil infiltration failed to preclude the ischemia-induced increase in 88-kDa MMP-9 form and gelatinase activity in neurons and blood vessels. However, these treatments prevented the major increase in 95-kDa MMP-9 form and dimers. We conclude that neutrophil infiltration highly contributes to enhanced MMP-9 in the ischemic brain by releasing MMP-9 proform, which might participate in the tissular inflammatory reaction.\n","denotations":[{"id":"T1","span":{"begin":0,"end":82},"obj":"Process"},{"id":"T2","span":{"begin":376,"end":392},"obj":"Material"},{"id":"T3","span":{"begin":404,"end":426},"obj":"Process"},{"id":"T4","span":{"begin":483,"end":494},"obj":"Material"},{"id":"T5","span":{"begin":557,"end":580},"obj":"Process"},{"id":"T6","span":{"begin":635,"end":641},"obj":"Process"},{"id":"T7","span":{"begin":659,"end":678},"obj":"Process"},{"id":"T8","span":{"begin":717,"end":737},"obj":"Process"},{"id":"T9","span":{"begin":901,"end":922},"obj":"Material"},{"id":"T10","span":{"begin":939,"end":950},"obj":"Material"},{"id":"T11","span":{"begin":972,"end":977},"obj":"Material"},{"id":"T12","span":{"begin":997,"end":1002},"obj":"Material"},{"id":"T13","span":{"begin":1030,"end":1036},"obj":"Material"},{"id":"T14","span":{"begin":1144,"end":1167},"obj":"Process"},{"id":"T15","span":{"begin":1265,"end":1272},"obj":"Material"},{"id":"T16","span":{"begin":1273,"end":1290},"obj":"Task"},{"id":"T17","span":{"begin":1397,"end":1420},"obj":"Process"},{"id":"T18","span":{"begin":1452,"end":1455},"obj":"Material"},{"id":"T19","span":{"begin":1493,"end":1506},"obj":"Process"},{"id":"T20","span":{"begin":1548,"end":1569},"obj":"Process"}],"relations":[]}