{"text":"Activation systems for latent matrix metalloproteinase-2 are upregulated immediately after focal cerebral ischemia.\nDuring focal cerebral ischemia, matrix metalloproteinase-2 (MMP-2) can contribute to the loss of microvessel integrity within ischemic regions by degrading the basal lamina. MMP-2 is secreted in latent form (pro-MMP-2), but the activation of pro-MMP-2 in the ischemic territory has not been shown. Immunohistochemical and in situ hybridization studies of the expression of the direct activators of MMP-2, MT1-MMP and MT3-MMP, and the indirect activation system tissue plasminogen activator, urokinase (u-PA), its receptor (u-PAR), and its inhibitor PAI-1 after middle cerebral artery occlusion/reperfusion were undertaken in basal ganglia samples from 26 adolescent male baboons. The expressions of all three MMPs, u-PA, u-PAR, and PA1-1, but not tissue plasminogen activator, were increased from 1 hour after middle cerebral artery occlusion in the ischemic core. mRNA transcripts confirmed the increases in latent MMP-2, u-PA, u-PAR, and PAI-1 antigen very early after middle cerebral artery occlusion. The expression patterns are consistent with secretion of pro-MMP-2 and its activators in the ischemic core, perhaps from separate cell compartments. The rapid and coordinate appearance of pro-MMP-2 and its activation apparatus suggest that in the primate striatum this protease may participate in matrix injury during focal cerebral ischemia.\n","denotations":[{"id":"T1","span":{"begin":0,"end":54},"obj":"Task"},{"id":"T2","span":{"begin":148,"end":174},"obj":"Material"},{"id":"T3","span":{"begin":276,"end":288},"obj":"Material"},{"id":"T4","span":{"begin":328,"end":331},"obj":"Material"},{"id":"T5","span":{"begin":514,"end":519},"obj":"Material"},{"id":"T6","span":{"begin":521,"end":528},"obj":"Material"},{"id":"T7","span":{"begin":533,"end":540},"obj":"Material"},{"id":"T8","span":{"begin":559,"end":605},"obj":"Material"},{"id":"T9","span":{"begin":618,"end":622},"obj":"Process"},{"id":"T10","span":{"begin":639,"end":644},"obj":"Process"},{"id":"T11","span":{"begin":665,"end":668},"obj":"Material"},{"id":"T12","span":{"begin":831,"end":835},"obj":"Process"},{"id":"T13","span":{"begin":837,"end":842},"obj":"Process"},{"id":"T14","span":{"begin":1039,"end":1043},"obj":"Process"},{"id":"T15","span":{"begin":1045,"end":1050},"obj":"Process"},{"id":"T16","span":{"begin":1056,"end":1069},"obj":"Material"},{"id":"T17","span":{"begin":1125,"end":1144},"obj":"Process"},{"id":"T18","span":{"begin":1165,"end":1187},"obj":"Process"},{"id":"T19","span":{"begin":1313,"end":1318},"obj":"Material"}],"relations":[]}