{"text":"Herbal medicine Sho-saiko-to (TJ-9) increases expression matrix metalloproteinases (MMPs) with reduced expression of tissue inhibitor of metalloproteinases (TIMPs) in rat stellate cell.\nWe have reported that Sho-saiko-to (TJ-9) prevents liver fibrosis in vivo. To gain further insights into the effect of TJ-9, the matrix metalloproteinases (MMPs)/tissue inhibitors of metalloproteinases (TIMPs) balance was examined. Hepatic stellate cells (HSCs) were isolated from male Wistar rats and cultured with TJ-9 (0-1000 microg/ml) on uncoated plastic dishes for 4 days. To elucidate the effects on the MMPs/TIMPs balance by TJ-9, quantitative analysis of type IV collagen-degrading activity, gelatin zymography and reverse zymography were carried out. Northern blot analysis was performed to determine the expression of MMP-2, 13 and TIMP-1 mRNAs. TJ-9 treatment resulted in dose-dependent upregulation of MMP-2, 13 mRNA and downregulation of TIMP-1 mRNA up to 500 microg/ml. Gelatin zymography, reverse zymography and quantitative analysis of type IV collagen-degrading activity confirmed that TJ-9 increased MMP-2 activity and prevented TIMP-1, 2 activities in a dose-dependent manner. SB203580 diminished the reduction of mRNA as well as the activity of TIMP-1 by TJ-9 and induction of mRNA as well as the activity of MMP-2. These results show that TJ-9 increased MMP-2, 13 activity with reduced TIMP-1, 2 activities on HSCs possibly via P38 pathway.\n","denotations":[{"id":"T1","span":{"begin":0,"end":25},"obj":"Material"},{"id":"T2","span":{"begin":30,"end":83},"obj":"Process"},{"id":"T3","span":{"begin":84,"end":88},"obj":"Material"},{"id":"T4","span":{"begin":208,"end":217},"obj":"Process"},{"id":"T5","span":{"begin":305,"end":341},"obj":"Material"},{"id":"T6","span":{"begin":418,"end":440},"obj":"Material"},{"id":"T7","span":{"begin":453,"end":483},"obj":"Process"},{"id":"T8","span":{"begin":502,"end":525},"obj":"Material"},{"id":"T9","span":{"begin":529,"end":552},"obj":"Material"},{"id":"T10","span":{"begin":597,"end":615},"obj":"Material"},{"id":"T11","span":{"begin":625,"end":729},"obj":"Task"},{"id":"T12","span":{"begin":747,"end":769},"obj":"Process"},{"id":"T13","span":{"begin":815,"end":818},"obj":"Material"},{"id":"T14","span":{"begin":829,"end":842},"obj":"Material"},{"id":"T15","span":{"begin":901,"end":904},"obj":"Material"},{"id":"T16","span":{"begin":938,"end":950},"obj":"Material"},{"id":"T17","span":{"begin":971,"end":989},"obj":"Process"},{"id":"T18","span":{"begin":1014,"end":1035},"obj":"Process"},{"id":"T19","span":{"begin":1044,"end":1055},"obj":"Material"},{"id":"T20","span":{"begin":1183,"end":1225},"obj":"Process"},{"id":"T21","span":{"begin":1252,"end":1256},"obj":"Material"},{"id":"T22","span":{"begin":1262,"end":1289},"obj":"Process"},{"id":"T23","span":{"begin":1316,"end":1321},"obj":"Material"},{"id":"T24","span":{"begin":1362,"end":1365},"obj":"Material"}],"relations":[]}