{"text":"Activation of matrix metalloproteinase-3 and agrin cleavage in cerebral ischemia/reperfusion.\nMatrix metalloproteinase-3 (MMP-3) degrades components of the extracellular matrix and may participate in the pathogenesis of stroke. Here we examine the expression, activation, and cellular location of MMP-3 and the cleavage of agrin, an MMP-3 substrate, following transient middle cerebral artery occlusion in the rat. MMP-3 was activated by ischemia/reperfusion, which was revealed by the appearance of a cleaved form and increased degradation of a substrate. MMP-3 was observed in ischemic neurons, oligodendrocytes, microvasculature, and reactive microglia/macrophages. In cell cultures, MMP-3 expression was observed in neurons and, to a lesser extent, in mature oligodendrocytes, but not in oligodendrocyte progenitors, astrocytes, or microglia. Casein zymography revealed MMP-3 in cultured neurons. Agrin was expressed in cultured neurons and cultured astrocytes. In brain tissue, agrin was detected in neurons, and following ischemia it was also detected in reactive astrocytes. Addition of MMP-3 to protein extracts from control brain caused neuronal agrin degradation. Following ischemia/reperfusion, agrin disappeared from the tissue membrane fraction and a cleaved agrin fragment was found in tissue protein extracts. The present results show MMP-3 activation and neuronal transmembrane agrin cleavage after ischemia/reperfusion. In addition, the finding that MMP-3 cleaves brain agrin strongly suggests that ischemia-induced MMP-3 activation causes agrin cleavage.\n","denotations":[{"id":"T1","span":{"begin":0,"end":92},"obj":"Task"},{"id":"T2","span":{"begin":122,"end":177},"obj":"Material"},{"id":"T3","span":{"begin":276,"end":293},"obj":"Process"},{"id":"T4","span":{"begin":297,"end":300},"obj":"Material"},{"id":"T5","span":{"begin":333,"end":348},"obj":"Material"},{"id":"T6","span":{"begin":415,"end":420},"obj":"Material"},{"id":"T7","span":{"begin":687,"end":703},"obj":"Material"},{"id":"T8","span":{"begin":836,"end":845},"obj":"Material"},{"id":"T9","span":{"begin":847,"end":864},"obj":"Process"},{"id":"T10","span":{"begin":883,"end":899},"obj":"Material"},{"id":"T11","span":{"begin":924,"end":940},"obj":"Material"},{"id":"T12","span":{"begin":1094,"end":1097},"obj":"Material"},{"id":"T13","span":{"begin":1103,"end":1138},"obj":"Process"},{"id":"T14","span":{"begin":1371,"end":1408},"obj":"Process"},{"id":"T15","span":{"begin":1467,"end":1486},"obj":"Material"}],"relations":[]}