{"text":"Memantine inhibits and reverses the Alzheimer type abnormal hyperphosphorylation of tau and associated neurodegeneration.\nMemantine, an N-methyl-D-aspartate (NMDA) receptor antagonist, reduces the clinical deterioration in moderate-to-severe Alzheimer disease (AD) for which other treatments are not available. The activity of protein phosphatase (PP)-2A is compromised in AD brain and is believed to be a cause of the abnormal hyperphosphorylation of tau and the consequent neurofibrillary degeneration. Here we show that memantine inhibits and reverses the PP-2A inhibition-induced abnormal hyperphosphorylation and accumulation of tau in organotypic culture of rat hippocampal slices. Such restorative effects of memantine were not detected either with 5,7-dichlorokynurenic acid or with D(-)-2-amino-5-phosphopentanoic acid, NMDA receptor antagonists active at the glycine binding site and at the glutamate binding site, respectively. These findings show (1) that memantine inhibits and reverses the PP-2A inhibition-induced abnormal hyperphosphorylation of tau/neurofibrillary degeneration and (2) that this drug might be useful for the treatment of AD and related tauopathies.\n","denotations":[{"id":"T1","span":{"begin":36,"end":120},"obj":"Process"},{"id":"T2","span":{"begin":136,"end":156},"obj":"Material"},{"id":"T3","span":{"begin":158,"end":162},"obj":"Process"},{"id":"T4","span":{"begin":197,"end":219},"obj":"Process"},{"id":"T5","span":{"begin":242,"end":259},"obj":"Material"},{"id":"T6","span":{"begin":261,"end":263},"obj":"Process"},{"id":"T7","span":{"begin":327,"end":346},"obj":"Material"},{"id":"T8","span":{"begin":348,"end":350},"obj":"Process"},{"id":"T9","span":{"begin":351,"end":354},"obj":"Material"},{"id":"T10","span":{"begin":373,"end":381},"obj":"Material"},{"id":"T11","span":{"begin":464,"end":503},"obj":"Process"},{"id":"T12","span":{"begin":584,"end":613},"obj":"Process"},{"id":"T13","span":{"begin":664,"end":686},"obj":"Material"},{"id":"T14","span":{"begin":716,"end":725},"obj":"Material"},{"id":"T15","span":{"begin":791,"end":831},"obj":"Material"},{"id":"T16","span":{"begin":829,"end":854},"obj":"Material"},{"id":"T17","span":{"begin":869,"end":889},"obj":"Material"},{"id":"T18","span":{"begin":1029,"end":1094},"obj":"Process"},{"id":"T19","span":{"begin":1155,"end":1157},"obj":"Material"}],"relations":[]}