{"text":"Beta-amyloid-mediated inhibition of NMDA receptor-dependent long-term potentiation induction involves activation of microglia and stimulation of inducible nitric oxide synthase and superoxide.\nThe mechanisms underlying the inhibition of long-term potentiation (LTP) induction by amyloidbeta-peptide (Abeta) were investigated in the medial perforant path of the rat and mouse dentate gyrus in vitro. Evidence is presented in this study that the Abeta-mediated inhibition of LTP induction involves activation of microglia and production of reactive oxygen and nitrogen species. In control slices, Abeta strongly inhibited induction of NMDA receptor-dependent (NMDAR-dependent) LTP, although not induction of NMDAR-independent LTP or long-term depression (LTD). The inhibition of NMDAR-dependent LTP was prevented by minocycline, an agent that prevents activation of microglia. The involvement of inducible nitric oxide synthase (iNOS) was shown by the inability of Abeta to inhibit LTP induction in iNOS knock-out mice and also by the ability of two iNOS inhibitors, aminoguanidine and 1400W, to prevent the Abeta-mediated inhibition of LTP induction. The Abeta-mediated inhibition of LTP induction also was prevented by the superoxide scavenger superoxide dismutase applied together with catalase. Evidence for involvement of superoxide in the action of Abeta on LTP induction was shown by the ability of an inhibitor of NADPH oxidase to prevent the Abeta-mediated inhibition of LTP induction. The study thus provides evidence that the Abeta-mediated inhibition of LTP induction involves an inflammatory-type reaction in which activation of microglia results in the production of nitric oxide and superoxide and thence possibly peroxynitrite, a highly reactive oxidant.\n","denotations":[{"id":"T1","span":{"begin":0,"end":92},"obj":"Process"},{"id":"T2","span":{"begin":116,"end":125},"obj":"Material"},{"id":"T3","span":{"begin":130,"end":141},"obj":"Process"},{"id":"T4","span":{"begin":155,"end":191},"obj":"Material"},{"id":"T5","span":{"begin":237,"end":259},"obj":"Process"},{"id":"T6","span":{"begin":261,"end":264},"obj":"Process"},{"id":"T7","span":{"begin":279,"end":298},"obj":"Material"},{"id":"T8","span":{"begin":444,"end":546},"obj":"Task"},{"id":"T9","span":{"begin":547,"end":553},"obj":"Material"},{"id":"T10","span":{"begin":558,"end":574},"obj":"Material"},{"id":"T11","span":{"begin":633,"end":656},"obj":"Material"},{"id":"T12","span":{"begin":658,"end":663},"obj":"Process"},{"id":"T13","span":{"begin":706,"end":727},"obj":"Process"},{"id":"T14","span":{"begin":731,"end":751},"obj":"Process"},{"id":"T15","span":{"begin":753,"end":756},"obj":"Process"},{"id":"T16","span":{"begin":777,"end":796},"obj":"Material"},{"id":"T17","span":{"begin":864,"end":873},"obj":"Material"},{"id":"T18","span":{"begin":904,"end":925},"obj":"Material"},{"id":"T19","span":{"begin":928,"end":931},"obj":"Material"},{"id":"T20","span":{"begin":980,"end":993},"obj":"Process"},{"id":"T21","span":{"begin":1049,"end":1063},"obj":"Material"},{"id":"T22","span":{"begin":1106,"end":1148},"obj":"Process"},{"id":"T23","span":{"begin":1154,"end":1196},"obj":"Process"},{"id":"T24","span":{"begin":1223,"end":1264},"obj":"Material"},{"id":"T25","span":{"begin":1325,"end":1335},"obj":"Material"},{"id":"T26","span":{"begin":1362,"end":1375},"obj":"Process"},{"id":"T27","span":{"begin":1420,"end":1433},"obj":"Material"},{"id":"T28","span":{"begin":1449,"end":1491},"obj":"Process"},{"id":"T29","span":{"begin":1535,"end":1577},"obj":"Process"},{"id":"T30","span":{"begin":1590,"end":1616},"obj":"Process"},{"id":"T31","span":{"begin":1679,"end":1691},"obj":"Material"},{"id":"T32","span":{"begin":1696,"end":1706},"obj":"Material"},{"id":"T33","span":{"begin":1744,"end":1767},"obj":"Material"}],"relations":[]}