{"text":"Motor cortical activity during drawing movements: single-unit activity during sinusoid tracing.\n1. This study examines the neuronal activity of motor cortical cells associated with the production of arm trajectories during drawing movements. Three monkeys were trained to perform two tasks. The first task ('center----out' task) required the animal to move its arm in different directions from a center start position to one of eight targets spaced at equal angular intervals and equal distances from the origin. Movements to each target were in a constant direction, and the average rate of neuronal discharge with movements to different targets varied in a characteristic pattern. A cosine tuning function was used to map each cell's discharge rate to the direction of arm movement. This function spanned all movement directions, with a peak firing rate in the cell's preferred direction. 2. The second task ('tracing' task) required the animal to trace curved figures consisting of sine waves of different spatial frequencies and amplitudes. Both the speed and direction changed continuously throughout these movements. The cosine tuning function derived from the center----out task was used to model the activity of the cell during the tracing of sinusoids in the second task. Sinusoidal data were divided into 20-ms bins; instantaneous direction, speed, and discharge rate were analyzed bin by bin. This provided a way to compare directly the tuning parameters during a task with constant direction to a task where the direction varied continuously. 3. Movement direction as it changed during the tracing task was an important factor in the discharge pattern of cells that had discharge patterns that could be represented by the cosine tuning function. 4. The modulation of discharge rate during figure tracing depended on both the cell's preferred direction and the orientation of the figure. The activity of cells with preferred directions perpendicular to the axis of the sinusoidal figure was most modulated, whereas the activity of those cells with preferred directions aligned to the figure's axis was least modulated. 5. The cells with modulated activity tended to have firing rates that differed from the predicted cosine tuning function during the sinusoidal movements for those portions of the trajectory where the movement direction was in the cell's preferred direction. 6. Finger speed during figure tracing varied inversely with path curvature with the same relation that has been found during human drawing. To assess the relation of instantaneous speed to discharge rate, the component of the discharge pattern related to direction was subtracted from the total discharge.(ABSTRACT TRUNCATED AT 400 WORDS)\n","denotations":[{"id":"T1","span":{"begin":0,"end":23},"obj":"Task"},{"id":"T2","span":{"begin":78,"end":94},"obj":"Process"},{"id":"T3","span":{"begin":144,"end":164},"obj":"Material"},{"id":"T4","span":{"begin":685,"end":707},"obj":"Process"},{"id":"T5","span":{"begin":950,"end":970},"obj":"Material"},{"id":"T6","span":{"begin":985,"end":995},"obj":"Material"},{"id":"T7","span":{"begin":1009,"end":1028},"obj":"Process"},{"id":"T8","span":{"begin":1127,"end":1149},"obj":"Process"},{"id":"T9","span":{"begin":1167,"end":1185},"obj":"Material"},{"id":"T10","span":{"begin":1281,"end":1296},"obj":"Material"},{"id":"T11","span":{"begin":1318,"end":1325},"obj":"Material"},{"id":"T12","span":{"begin":1427,"end":1465},"obj":"Process"},{"id":"T13","span":{"begin":1667,"end":1672},"obj":"Material"},{"id":"T14","span":{"begin":1734,"end":1756},"obj":"Process"},{"id":"T15","span":{"begin":1765,"end":1793},"obj":"Process"},{"id":"T16","span":{"begin":1915,"end":1920},"obj":"Material"},{"id":"T17","span":{"begin":2048,"end":2053},"obj":"Material"},{"id":"T18","span":{"begin":2137,"end":2142},"obj":"Material"},{"id":"T19","span":{"begin":2218,"end":2250},"obj":"Process"},{"id":"T20","span":{"begin":2448,"end":2462},"obj":"Process"},{"id":"T21","span":{"begin":2694,"end":2725},"obj":"Material"}],"relations":[]}