{"text":"Human MutL homolog (MLH1) function in DNA mismatch repair: a prospective screen for missense mutations in the ATPase domain.\nGermline mutations in the DNA mismatch repair (MMR) genes MSH2 and MLH1 are responsible for the majority of hereditary non-polyposis colorectal cancer (HNPCC), an autosomal-dominant early-onset cancer syndrome. Genetic testing of both MSH2 and MLH1 from individuals suspected of HNPCC has revealed a considerable number of missense codons, which are difficult to classify as either pathogenic mutations or silent polymorphisms. To identify novel MLH1 missense codons that impair MMR activity, a prospective genetic screen in the yeast Saccharomyces cerevisiae was developed. The screen utilized hybrid human-yeast MLH1 genes that encode proteins having regions of the yeast ATPase domain replaced by homologous regions from the human protein. These hybrid MLH1 proteins are functional in MMR in vivo in yeast. Mutagenized MLH1 fragments of the human coding region were synthesized by error-prone PCR and cloned directly in yeast by in vivo gap repair. The resulting yeast colonies, which constitute a library of hybrid MLH1 gene variants, were initially screened by semi-quantitative in vivo MMR assays. The hybrid MLH1 genes were recovered from yeast clones that exhibited a MMR defect and sequenced to identify alterations in the mutagenized region. This investigation identified 117 missense codons that conferred a 2-fold or greater decreased efficiency of MMR in subsequent quantitative MMR assays. Notably, 10 of the identified missense codons were equivalent to codon changes previously observed in the human population and implicated in HNPCC. To investigate the effect of all possible codon alterations at single residues, a comprehensive mutational analysis of human MLH1 codons 43 (lysine-43) and 44 (serine-44) was performed. Several amino acid replacements at each residue were silent, but the majority of substitutions at lysine-43 (14/19) and serine-44 (18/19) reduced the efficiency of MMR. The assembled data identifies amino acid substitutions that disrupt MLH1 structure and/or function, and should assist the interpretation of MLH1 genetic tests.\n","denotations":[{"id":"T1","span":{"begin":20,"end":24},"obj":"Process"},{"id":"T2","span":{"begin":151,"end":170},"obj":"Material"},{"id":"T3","span":{"begin":172,"end":175},"obj":"Process"},{"id":"T4","span":{"begin":192,"end":196},"obj":"Material"},{"id":"T5","span":{"begin":233,"end":275},"obj":"Material"},{"id":"T6","span":{"begin":277,"end":282},"obj":"Process"},{"id":"T7","span":{"begin":336,"end":373},"obj":"Task"},{"id":"T8","span":{"begin":404,"end":409},"obj":"Material"},{"id":"T9","span":{"begin":448,"end":463},"obj":"Material"},{"id":"T10","span":{"begin":507,"end":527},"obj":"Material"},{"id":"T11","span":{"begin":531,"end":551},"obj":"Material"},{"id":"T12","span":{"begin":571,"end":591},"obj":"Task"},{"id":"T13","span":{"begin":604,"end":616},"obj":"Process"},{"id":"T14","span":{"begin":620,"end":646},"obj":"Process"},{"id":"T15","span":{"begin":825,"end":843},"obj":"Material"},{"id":"T16","span":{"begin":874,"end":894},"obj":"Material"},{"id":"T17","span":{"begin":913,"end":916},"obj":"Process"},{"id":"T18","span":{"begin":994,"end":1024},"obj":"Process"},{"id":"T19","span":{"begin":1137,"end":1162},"obj":"Material"},{"id":"T20","span":{"begin":1179,"end":1220},"obj":"Process"},{"id":"T21","span":{"begin":1233,"end":1250},"obj":"Material"},{"id":"T22","span":{"begin":1301,"end":1311},"obj":"Process"},{"id":"T23","span":{"begin":1454,"end":1527},"obj":"Task"},{"id":"T24","span":{"begin":1670,"end":1675},"obj":"Material"},{"id":"T25","span":{"begin":1773,"end":1813},"obj":"Task"},{"id":"T26","span":{"begin":2027,"end":2030},"obj":"Material"},{"id":"T27","span":{"begin":2036,"end":2061},"obj":"Material"},{"id":"T28","span":{"begin":2100,"end":2130},"obj":"Process"},{"id":"T29","span":{"begin":2154,"end":2190},"obj":"Task"}],"relations":[]}