{"text":"Memantine blocks alpha7* nicotinic acetylcholine receptors more potently than n-methyl-D-aspartate receptors in rat hippocampal neurons.\nThe N-methyl-d-aspartate (NMDA) receptor antagonist memantine is an approved drug for treatment of Alzheimer's disease (AD). Other such treatments are cholinesterase inhibitors and nicotinic acetylcholine receptor (nAChR)-sensitizing agents such as galantamine. The present study was designed to test whether memantine exerts any effect on the cholinergic system, in particular the Ca(2+)-conducting alpha7(*) nAChR, in cultured hippocampal neurons. Memantine caused a concentration-dependent reduction of the amplitudes of whole-cell currents evoked by the alpha7(*) nAChR-selective agonist choline (10 mM) or by N-methyl-d-aspartate (NMDA) (50 muM) plus glycine (10 muM). It also inhibited tonically activated NMDA receptors. Memantine was more potent in inhibiting alpha7(*) nAChRs than NMDA receptors; at -60 mV, the IC(50) values for memantine were 0.34 and 5.1 muM, respectively. Consistent with an open-channel blocking mechanism, memantine-induced NMDA receptor inhibition was voltage and use-dependent; the Hill coefficient (n(H)) was approximately 1. Memantine-induced alpha7(*) nAChR inhibition had an n(H)  less than  1 and showed a variable voltage dependence; the effect was voltage-independent at 0.1 muM, becoming voltage-dependent at  greater than /=1 muM. Thus, memantine interacts with more than one class of sites on the alpha7(*) nAChRs. One is voltage-sensitive and therefore likely to be within the receptor channel. The other is voltage-insensitive and therefore likely to be in the extracellular domain of the receptor. It is suggested that blockade of alpha7(*) nAChRs by memantine could decrease its effectiveness for treatment of AD, particularly at early stages when the degrees of nAChR dysfunction and of cognitive decline correlate well.\n","denotations":[{"id":"T1","span":{"begin":0,"end":59},"obj":"Material"},{"id":"T2","span":{"begin":112,"end":135},"obj":"Process"},{"id":"T3","span":{"begin":141,"end":161},"obj":"Process"},{"id":"T4","span":{"begin":163,"end":199},"obj":"Material"},{"id":"T5","span":{"begin":236,"end":256},"obj":"Material"},{"id":"T6","span":{"begin":257,"end":259},"obj":"Process"},{"id":"T7","span":{"begin":318,"end":350},"obj":"Material"},{"id":"T8","span":{"begin":386,"end":397},"obj":"Material"},{"id":"T9","span":{"begin":481,"end":499},"obj":"Process"},{"id":"T10","span":{"begin":519,"end":547},"obj":"Material"},{"id":"T11","span":{"begin":557,"end":585},"obj":"Process"},{"id":"T12","span":{"begin":742,"end":743},"obj":"Process"},{"id":"T13","span":{"begin":751,"end":771},"obj":"Process"},{"id":"T14","span":{"begin":773,"end":777},"obj":"Material"},{"id":"T15","span":{"begin":785,"end":811},"obj":"Material"},{"id":"T16","span":{"begin":849,"end":863},"obj":"Material"},{"id":"T17","span":{"begin":927,"end":941},"obj":"Material"},{"id":"T18","span":{"begin":958,"end":960},"obj":"Material"},{"id":"T19","span":{"begin":1042,"end":1073},"obj":"Material"},{"id":"T20","span":{"begin":1075,"end":1117},"obj":"Process"},{"id":"T21","span":{"begin":1153,"end":1169},"obj":"Material"},{"id":"T22","span":{"begin":1173,"end":1174},"obj":"Process"},{"id":"T23","span":{"begin":1198,"end":1222},"obj":"Material"},{"id":"T24","span":{"begin":1252,"end":1253},"obj":"Process"},{"id":"T25","span":{"begin":1282,"end":1309},"obj":"Process"},{"id":"T26","span":{"begin":1417,"end":1436},"obj":"Material"},{"id":"T27","span":{"begin":1559,"end":1575},"obj":"Material"},{"id":"T28","span":{"begin":1795,"end":1797},"obj":"Material"}],"relations":[]}