{"text":"Reductions in beta-amyloid concentrations in vivo by the gamma-secretase inhibitors BMS-289948 and BMS-299897.\nA primary pathological feature of Alzheimer's disease is beta-amyloid (Abeta)-containing plaques in brain and cerebral vasculature. Reductions in the formation of Abeta peptides by gamma-secretase inhibitors may be a viable therapy for reducing Abeta in Alzheimer's disease. Here we report on the effects of two orally active gamma-secretase inhibitors. BMS-289948 (4-chloro-N-(2,5-difluorophenyl)-N-((1R)-{4-fluoro-2-(3-(1H-imidazol-1-yl)propyl)phenyl}ethyl)benzenesulfonamide hydrochloride) and BMS-299897 (4-(2-((1R)-1-{((4-chlorophenyl)sulfonyl)-2,5-difluoroanilino}ethyl)-5-fluorophenyl)butanoic acid) markedly reduced both brain and plasma Abeta(1-40) in APP-YAC mice with ED(50) values of 86 and 22 mg/kg per os (po), respectively, for BMS-289948, and 30 and 16 mg/kg po, respectively, for BMS-299897. Both compounds also dose-dependently increased brain concentrations of APP carboxy-terminal fragments, consistent with inhibition of gamma-secretase. BMS-289948 and BMS-299897 (100 mg/kg po) reduced brain and plasma Abeta(1-40) rapidly (within 20min) and maximally within 3 h. BMS-299897 also dose-dependently reduced cortical, cerebrospinal fluid (CSF), and plasma Abeta in guinea pigs with ED(50) values of 30 mg/kg intraperitoneally, without affecting CSF levels of alpha-sAPP. The reductions in cortical Abeta correlated significantly with the reductions in both plasma (r(2) = 0.77) and CSF (r(2) = 0.61) Abeta. The decreases in Abeta were apparent at 3 and 6 h post-administration of BMS-299897, but not at 12h. These results demonstrate that BMS-289948 and BMS-299897 are orally bioavailable, functional gamma-secretase inhibitors with the ability to markedly reduce Abeta peptide concentrations in APP-YAC transgenic mice and in guinea pigs. These compounds may be useful pharmacologically for examining the effects of reductions in beta-amyloid peptides in both animal models and in Alzheimer's disease.\n","denotations":[{"id":"T1","span":{"begin":0,"end":41},"obj":"Process"},{"id":"T2","span":{"begin":99,"end":102},"obj":"Material"},{"id":"T3","span":{"begin":274,"end":288},"obj":"Material"},{"id":"T4","span":{"begin":292,"end":318},"obj":"Process"},{"id":"T5","span":{"begin":347,"end":361},"obj":"Task"},{"id":"T6","span":{"begin":465,"end":516},"obj":"Material"},{"id":"T7","span":{"begin":513,"end":557},"obj":"Material"},{"id":"T8","span":{"begin":589,"end":602},"obj":"Material"},{"id":"T9","span":{"begin":608,"end":623},"obj":"Process"},{"id":"T10","span":{"begin":636,"end":726},"obj":"Material"},{"id":"T11","span":{"begin":772,"end":784},"obj":"Material"},{"id":"T12","span":{"begin":790,"end":792},"obj":"Material"},{"id":"T13","span":{"begin":854,"end":857},"obj":"Material"},{"id":"T14","span":{"begin":908,"end":911},"obj":"Material"},{"id":"T15","span":{"begin":991,"end":1021},"obj":"Material"},{"id":"T16","span":{"begin":1085,"end":1095},"obj":"Material"},{"id":"T17","span":{"begin":1129,"end":1148},"obj":"Material"},{"id":"T18","span":{"begin":1248,"end":1267},"obj":"Material"},{"id":"T19","span":{"begin":1269,"end":1272},"obj":"Process"},{"id":"T20","span":{"begin":1279,"end":1306},"obj":"Material"},{"id":"T21","span":{"begin":1312,"end":1314},"obj":"Material"},{"id":"T22","span":{"begin":1389,"end":1400},"obj":"Material"},{"id":"T23","span":{"begin":1487,"end":1493},"obj":"Material"},{"id":"T24","span":{"begin":1512,"end":1515},"obj":"Material"},{"id":"T25","span":{"begin":1610,"end":1613},"obj":"Material"},{"id":"T26","span":{"begin":1669,"end":1672},"obj":"Material"},{"id":"T27","span":{"begin":1720,"end":1757},"obj":"Process"},{"id":"T28","span":{"begin":1826,"end":1849},"obj":"Material"},{"id":"T29","span":{"begin":1857,"end":1868},"obj":"Material"},{"id":"T30","span":{"begin":2012,"end":2032},"obj":"Material"}],"relations":[]}