{"text":"A SCA7 CAG/CTG repeat expansion is stable in Drosophila melanogaster despite modulation of genomic context and gene dosage.\nCAG and CTG repeat expansions are the cause of at least a dozen inherited neurological disorders. In these so-called 'dynamic mutation' diseases, the expanded repeats display dramatic genetic instability, changing in size when transmitted through the germline and within somatic tissues. As the molecular basis of the repeat instability process remains poorly understood, modeling of repeat instability in model organisms has provided some insights into potentially involved factors, implicating especially replication and repair pathways. Studies in mice have also shown that the genomic context of the repeat sequence is required for CAG/CTG repeat instability in the case of spinocerebellar ataxia type 7 (SCA7), one of the most unstable of all CAG/CTG repeat disease loci. While most studies of repeat instability have taken a candidate gene approach, unbiased screens for factors involved in trinucleotide repeat instability have been lacking. We therefore attempted to use Drosophila melanogaster to model expanded CAG repeat instability by creating transgenic flies carrying trinucleotide repeat expansions, deriving flies with SCA7 CAG90 repeats in cDNA and genomic context. We found that SCA7 CAG90 repeats are stable in Drosophila, regardless of context. To screen for genes whose reduced function might destabilize expanded CAG repeat tracts in Drosophila, we crossed the SCA7 CAG90 repeat flies with various deficiency stocks, including lines lacking genes encoding the orthologues of flap endonuclease-1, PCNA, and MutS. In all cases, perfect repeat stability was preserved, suggesting that Drosophila may not be a suitable system for determining the molecular basis of SCA7 CAG repeat instability.\n","denotations":[{"id":"T1","span":{"begin":2,"end":31},"obj":"Process"},{"id":"T2","span":{"begin":45,"end":68},"obj":"Material"},{"id":"T3","span":{"begin":124,"end":153},"obj":"Process"},{"id":"T4","span":{"begin":182,"end":220},"obj":"Material"},{"id":"T5","span":{"begin":299,"end":327},"obj":"Process"},{"id":"T6","span":{"begin":395,"end":410},"obj":"Material"},{"id":"T7","span":{"begin":496,"end":526},"obj":"Process"},{"id":"T8","span":{"begin":760,"end":786},"obj":"Process"},{"id":"T9","span":{"begin":833,"end":837},"obj":"Process"},{"id":"T10","span":{"begin":1021,"end":1053},"obj":"Process"},{"id":"T11","span":{"begin":1103,"end":1126},"obj":"Material"},{"id":"T12","span":{"begin":1130,"end":1167},"obj":"Process"},{"id":"T13","span":{"begin":1171,"end":1237},"obj":"Process"},{"id":"T14","span":{"begin":1259,"end":1277},"obj":"Material"},{"id":"T15","span":{"begin":1321,"end":1339},"obj":"Material"},{"id":"T16","span":{"begin":1459,"end":1476},"obj":"Process"},{"id":"T17","span":{"begin":1507,"end":1530},"obj":"Material"},{"id":"T18","span":{"begin":1642,"end":1646},"obj":"Material"},{"id":"T19","span":{"begin":1772,"end":1803},"obj":"Task"},{"id":"T20","span":{"begin":1807,"end":1834},"obj":"Process"}],"relations":[]}