{"text":"ACE inhibition reduces activity of the plasminogen/plasmin and MMP systems in the brain of spontaneous hypertensive stroke-prone rats.\nThe spontaneously hypertensive stroke-prone rat (SHR-SP) is an experimental model of malignant hypertension which lead to secondary alterations of the extracellular matrix. Our aim was to determine ACE-inhibitor related changes of proteases involved in the reconstruction of the extracellular matrix in the brain. Twelve SHR-SP rats were randomized into two groups. Each group was treated with either an antihypertensive dose of ramipril or placebo for 6 months. Brain tissue plasminogen activator (t-PA) and urokinase (u-PA) were quantified by using casein-dependent plasminogen zymography, matrix metalloproteinase (MMP)-2 and MMP-9, by MMP-zymography, and tissue inhibitor of MMP (TIMP)-1 and -2, by reverse zymography. The amounts of u-PA, t-PA, and MMPs were significantly reduced in animals treated with ACE inhibitor. Plasminogen zymography showed a 39% reduction of u-PA in the basal ganglia (p  less than  0.0001); t-PA expression was reduced by 26% in the cortex and by 33% in the basal ganglia (p  less than  0.0001). MMP-2 expression was reduced by 15% in the cortex (p  less than  0.05) and by 10% in the basal ganglia (p  less than  0.05); MMP-9 expression significantly decreased by 37% in the cortex and by 25% in the basal ganglia (p  less than  0.0001 each). No differences were observed in the amount of TIMP-1 or TIMP-2. These findings provide new insights into the biochemical mechanisms underlying extracellular matrix proliferation and its modulation by ACE inhibitors. Therapeutic alterations that influence the proteolytic systems might prove important in the prevention of extracellular matrix accumulation and secondary microvascular vessel wall changes.\n","denotations":[{"id":"T1","span":{"begin":0,"end":14},"obj":"Process"},{"id":"T2","span":{"begin":63,"end":74},"obj":"Material"},{"id":"T3","span":{"begin":91,"end":133},"obj":"Process"},{"id":"T4","span":{"begin":139,"end":182},"obj":"Process"},{"id":"T5","span":{"begin":184,"end":190},"obj":"Material"},{"id":"T6","span":{"begin":198,"end":242},"obj":"Task"},{"id":"T7","span":{"begin":333,"end":346},"obj":"Material"},{"id":"T8","span":{"begin":449,"end":467},"obj":"Material"},{"id":"T9","span":{"begin":598,"end":632},"obj":"Material"},{"id":"T10","span":{"begin":636,"end":638},"obj":"Material"},{"id":"T11","span":{"begin":655,"end":659},"obj":"Material"},{"id":"T12","span":{"begin":686,"end":725},"obj":"Process"},{"id":"T13","span":{"begin":727,"end":751},"obj":"Material"},{"id":"T14","span":{"begin":753,"end":756},"obj":"Process"},{"id":"T15","span":{"begin":764,"end":769},"obj":"Material"},{"id":"T16","span":{"begin":774,"end":788},"obj":"Process"},{"id":"T17","span":{"begin":814,"end":817},"obj":"Material"},{"id":"T18","span":{"begin":819,"end":823},"obj":"Process"},{"id":"T19","span":{"begin":838,"end":856},"obj":"Process"},{"id":"T20","span":{"begin":862,"end":877},"obj":"Process"},{"id":"T21","span":{"begin":881,"end":883},"obj":"Material"},{"id":"T22","span":{"begin":889,"end":893},"obj":"Material"},{"id":"T23","span":{"begin":945,"end":958},"obj":"Material"},{"id":"T24","span":{"begin":960,"end":982},"obj":"Material"},{"id":"T25","span":{"begin":996,"end":1013},"obj":"Process"},{"id":"T26","span":{"begin":1021,"end":1034},"obj":"Material"},{"id":"T27","span":{"begin":1061,"end":1074},"obj":"Material"},{"id":"T28","span":{"begin":1126,"end":1139},"obj":"Material"},{"id":"T29","span":{"begin":1253,"end":1266},"obj":"Material"},{"id":"T30","span":{"begin":1369,"end":1382},"obj":"Material"},{"id":"T31","span":{"begin":1458,"end":1464},"obj":"Material"},{"id":"T32","span":{"begin":1468,"end":1474},"obj":"Material"},{"id":"T33","span":{"begin":1521,"end":1589},"obj":"Process"},{"id":"T34","span":{"begin":1612,"end":1626},"obj":"Process"},{"id":"T35","span":{"begin":1720,"end":1815},"obj":"Task"}],"relations":[]}