{"text":"Tumor necrosis factor-alpha neutralization reduced cerebral edema through inhibition of matrix metalloproteinase production after transient focal cerebral ischemia.\nAfter focal cerebral ischemia, tumor necrosis factor-alpha deteriorates cerebral edema and survival rate. Therefore, tumor necrosis factor-alpha neutralization could reduce cerebral microvascular permeability in acute cerebral ischemia. Left middle cerebral artery occlusion for 120 mins followed by reperfusion was performed with the thread method under halothane anesthesia in Sprague-Dawley rats. Antirat tumor necrosis factor-alpha neutralizing monoclonal antibody with a rat IgG Fc portion (15 mg/kg) was infused intravenously right after reperfusion. Stroke index score, infarct volume, cerebral specific gravity, and the endogenous expression of tumor necrosis factor-alpha, matrix metalloproteinase (MMP)-2, MMP-9, and membrane type 1-MMP in the brain tissue were quantified in the ischemic and matched contralateral nonischemic hemisphere. In the antitumor necrosis factor-alpha neutralizing antibody-treated rats, infarct volume was significantly reduced (P=0.014, n=7; respectively), and cerebral specific gravity was dramatically increased in the cortex and caudate putamen (P less than 0.001, n=7; respectively) in association with a reduction in MMP-9 and membrane type 1-MMP upregulation. Tumor necrosis factor-alpha in the brain tissue was significantly elevated in the ischemic hemisphere 6 h after reperfusion in the nonspecific IgG-treated rats (P=0.021, n=7) and was decreased in the antitumor necrosis factor-alpha neutralizing antibody-treated rats (P=0.001, n=7). Postreperfusion treatment with antirat tumor necrosis factor-alpha neutralizing antibody reduced brain infarct volume and cerebral edema, which is likely mediated by a reduction in MMP upregulation.\n","denotations":[{"id":"T1","span":{"begin":0,"end":163},"obj":"Task"},{"id":"T2","span":{"begin":338,"end":373},"obj":"Process"},{"id":"T3","span":{"begin":601,"end":633},"obj":"Process"},{"id":"T4","span":{"begin":793,"end":845},"obj":"Task"},{"id":"T5","span":{"begin":847,"end":871},"obj":"Material"},{"id":"T6","span":{"begin":873,"end":876},"obj":"Process"},{"id":"T7","span":{"begin":881,"end":886},"obj":"Material"},{"id":"T8","span":{"begin":892,"end":911},"obj":"Material"},{"id":"T9","span":{"begin":1053,"end":1087},"obj":"Process"},{"id":"T10","span":{"begin":1325,"end":1367},"obj":"Material"},{"id":"T11","span":{"begin":1512,"end":1529},"obj":"Process"},{"id":"T12","span":{"begin":1601,"end":1635},"obj":"Process"},{"id":"T13","span":{"begin":1652,"end":1677},"obj":"Process"},{"id":"T14","span":{"begin":1820,"end":1849},"obj":"Process"}],"relations":[]}