{"text":"Leukocyte-derived matrix metalloproteinase-9 mediates blood-brain barrier breakdown and is proinflammatory after transient focal cerebral ischemia.\nResults of recent studies reveal vascular and neuroprotective effects of matrix metalloproteinase-9 (MMP-9) inhibition and MMP-9 gene deletion in experimental stroke. However, the cellular source of MMP-9 produced in the ischemic brain and the mechanistic basis of MMP-9-mediated brain injury require elucidation. In the present study, we used MMP-9-/- mice and chimeric knockouts lacking either MMP-9 in leukocytes or in resident brain cells to test the hypothesis that MMP-9 released from leukocytes recruited to the brain during postischemic reperfusion contributes to this injury phenotype. We also tested the hypothesis that MMP-9 promotes leukocyte recruitment to the ischemic brain and thus is proinflammatory. The extent of blood-brain barrier (BBB) breakdown, the neurological deficit, and the volume of infarction resulting from transient focal stroke were abrogated to a similar extent in MMP-9-/- mice and in chimeras lacking leukocytic MMP-9 but not in chimeras with MMP-9-containing leukocytes. Zymography and Western blot analysis from these chimeras confirmed that the elevated MMP-9 expression in the brain at 24 h of reperfusion is derived largely from leukocytes. MMP-9-/- mice exhibited a reduction in leukocyte-endothelial adherence and a reduction in the number of neutrophils plugging capillaries and infiltrating the ischemic brain during reperfusion; microvessel immunopositivity for collagen IV was also preserved in these animals. These latter results document proinflammatory actions of MMP-9 in the ischemic brain. Overall, our findings implicate leukocytes, most likely neutrophils, as a key cellular source of MMP-9, which, in turn, promotes leukocyte recruitment, causes BBB breakdown secondary to microvascular basal lamina proteolysis, and ultimately contributes to neuronal injury after transient focal stroke.\n","denotations":[{"id":"T1","span":{"begin":0,"end":53},"obj":"Material"},{"id":"T2","span":{"begin":221,"end":247},"obj":"Material"},{"id":"T3","span":{"begin":271,"end":281},"obj":"Material"},{"id":"T4","span":{"begin":282,"end":290},"obj":"Process"},{"id":"T5","span":{"begin":413,"end":433},"obj":"Material"},{"id":"T6","span":{"begin":492,"end":508},"obj":"Material"},{"id":"T7","span":{"begin":544,"end":563},"obj":"Material"},{"id":"T8","span":{"begin":570,"end":590},"obj":"Material"},{"id":"T9","span":{"begin":594,"end":613},"obj":"Process"},{"id":"T10","span":{"begin":619,"end":624},"obj":"Material"},{"id":"T11","span":{"begin":880,"end":899},"obj":"Material"},{"id":"T12","span":{"begin":901,"end":904},"obj":"Process"},{"id":"T13","span":{"begin":921,"end":941},"obj":"Process"},{"id":"T14","span":{"begin":1048,"end":1064},"obj":"Material"},{"id":"T15","span":{"begin":1128,"end":1155},"obj":"Material"},{"id":"T16","span":{"begin":1172,"end":1193},"obj":"Process"},{"id":"T17","span":{"begin":1331,"end":1347},"obj":"Material"},{"id":"T18","span":{"begin":1408,"end":1503},"obj":"Process"},{"id":"T19","span":{"begin":1557,"end":1568},"obj":"Material"},{"id":"T20","span":{"begin":1663,"end":1666},"obj":"Material"},{"id":"T21","span":{"begin":1741,"end":1759},"obj":"Material"},{"id":"T22","span":{"begin":1789,"end":1794},"obj":"Material"},{"id":"T23","span":{"begin":1878,"end":1916},"obj":"Material"}],"relations":[]}