{"text":"Endothelin-1 overexpression leads to further water accumulation and brain edema after middle cerebral artery occlusion via aquaporin 4 expression in astrocytic end-feet.\nStroke patients have increased levels of endothelin-1 (ET-1), a strong vasoconstrictor, in their plasma or cerebrospinal fluid. Previously, we showed high level of ET-1 mRNA expression in astrocytes after hypoxia/ischemia. It is unclear whether the contribution of ET-1 induction in astrocytes is protective or destructive in cerebral ischemia. Here, we generated a transgenic mouse model that overexpress ET-1 in astrocytes (GET-1) using the glial fibrillary acidic protein promoter to examine the role of astrocytic ET-1 in ischemic stroke by challenging these mice with transient middle cerebral artery occlusion (MCAO). Under normal condition, GET-1 mice showed no abnormality in brain morphology, cerebrovasculature, absolute cerebral blood flow, blood-brain barrier (BBB) integrity, and mean arterial blood pressure. Yet, GET-1 mice subjected to transient MCAO showed more severe neurologic deficits and increased infarct, which were partially normalized by administration of ABT-627 (ET(A) antagonist) 5 mins after MCAO. In addition, GET-1 brains exhibited more Evans blue extravasation and showed decreased endothelial occludin expression after MCAO, correlating with higher brain water content and increased cerebral edema. Aquaporin 4 expression was also more pronounced in astrocytic end-feet on blood vessels in GET-1 ipsilateral brains. Our current data suggest that astrocytic ET-1 has deleterious effects on water homeostasis, cerebral edema and BBB integrity, which contribute to more severe ischemic brain injury.\n","denotations":[{"id":"T1","span":{"begin":123,"end":145},"obj":"Process"},{"id":"T2","span":{"begin":225,"end":227},"obj":"Process"},{"id":"T3","span":{"begin":234,"end":256},"obj":"Process"},{"id":"T4","span":{"begin":277,"end":296},"obj":"Material"},{"id":"T5","span":{"begin":334,"end":336},"obj":"Material"},{"id":"T6","span":{"begin":435,"end":437},"obj":"Material"},{"id":"T7","span":{"begin":536,"end":558},"obj":"Process"},{"id":"T8","span":{"begin":576,"end":578},"obj":"Material"},{"id":"T9","span":{"begin":596,"end":599},"obj":"Material"},{"id":"T10","span":{"begin":613,"end":653},"obj":"Process"},{"id":"T11","span":{"begin":657,"end":690},"obj":"Task"},{"id":"T12","span":{"begin":743,"end":785},"obj":"Material"},{"id":"T13","span":{"begin":787,"end":791},"obj":"Process"},{"id":"T14","span":{"begin":892,"end":920},"obj":"Process"},{"id":"T15","span":{"begin":922,"end":941},"obj":"Material"},{"id":"T16","span":{"begin":943,"end":946},"obj":"Process"},{"id":"T17","span":{"begin":1032,"end":1036},"obj":"Material"},{"id":"T18","span":{"begin":1134,"end":1159},"obj":"Process"},{"id":"T19","span":{"begin":1161,"end":1163},"obj":"Process"},{"id":"T20","span":{"begin":1192,"end":1196},"obj":"Material"},{"id":"T21","span":{"begin":1211,"end":1223},"obj":"Material"},{"id":"T22","span":{"begin":1323,"end":1327},"obj":"Material"},{"id":"T23","span":{"begin":1494,"end":1518},"obj":"Material"},{"id":"T24","span":{"begin":1561,"end":1563},"obj":"Process"},{"id":"T25","span":{"begin":1593,"end":1610},"obj":"Material"},{"id":"T26","span":{"begin":1631,"end":1644},"obj":"Process"}],"relations":[]}