{"text":"Amyloid beta protein immunotherapy neutralizes Abeta oligomers that disrupt synaptic plasticity in vivo.\nOne of the most clinically advanced forms of experimental disease-modifying treatment for Alzheimer disease is immunization against the amyloid beta protein (Abeta), but how this may prevent cognitive impairment is unclear. We hypothesized that antibodies to Abeta could exert a beneficial action by directly neutralizing potentially synaptotoxic soluble Abeta species in the brain. Intracerebroventricular injection of naturally secreted human Abeta inhibited long-term potentiation (LTP), a correlate of learning and memory, in rat hippocampus in vivo but a monoclonal antibody to Abeta completely prevented the inhibition of LTP when injected after Abeta. Size fractionation showed that Abeta oligomers, not monomers or fibrils, were responsible for inhibiting LTP, and an Abeta antibody again prevented such inhibition. Active immunization against Abeta was partially effective, and the effects correlated positively with levels of antibodies to Abeta oligomers. The ability of exogenous and endogenous antibodies to rapidly neutralize soluble Abeta oligomers that disrupt synaptic plasticity in vivo suggests that treatment with such antibodies might show reversible cognitive deficits in early Alzheimer disease.\n","denotations":[{"id":"T1","span":{"begin":0,"end":95},"obj":"Process"},{"id":"T2","span":{"begin":195,"end":212},"obj":"Material"},{"id":"T3","span":{"begin":241,"end":261},"obj":"Material"},{"id":"T4","span":{"begin":414,"end":486},"obj":"Process"},{"id":"T5","span":{"begin":488,"end":588},"obj":"Process"},{"id":"T6","span":{"begin":590,"end":593},"obj":"Process"},{"id":"T7","span":{"begin":733,"end":736},"obj":"Material"},{"id":"T8","span":{"begin":764,"end":782},"obj":"Process"},{"id":"T9","span":{"begin":795,"end":810},"obj":"Material"},{"id":"T10","span":{"begin":828,"end":835},"obj":"Material"},{"id":"T11","span":{"begin":1055,"end":1070},"obj":"Material"},{"id":"T12","span":{"begin":1182,"end":1201},"obj":"Process"}],"relations":[]}