{"text":"Verification of somatic CAG repeat expansion by pre-PCR fractionation.\nThe inheritance of a long CAG repeat causes several late onset neurological disorders including Huntington's disease (HD). Longer CAG repeats correlate with earlier onset of HD suggesting an increased toxicity for the products of long repeat alleles. PCR based data has been used to show that HD CAG repeat expansion beyond the inherited length occurs in affected tissues indicating a possible role for somatic instability in the disease process. PCR, however, is prone to artifacts resulting from expansion of repeat sequences during amplification. We describe a method to distinguish between CAG repeat expansions that exist in vivo and those that potentially occur during PCR. The method involves size fractionation of genomic restriction fragments containing the expanded repeats followed by PCR amplification. The application of this method confirms the presence of somatic expansions in the brains of a knock-in mouse model of HD.\n","denotations":[{"id":"T1","span":{"begin":0,"end":44},"obj":"Process"},{"id":"T2","span":{"begin":52,"end":69},"obj":"Process"},{"id":"T3","span":{"begin":167,"end":188},"obj":"Process"},{"id":"T4","span":{"begin":189,"end":191},"obj":"Process"},{"id":"T5","span":{"begin":245,"end":247},"obj":"Material"},{"id":"T6","span":{"begin":322,"end":336},"obj":"Material"},{"id":"T7","span":{"begin":364,"end":387},"obj":"Process"},{"id":"T8","span":{"begin":474,"end":493},"obj":"Process"},{"id":"T9","span":{"begin":518,"end":521},"obj":"Material"},{"id":"T10","span":{"begin":569,"end":619},"obj":"Process"},{"id":"T11","span":{"begin":665,"end":686},"obj":"Process"},{"id":"T12","span":{"begin":746,"end":749},"obj":"Material"},{"id":"T13","span":{"begin":771,"end":822},"obj":"Process"},{"id":"T14","span":{"begin":867,"end":884},"obj":"Process"},{"id":"T15","span":{"begin":989,"end":1000},"obj":"Process"},{"id":"T16","span":{"begin":1004,"end":1006},"obj":"Material"}],"relations":[]}