{"text":"Memantine inhibits ethanol-induced NMDA receptor up-regulation in rat hippocampal neurons.\nThe present study examined the effect of memantine, an uncompetitive NMDA receptor antagonist, on ethanol-induced NMDA receptor up-regulation. Primary glutamatergic rat hippocampal neurons were exposed to ethanol and memantine for 5 days. The ethanol-sensitive NMDA receptor subunits NR1, NR2A and NR2B were quantified by Western immunoblot analysis. Exposure to ethanol (50 mM) caused an increase in the levels of NR1 (137 +/- 11% of untreated control, P = 0.009), NR2A (128 +/- 14%, P = 0.022) and NR2B (136 +/- 19%, P = 0.012). Coincubation with memantine (10 microM) completely blocked the ethanol-induced up-regulation of NR1 (102 +/- 4%), NR2A (95 +/- 7%) and NR2B (105 +/- 13%). No effect of memantine on NR subunit expression was observable, except for NR2A, where a decrease (79 +/- 6%, P = 0.034) was noted. Neither ethanol nor memantine alone or in combination were toxic in the concentrations tested. These results may provide a molecular explanation for beneficial effects of memantine on ethanol-induced glutamatergic hyperexcitability reflected in the ethanol withdrawal syndrome and on the development of ethanol dependence.\n","denotations":[{"id":"T1","span":{"begin":35,"end":89},"obj":"Process"},{"id":"T2","span":{"begin":160,"end":184},"obj":"Material"},{"id":"T3","span":{"begin":189,"end":232},"obj":"Process"},{"id":"T4","span":{"begin":234,"end":279},"obj":"Material"},{"id":"T5","span":{"begin":334,"end":378},"obj":"Material"},{"id":"T6","span":{"begin":380,"end":384},"obj":"Material"},{"id":"T7","span":{"begin":389,"end":393},"obj":"Material"},{"id":"T8","span":{"begin":413,"end":440},"obj":"Process"},{"id":"T9","span":{"begin":454,"end":470},"obj":"Material"},{"id":"T10","span":{"begin":506,"end":509},"obj":"Material"},{"id":"T11","span":{"begin":557,"end":561},"obj":"Material"},{"id":"T12","span":{"begin":591,"end":595},"obj":"Material"},{"id":"T13","span":{"begin":640,"end":662},"obj":"Material"},{"id":"T14","span":{"begin":685,"end":714},"obj":"Process"},{"id":"T15","span":{"begin":718,"end":735},"obj":"Material"},{"id":"T16","span":{"begin":736,"end":740},"obj":"Material"},{"id":"T17","span":{"begin":757,"end":761},"obj":"Material"},{"id":"T18","span":{"begin":803,"end":824},"obj":"Process"},{"id":"T19","span":{"begin":852,"end":856},"obj":"Material"},{"id":"T20","span":{"begin":917,"end":944},"obj":"Material"},{"id":"T21","span":{"begin":1032,"end":1140},"obj":"Process"},{"id":"T22","span":{"begin":1158,"end":1185},"obj":"Material"},{"id":"T23","span":{"begin":1212,"end":1230},"obj":"Material"}],"relations":[]}