{"text":"Matrix metalloproteinase induction by EMMPRIN in experimental focal cerebral ischemia.\nFocal cerebral ischemia leads to the gradual disruption of the extracellular matrix. A key role in the turnover of the extracellular matrix is played by the system of matrix metalloproteinases (MMPs). In this study we describe changes of the MMP inducer protein (EMMPRIN) following experimental cerebral ischemia (induced for 3 h and followed by 24 h reperfusion, suture model) in rats. Extracellular EMMPRIN was measured by Western blot of the ischemic and nonischemic basal ganglia and cortex separately. Compared with the contralateral nonischemic area, the ischemic hemisphere showed a significant increase in EMMPRIN: basal ganglia, 158% +/- 4% (P  less than  0.05); cortex, 128% +/- 25% (P  less than  0.05). Immunohistochemistry was used to localize EMMPRIN on cerebral microvessels. EMMPRIN-positive microvascular structures were quantified by automatic morphometric video-imaging analysis and a significant increase in the number of cerebral microvessels staining positive for EMMPRIN in the ischemic basal ganglia was shown. The significant loss of microvascular basal lamina antigen collagen type IV in ischemic cortex and basal ganglia was calculated by Western blot. Measured by gelatin zymography, we demonstrated an MMP-2 and MMP-9 increase in the ischemic brain regions (P  less than  0.05). For the first time the MMP activation system EMMPRIN was shown to be relevant in cerebral ischemia. These results raise the possibility that the increased expression of EMMPRIN, the increase in MMPs and the damage of the basal lamina following cerebral ischemia are connected and part of a network of related changes.\n","denotations":[{"id":"T1","span":{"begin":0,"end":34},"obj":"Process"},{"id":"T2","span":{"begin":38,"end":45},"obj":"Process"},{"id":"T3","span":{"begin":124,"end":170},"obj":"Task"},{"id":"T4","span":{"begin":206,"end":226},"obj":"Material"},{"id":"T5","span":{"begin":254,"end":279},"obj":"Material"},{"id":"T6","span":{"begin":281,"end":285},"obj":"Material"},{"id":"T7","span":{"begin":329,"end":348},"obj":"Process"},{"id":"T8","span":{"begin":350,"end":357},"obj":"Process"},{"id":"T9","span":{"begin":451,"end":463},"obj":"Process"},{"id":"T10","span":{"begin":474,"end":495},"obj":"Process"},{"id":"T11","span":{"begin":835,"end":876},"obj":"Task"},{"id":"T12","span":{"begin":878,"end":919},"obj":"Material"},{"id":"T13","span":{"begin":939,"end":984},"obj":"Process"},{"id":"T14","span":{"begin":1073,"end":1080},"obj":"Material"},{"id":"T15","span":{"begin":1088,"end":1110},"obj":"Material"},{"id":"T16","span":{"begin":1146,"end":1197},"obj":"Material"},{"id":"T17","span":{"begin":1221,"end":1234},"obj":"Material"},{"id":"T18","span":{"begin":1253,"end":1265},"obj":"Process"},{"id":"T19","span":{"begin":1279,"end":1297},"obj":"Process"},{"id":"T20","span":{"begin":1318,"end":1323},"obj":"Material"},{"id":"T21","span":{"begin":1350,"end":1372},"obj":"Process"},{"id":"T22","span":{"begin":1418,"end":1447},"obj":"Material"},{"id":"T23","span":{"begin":1476,"end":1493},"obj":"Material"},{"id":"T24","span":{"begin":1564,"end":1571},"obj":"Material"},{"id":"T25","span":{"begin":1675,"end":1711},"obj":"Task"}],"relations":[]}