{"text":"Synaptic plasticity disruption by amyloid beta protein: modulation by potential Alzheimer's disease modifying therapies.\nAD (Alzheimer's disease) is characterized by a progressive and devastating mental decline that is usually presaged by impairment of a form of memory dependent on medial temporal lobe structures, including the hippocampus. The severity of clinical dementia correlates positively with the cerebral load of the AD-related protein Abeta (amyloid beta), particularly in its soluble form rather than the insoluble fibrillar Abeta found in amyloid plaques. Recent research in animal models of AD has pointed to a potentially important role for rapid disruptive effects of soluble species of Abeta on neural function in causing a relatively selective impairment of memory early in the disease. Our experiments assessing the mechanisms of Abeta inhibition of LTP (long-term potentiation), a correlate of memory-related synaptic plasticity, in the rodent hippocampus showed that low-n oligomers were the soluble Abeta species primarily responsible for the disruption of synaptic plasticity in vivo. Exogenously applied and endogenously generated anti-Abeta antibodies rapidly neutralized and prevented the synaptic plasticity disrupting effects of these very potent Abeta oligomers. This suggests that active or passive immunotherapeutic strategies for early AD should target Abeta oligomers in the brain. The ability of agents that reduce nitrosative/oxidative stress or antagonize stress-activated kinases to prevent Abeta inhibition of LTP in vitro points to a key role of these cellular mechanisms at very early stages in Abeta-induced neuronal dysfunction. A combination of antibody-mediated inactivation of Abeta oligomers and pharmacological prevention of cellular stress mechanisms underlying their synaptic plasticity disrupting effects provides an attractive strategy in the prevention of early AD.\n","denotations":[{"id":"T1","span":{"begin":0,"end":30},"obj":"Process"},{"id":"T2","span":{"begin":34,"end":121},"obj":"Process"},{"id":"T3","span":{"begin":121,"end":123},"obj":"Process"},{"id":"T4","span":{"begin":125,"end":145},"obj":"Material"},{"id":"T5","span":{"begin":283,"end":314},"obj":"Material"},{"id":"T6","span":{"begin":429,"end":468},"obj":"Material"},{"id":"T7","span":{"begin":607,"end":609},"obj":"Material"},{"id":"T8","span":{"begin":658,"end":729},"obj":"Process"},{"id":"T9","span":{"begin":837,"end":874},"obj":"Process"},{"id":"T10","span":{"begin":876,"end":898},"obj":"Process"},{"id":"T11","span":{"begin":916,"end":950},"obj":"Process"},{"id":"T12","span":{"begin":1067,"end":1100},"obj":"Process"},{"id":"T13","span":{"begin":1217,"end":1255},"obj":"Process"},{"id":"T14","span":{"begin":1277,"end":1292},"obj":"Material"},{"id":"T15","span":{"begin":1370,"end":1372},"obj":"Material"},{"id":"T16","span":{"begin":1387,"end":1402},"obj":"Material"},{"id":"T17","span":{"begin":1530,"end":1553},"obj":"Process"},{"id":"T18","span":{"begin":1637,"end":1671},"obj":"Process"},{"id":"T19","span":{"begin":1724,"end":1739},"obj":"Material"},{"id":"T20","span":{"begin":1774,"end":1800},"obj":"Process"},{"id":"T21","span":{"begin":1818,"end":1856},"obj":"Process"},{"id":"T22","span":{"begin":1916,"end":1918},"obj":"Material"}],"relations":[]}