{"text":"Expression of matrix metalloproteinase-9 associated with ets-1 proto-oncogene in rat tubulointerstitial cells.\nEts-1 proto-oncogene exhibits multiple activities in the transcriptional regulation of numerous genes including metalloproteinase (MMP)-1, -3 and -9. MMPs play an important role in the remodelling of extracellular matrix in various renal diseases. However, the role of the Ets-1-MMP axis in advanced renal diseases is uncertain. In the present study, we investigated whether Ets-1 is involved in interleukin (IL)-1-mediated expression of MMPs in tubulointerstitial cells. Rat renal fibroblasts (NRK-49F) and tubular epithelial cells (NRK-52E) were cultured and allocated to an IL-1beta-treated group (10 ng/ml), a platelet-derived growth factor (PDGF)-BB-treated group (25 ng/ml) and a control group. Protein and mRNA were extracted after 1, 6, 12 and 24 h of treatment. Parallel flasks were treated with 2 muM ets-1 antisense oligodeoxynucleotides (ODNs) before exposure to IL-1beta. The expression of Ets-1 protein was evaluated by western blotting. The activities of MMPs were evaluated by gelatin zymography. The expression of ets-1 and/or MMP-9 mRNA was evaluated semiquantitatively by real-time reverse transcription-polymerase chain reaction (RT-PCR). In NRK-49F cells, Ets-1 protein increased significantly by 6.8-fold at 6 h, and MMP-9 activity increased significantly by 9.9-fold at 12 h in the IL-1beta-treated group compared with controls. MMP-2 and -3 activities also increased significantly in the IL-1beta-treated group. In NRK-52E cells, Ets-1 protein was 3.1 times higher at 1 h, and the latent form of MMP-9 activity increased 3.4-fold at 6 h in the IL-1beta group compared with controls. However, MMP-2 or MMP-3 activities were not markedly altered by IL-1beta treatment compared with controls. When the cells were treated with ets-1 antisense ODNs before IL-1beta treatment, Ets-1 protein expression decreased at least 50%, and MMP-9 activity was clearly inhibited in both cells. We also confirmed that MMP-9 activity was upregulated on days 21 and 28 in renal cortex of rat crescentic glomerulonephritis. The Ets-1 transcriptional factor may participate in IL-1beta-mediated MMP-9 expression in tubulointerstitial cells.\n","denotations":[{"id":"T1","span":{"begin":0,"end":38},"obj":"Task"},{"id":"T2","span":{"begin":81,"end":109},"obj":"Material"},{"id":"T3","span":{"begin":242,"end":245},"obj":"Process"},{"id":"T4","span":{"begin":520,"end":555},"obj":"Process"},{"id":"T5","span":{"begin":557,"end":581},"obj":"Material"},{"id":"T6","span":{"begin":583,"end":604},"obj":"Process"},{"id":"T7","span":{"begin":606,"end":613},"obj":"Material"},{"id":"T8","span":{"begin":619,"end":643},"obj":"Material"},{"id":"T9","span":{"begin":725,"end":755},"obj":"Process"},{"id":"T10","span":{"begin":757,"end":761},"obj":"Process"},{"id":"T11","span":{"begin":762,"end":779},"obj":"Material"},{"id":"T12","span":{"begin":825,"end":828},"obj":"Material"},{"id":"T13","span":{"begin":882,"end":897},"obj":"Material"},{"id":"T14","span":{"begin":1014,"end":1027},"obj":"Material"},{"id":"T15","span":{"begin":1081,"end":1085},"obj":"Material"},{"id":"T16","span":{"begin":1104,"end":1122},"obj":"Process"},{"id":"T17","span":{"begin":1155,"end":1166},"obj":"Material"},{"id":"T18","span":{"begin":1202,"end":1259},"obj":"Process"},{"id":"T19","span":{"begin":1261,"end":1267},"obj":"Material"},{"id":"T20","span":{"begin":1273,"end":1286},"obj":"Material"},{"id":"T21","span":{"begin":1416,"end":1461},"obj":"Task"},{"id":"T22","span":{"begin":1550,"end":1563},"obj":"Material"},{"id":"T23","span":{"begin":1727,"end":1732},"obj":"Material"},{"id":"T24","span":{"begin":1736,"end":1739},"obj":"Material"},{"id":"T25","span":{"begin":1834,"end":1839},"obj":"Material"},{"id":"T26","span":{"begin":1906,"end":1930},"obj":"Process"},{"id":"T27","span":{"begin":2004,"end":2009},"obj":"Material"},{"id":"T28","span":{"begin":2034,"end":2048},"obj":"Material"},{"id":"T29","span":{"begin":2141,"end":2169},"obj":"Process"},{"id":"T30","span":{"begin":2227,"end":2251},"obj":"Material"}],"relations":[]}