{"text":"Globular amyloid beta-peptide oligomer - a homogenous and stable neuropathological protein in Alzheimer's disease.\nAmyloid beta-peptide (Abeta)(1-42) oligomers have recently been discussed as intermediate toxic species in Alzheimer's disease (AD) pathology. Here we describe a new and highly stable Abeta(1-42) oligomer species which can easily be prepared in vitro and is present in the brains of patients with AD and Abeta(1-42)-overproducing transgenic mice. Physicochemical characterization reveals a pure, highly water-soluble globular 60-kDa oligomer which we named 'Abeta(1-42) globulomer'. Our data indicate that Abeta(1-42) globulomer is a persistent structural entity formed independently of the fibrillar aggregation pathway. It is a potent antigen in mice and rabbits eliciting generation of Abeta(1-42) globulomer-specific antibodies that do not cross-react with amyloid precursor protein, Abeta(1-40) and Abeta(1-42) monomers and Abeta fibrils. Abeta(1-42) globulomer binds specifically to dendritic processes of neurons but not glia in hippocampal cell cultures and completely blocks long-term potentiation in rat hippocampal slices. Our data suggest that Abeta(1-42) globulomer represents a basic pathogenic structural principle also present to a minor extent in previously described oligomer preparations and that its formation is an early pathological event in AD. Selective neutralization of the Abeta globulomer structure epitope is expected to have a high potential for treatment of AD.\n","denotations":[{"id":"T1","span":{"begin":115,"end":135},"obj":"Material"},{"id":"T2","span":{"begin":137,"end":142},"obj":"Process"},{"id":"T3","span":{"begin":222,"end":242},"obj":"Material"},{"id":"T4","span":{"begin":243,"end":245},"obj":"Process"},{"id":"T5","span":{"begin":412,"end":414},"obj":"Material"},{"id":"T6","span":{"begin":419,"end":464},"obj":"Material"},{"id":"T7","span":{"begin":518,"end":557},"obj":"Material"},{"id":"T8","span":{"begin":621,"end":646},"obj":"Material"},{"id":"T9","span":{"begin":660,"end":735},"obj":"Process"},{"id":"T10","span":{"begin":804,"end":849},"obj":"Material"},{"id":"T11","span":{"begin":876,"end":901},"obj":"Material"},{"id":"T12","span":{"begin":919,"end":942},"obj":"Material"},{"id":"T13","span":{"begin":944,"end":957},"obj":"Material"},{"id":"T14","span":{"begin":1027,"end":1034},"obj":"Material"},{"id":"T15","span":{"begin":1171,"end":1196},"obj":"Material"},{"id":"T16","span":{"begin":1379,"end":1381},"obj":"Material"},{"id":"T17","span":{"begin":1504,"end":1506},"obj":"Material"}],"relations":[]}