{"text":"Mechanism of impairment of long-term potentiation by amyloid beta is independent of NMDA receptors or voltage-dependent calcium channels in hippocampal CA1 pyramidal neurons.\nbeta-Amyloid peptide (Abeta) is known to be involved in Alzheimer's disease (AD). Although the fibril form of Abeta is known to have neurotoxicity, it has been shown that not only the fibril form but also the oligomer form of Abeta may be related to the neuropathophysiology of AD, specifically to memory loss. Some studies have demonstrated that low concentrations of the Abeta oligomer impair long-term potentiation (LTP), a cellular model for learning and memory, after short exposure times in vivo and in vitro, although little is known about the mechanism involved in Abeta-mediated inhibition of LTP. In this study, we used the patch clamp whole-cell technique in rat hippocampal CA1 pyramidal neurons to study more precisely how the Abeta oligomer affects synaptic plasticity. The brief perfusion of slices with a low concentration (1microM) of Abeta(1-42) significantly impaired LTP induction of the excitatory input. The same concentration of Abeta did not affect basal transmission or paired-pulse facilitation. We also demonstrated that neither NMDAR-EPSCs nor the voltage-depended calcium channel (VDCC) currents were affected by the same concentration of Abeta(1-42) as used in the LTP experiments. These data suggest that Abeta mediated impairment of LTP induction is independent of NMDARs or VDCCs.\n","denotations":[{"id":"T1","span":{"begin":0,"end":49},"obj":"Process"},{"id":"T2","span":{"begin":53,"end":65},"obj":"Process"},{"id":"T3","span":{"begin":84,"end":98},"obj":"Material"},{"id":"T4","span":{"begin":102,"end":136},"obj":"Process"},{"id":"T5","span":{"begin":140,"end":173},"obj":"Material"},{"id":"T6","span":{"begin":180,"end":195},"obj":"Material"},{"id":"T7","span":{"begin":197,"end":202},"obj":"Process"},{"id":"T8","span":{"begin":231,"end":251},"obj":"Material"},{"id":"T9","span":{"begin":252,"end":254},"obj":"Process"},{"id":"T10","span":{"begin":285,"end":290},"obj":"Material"},{"id":"T11","span":{"begin":453,"end":455},"obj":"Material"},{"id":"T12","span":{"begin":570,"end":592},"obj":"Process"},{"id":"T13","span":{"begin":594,"end":597},"obj":"Process"},{"id":"T14","span":{"begin":726,"end":780},"obj":"Process"},{"id":"T15","span":{"begin":861,"end":882},"obj":"Process"},{"id":"T16","span":{"begin":915,"end":957},"obj":"Process"},{"id":"T17","span":{"begin":1021,"end":1022},"obj":"Process"},{"id":"T18","span":{"begin":1062,"end":1099},"obj":"Process"},{"id":"T19","span":{"begin":1170,"end":1195},"obj":"Process"},{"id":"T20","span":{"begin":1251,"end":1283},"obj":"Process"},{"id":"T21","span":{"begin":1285,"end":1289},"obj":"Process"},{"id":"T22","span":{"begin":1343,"end":1348},"obj":"Material"},{"id":"T23","span":{"begin":1370,"end":1385},"obj":"Process"},{"id":"T24","span":{"begin":1440,"end":1453},"obj":"Process"},{"id":"T25","span":{"begin":1482,"end":1487},"obj":"Material"}],"relations":[]}