{"text":"RAC1 inhibition targets amyloid precursor protein processing by gamma-secretase and decreases Abeta production in vitro and in vivo.\nbeta-Amyloid peptides (Abeta) that form the senile plaques of Alzheimer disease consist mainly of 40- and 42-amino acid (Abeta 40 and Abeta 42) peptides generated from the cleavage of the amyloid precursor protein (APP). Generation of Abeta involves beta-secretase and gamma-secretase activities and is regulated by membrane trafficking of the proteins involved in Abeta production. Here we describe a new small molecule, EHT 1864, which blocks the Rac1 signaling pathways. In vitro, EHT 1864 blocks Abeta 40 and Abeta 42 production but does not impact sAPPalpha levels and does not inhibit beta-secretase. Rather, EHT 1864 modulates APP processing at the level of gamma-secretase to prevent Abeta 40 and Abeta 42 generation. This effect does not result from a direct inhibition of the gamma-secretase activity and is specific for APP cleavage, since EHT 1864 does not affect Notch cleavage. In vivo, EHT 1864 significantly reduces Abeta 40 and Abeta 42 levels in guinea pig brains at a threshold that is compatible with delaying plaque accumulation and/or clearing the existing plaque in brain. EHT 1864 is the first derivative of a new chemical series that consists of candidates for inhibiting Abeta formation in the brain of AD patients. Our findings represent the first pharmacological validation of Rac1 signaling as a target for developing novel therapies for Alzheimer disease.\n","denotations":[{"id":"T1","span":{"begin":0,"end":60},"obj":"Process"},{"id":"T2","span":{"begin":138,"end":154},"obj":"Material"},{"id":"T3","span":{"begin":321,"end":346},"obj":"Material"},{"id":"T4","span":{"begin":348,"end":351},"obj":"Process"},{"id":"T5","span":{"begin":449,"end":469},"obj":"Process"},{"id":"T6","span":{"begin":498,"end":514},"obj":"Process"},{"id":"T7","span":{"begin":555,"end":563},"obj":"Material"},{"id":"T8","span":{"begin":582,"end":605},"obj":"Process"},{"id":"T9","span":{"begin":617,"end":632},"obj":"Material"},{"id":"T10","span":{"begin":748,"end":751},"obj":"Material"},{"id":"T11","span":{"begin":767,"end":781},"obj":"Process"},{"id":"T12","span":{"begin":964,"end":976},"obj":"Process"},{"id":"T13","span":{"begin":1271,"end":1286},"obj":"Process"},{"id":"T14","span":{"begin":1362,"end":1373},"obj":"Material"},{"id":"T15","span":{"begin":1408,"end":1452},"obj":"Process"},{"id":"T16","span":{"begin":1469,"end":1517},"obj":"Task"}],"relations":[]}