{"text":"Encoding of movement direction in different frequency ranges of motor cortical local field potentials.\nRecent studies showed that the low-frequency component of local field potentials (LFPs) in monkey motor cortex carries information about parameters of voluntary arm movements. Here, we studied how different signal components of the LFP in the time and frequency domains are modulated during center-out arm movements. Analysis of LFPs in the time domain showed that the amplitude of a slow complex waveform beginning shortly before the onset of arm movement is modulated with the direction of the movement. Examining LFPs in the frequency domain, we found that direction-dependent modulations occur in three frequency ranges, which typically increased their amplitudes before and during movement execution:  less than  or =4, 6-13, and 63-200 Hz. Cosine-like tuning was prominent in all signal components analyzed. In contrast, activity in a frequency band approximately 30 Hz was not modulated with the direction of movement and typically decreased its amplitude during the task. This suggests that high-frequency oscillations have to be divided into at least two functionally different regimes: one approximately 30 Hz and one  greater than 60 Hz. Furthermore, using multiple LFPs, we could show that LFP amplitude spectra can be used to decode movement direction, with the best performance achieved by the combination of different frequency ranges. These results suggest that using the different frequency components in the LFP is useful in improving inference of movement parameters from local field potentials.\n","denotations":[{"id":"T1","span":{"begin":0,"end":101},"obj":"Task"},{"id":"T2","span":{"begin":134,"end":183},"obj":"Process"},{"id":"T3","span":{"begin":335,"end":338},"obj":"Material"},{"id":"T4","span":{"begin":609,"end":647},"obj":"Process"},{"id":"T5","span":{"begin":1271,"end":1284},"obj":"Process"},{"id":"T6","span":{"begin":1305,"end":1326},"obj":"Material"},{"id":"T7","span":{"begin":1529,"end":1532},"obj":"Process"},{"id":"T8","span":{"begin":1546,"end":1616},"obj":"Task"}],"relations":[]}