{"text":"Position, direction of movement, and speed tuning of cerebellar Purkinje cells during circular manual tracking in monkey.\nThe cerebellum plays an essential role in pursuit tracking with the eye and with the hand. During smooth pursuit eye movements, both tracking position and velocity are signaled by Purkinje cells. Purkinje cell simple spike discharge is also modulated by direction and speed during linear manual tracking. This study evaluated how all three parameters, position, movement direction, and speed, are signaled in the simple spike discharge of Purkinje cells during circular manual tracking. Three rhesus monkeys intercepted and then tracked a target moving in a circle in both counterclockwise and clockwise directions across a range of constant target speeds. Two sets of analyses of the simple spike firing of 97 Purkinje cells examined the effects of position, movement direction, and speed. The first approach was the incremental improvement of regression models, initially modeling a pure position dependence, then incorporating movement direction, and finally incorporating speed dependence. The second was a model-independent approach, without any explicit assumptions about the character of the directional tuning or speed effects. Both analyses revealed the same three results: (1) Purkinje cell discharge is spatially tuned, to both the position and direction of movement, and (2) this spatial tuning is not altered by the speed, except (3) the speed scales the average firing and/or depth of modulation. The results suggest that the population of Purkinje cells forms a representation of the entire position-direction space of arm movements, and that the speed modulates the scale of that representation. This speed scaling provides insights into the cerebellar processing of movement-related timing.\n","denotations":[{"id":"T1","span":{"begin":37,"end":49},"obj":"Process"},{"id":"T2","span":{"begin":53,"end":78},"obj":"Material"},{"id":"T3","span":{"begin":86,"end":110},"obj":"Process"},{"id":"T4","span":{"begin":255,"end":272},"obj":"Material"},{"id":"T5","span":{"begin":302,"end":316},"obj":"Material"},{"id":"T6","span":{"begin":403,"end":425},"obj":"Process"},{"id":"T7","span":{"begin":561,"end":575},"obj":"Material"},{"id":"T8","span":{"begin":583,"end":607},"obj":"Process"},{"id":"T9","span":{"begin":651,"end":686},"obj":"Task"},{"id":"T10","span":{"begin":833,"end":847},"obj":"Material"},{"id":"T11","span":{"begin":940,"end":984},"obj":"Process"},{"id":"T12","span":{"begin":1133,"end":1159},"obj":"Process"},{"id":"T13","span":{"begin":1221,"end":1256},"obj":"Process"},{"id":"T14","span":{"begin":1414,"end":1428},"obj":"Process"},{"id":"T15","span":{"begin":1473,"end":1531},"obj":"Process"},{"id":"T16","span":{"begin":1576,"end":1590},"obj":"Material"}],"relations":[]}