{"text":"Selective estrogen receptor modulators inhibit growth and progression of premalignant lesions in a mouse model of ductal carcinoma in situ.\nDuctal carcinoma in situ (DCIS) is a noninvasive premalignant lesion and is considered a precursor to invasive carcinoma. DCIS accounts for nearly 20% of newly diagnosed breast cancer, but the lack of experimentally amenable in vivo DCIS models hinders the development of treatment strategies. Here, we demonstrate the utility of a mouse transplantation model of DCIS for chemoprevention studies using selective estrogen receptor modulators (SERMs). This model consists of a set of serially transplanted lines of genetically engineered mouse mammary intraepithelial neoplasia (MIN) outgrowth (MIN-O) tissue that have stable characteristics. We studied the ovarian-hormone-responsiveness of one of the lines with a particular focus on the effects of two related SERMs, tamoxifen and ospemifene. The estrogen receptor (ER) status and ovarian-hormone-dependence of the mouse MIN outgrowth tissue were determined by immunohistochemistry and ovarian ablation. The effects of tamoxifen and ospemifene on the growth and tumorigenesis of MIN outgrowth were assessed at 3 and 10 weeks after transplantation. The effects on ER status, cell proliferation, and apoptosis were studied with immunohistochemistry. The MIN-O was ER-positive and ovarian ablation resulted in reduced MIN-O growth and tumor development. Likewise, tamoxifen and ospemifene treatments decreased the MIN growth and tumor incidence in comparison with the control (P  less than  0.01). Both SERMs significantly decreased cell proliferation. Between the two SERM treatment groups, there were no statistically significant differences in MIN-O size, tumor latency, or proliferation rate. In contrast, the ospemifene treatment significantly increased ER levels while tamoxifen significantly decreased them. Tamoxifen and ospemifene inhibit the growth of premalignant mammary lesions and the progression to invasive carcinoma in a transplantable mouse model of DCIS. The inhibitory effects of these two SERMs are similar except for their effects on ER modulation. These differences in ER modulation may suggest different mechanisms of action between the two related SERMs and may portend different long-term outcomes. These data demonstrate the value of this model system for preclinical testing of antiestrogen or other therapies designed to prevent or delay the malignant transformation of premalignant mammary lesions in chemoprevention.\n","denotations":[{"id":"T1","span":{"begin":0,"end":38},"obj":"Material"},{"id":"T2","span":{"begin":47,"end":93},"obj":"Process"},{"id":"T3","span":{"begin":99,"end":110},"obj":"Process"},{"id":"T4","span":{"begin":114,"end":130},"obj":"Material"},{"id":"T5","span":{"begin":166,"end":170},"obj":"Process"},{"id":"T6","span":{"begin":373,"end":384},"obj":"Process"},{"id":"T7","span":{"begin":397,"end":432},"obj":"Task"},{"id":"T8","span":{"begin":472,"end":499},"obj":"Process"},{"id":"T9","span":{"begin":503,"end":507},"obj":"Material"},{"id":"T10","span":{"begin":508,"end":535},"obj":"Task"},{"id":"T11","span":{"begin":542,"end":580},"obj":"Process"},{"id":"T12","span":{"begin":582,"end":587},"obj":"Material"},{"id":"T13","span":{"begin":615,"end":715},"obj":"Material"},{"id":"T14","span":{"begin":717,"end":720},"obj":"Process"},{"id":"T15","span":{"begin":922,"end":932},"obj":"Material"},{"id":"T16","span":{"begin":938,"end":955},"obj":"Material"},{"id":"T17","span":{"begin":957,"end":959},"obj":"Process"},{"id":"T18","span":{"begin":1052,"end":1093},"obj":"Process"},{"id":"T19","span":{"begin":1222,"end":1237},"obj":"Process"},{"id":"T20","span":{"begin":1254,"end":1263},"obj":"Process"},{"id":"T21","span":{"begin":1265,"end":1283},"obj":"Process"},{"id":"T22","span":{"begin":1353,"end":1385},"obj":"Process"},{"id":"T23","span":{"begin":1423,"end":1440},"obj":"Process"},{"id":"T24","span":{"begin":1502,"end":1512},"obj":"Process"},{"id":"T25","span":{"begin":1591,"end":1639},"obj":"Task"},{"id":"T26","span":{"begin":1657,"end":1678},"obj":"Process"},{"id":"T27","span":{"begin":1747,"end":1760},"obj":"Material"},{"id":"T28","span":{"begin":1847,"end":1856},"obj":"Process"},{"id":"T29","span":{"begin":1940,"end":1978},"obj":"Process"},{"id":"T30","span":{"begin":2002,"end":2052},"obj":"Task"},{"id":"T31","span":{"begin":2056,"end":2060},"obj":"Material"},{"id":"T32","span":{"begin":2098,"end":2103},"obj":"Material"},{"id":"T33","span":{"begin":2144,"end":2157},"obj":"Process"},{"id":"T34","span":{"begin":2180,"end":2193},"obj":"Process"},{"id":"T35","span":{"begin":2371,"end":2393},"obj":"Task"},{"id":"T36","span":{"begin":2394,"end":2406},"obj":"Material"}],"relations":[]}