{"text":"Stable ensemble performance with single-neuron variability during reaching movements in primates.\nSignificant variability in firing properties of individual neurons was observed while two monkeys, chronically implanted with multielectrode arrays in frontal and parietal cortical areas, performed a continuous arm movement task. Although the degree of correlation between the firing of single neurons and movement parameters was nonstationary, stable predictions of arm movements could be obtained from the activity of neuronal ensembles. This result adds support to the idea that movement parameters are redundantly encoded in the motor cortex, such that brain networks can achieve the same behavioral goals through different patterns and relative contribution of individual neuron activity. This has important implications for neural prosthetics, suggesting that accurate operation of a brain-machine interface requires recording from large neuronal ensembles to minimize the effect of variability and ensuring stable performance over long periods of time.\n","denotations":[{"id":"T1","span":{"begin":33,"end":58},"obj":"Process"},{"id":"T2","span":{"begin":157,"end":164},"obj":"Material"},{"id":"T3","span":{"begin":385,"end":399},"obj":"Material"},{"id":"T4","span":{"begin":518,"end":536},"obj":"Material"},{"id":"T5","span":{"begin":631,"end":643},"obj":"Material"},{"id":"T6","span":{"begin":655,"end":669},"obj":"Process"},{"id":"T7","span":{"begin":775,"end":781},"obj":"Material"},{"id":"T8","span":{"begin":828,"end":846},"obj":"Task"},{"id":"T9","span":{"begin":888,"end":960},"obj":"Process"}],"relations":[]}