{"text":"Reflectance confocal microscopy for characterization of mammary ductal structures and development of neoplasia in genetically engineered mouse models of breast cancer.\nThe earliest steps of breast cancer begin with aberrations in mammary ductal structure. Techniques that enable an investigator to image in situ and then analyze the same tissue using biochemical tools facilitates identification of genetic networks and signaling pathways active in the imaged structure. Cellular confocal microscopy (VivaCell-TiBa, Rochester, New York) is used to image mammary ductal structures and surrounding vasculature in situ in intact wild-type and genetically engineered mice that develop ER alpha-initiated ductal carcinoma in situ (DCIS) and ER alpha-driven invasive mammary cancer. In wild-type mice, normal mammary ductal structures that appear from puberty through lactation are visualized and serially sectioned optically, and a developmental atlas is created. Altering tissue preparation enabled visualization of the vasculature surrounding the ductal structures. In the genetically engineered mice, aberrant mammary ductal structures and cancers are imaged and compared to corresponding normal structures. Different preparation techniques are able to preserve tissue for routine histological analyses and RNA isolation. Comparative studies demonstrate that reflectance confocal imaging provides more cellular detail than carmine-alum-stained mammary gland whole mounts and equivalent detail with hematoxylin and eosin stained tissue sections. In summary, reflectance confocal microscopy is a tool that can be used to rapidly and accurately analyze mammary gland structure.\n","denotations":[{"id":"T1","span":{"begin":0,"end":166},"obj":"Task"},{"id":"T2","span":{"begin":351,"end":415},"obj":"Process"},{"id":"T3","span":{"begin":471,"end":499},"obj":"Process"},{"id":"T4","span":{"begin":501,"end":516},"obj":"Material"},{"id":"T5","span":{"begin":527,"end":535},"obj":"Material"},{"id":"T6","span":{"begin":548,"end":579},"obj":"Material"},{"id":"T7","span":{"begin":681,"end":716},"obj":"Material"},{"id":"T8","span":{"begin":726,"end":730},"obj":"Process"},{"id":"T9","span":{"begin":736,"end":775},"obj":"Material"},{"id":"T10","span":{"begin":796,"end":828},"obj":"Material"},{"id":"T11","span":{"begin":862,"end":871},"obj":"Process"},{"id":"T12","span":{"begin":1044,"end":1061},"obj":"Material"},{"id":"T13","span":{"begin":1099,"end":1133},"obj":"Material"},{"id":"T14","span":{"begin":1206,"end":1238},"obj":"Process"},{"id":"T15","span":{"begin":1271,"end":1300},"obj":"Material"},{"id":"T16","span":{"begin":1305,"end":1318},"obj":"Process"},{"id":"T17","span":{"begin":1421,"end":1468},"obj":"Material"},{"id":"T18","span":{"begin":1567,"end":1586},"obj":"Task"},{"id":"T19","span":{"begin":1640,"end":1671},"obj":"Task"}],"relations":[]}