{"text":"Specificity of sensorimotor learning and the neural code: neuronal representations in the primary motor cortex.\nHuman studies show that the learning of a new sensorimotor mapping that requires adaptation to directional errors is local and generalizes poorly to untrained directions. We trained monkeys to learn new visuomotor rotations for only one target in space and recorded neuronal activity in the primary motor cortex before, during and after learning. Similar to humans, the monkeys showed poor transfer of learning to other directions, as observed by behavioral aftereffects for untrained directions. To test for internal representations underlying these changes, we compared two features of neuronal activity before and after learning: changes in firing rates and changes in information content. Specific elevations of firing rate were only observed in a subpopulation of cells in the motor cortex with directional properties corresponding to the locally learned rotation; namely cells only showed plasticity if their preferred direction was near the training one. We applied measures from information theory to probe for learning-related changes in the neuronal code. Single cells conveyed more information about the direction of movement and this specific improvement in encoding was correlated with an increase in the slope of the neurons' tuning curve. Further, the improved information after learning enabled a more accurate reconstruction of movement direction from neuronal populations. Our findings suggest a neural mechanism for the confined generalization of a newly acquired internal model by showing a tight relationship between the locality of learning and the properties of neurons. They also provide direct evidence for improvement in the neural code as a result of learning.\n","denotations":[{"id":"T1","span":{"begin":0,"end":36},"obj":"Task"},{"id":"T2","span":{"begin":158,"end":178},"obj":"Material"},{"id":"T3","span":{"begin":305,"end":335},"obj":"Task"},{"id":"T4","span":{"begin":449,"end":457},"obj":"Process"},{"id":"T5","span":{"begin":881,"end":886},"obj":"Material"},{"id":"T6","span":{"begin":894,"end":906},"obj":"Material"},{"id":"T7","span":{"begin":1085,"end":1117},"obj":"Process"},{"id":"T8","span":{"begin":1178,"end":1190},"obj":"Material"},{"id":"T9","span":{"begin":1439,"end":1501},"obj":"Process"},{"id":"T10","span":{"begin":1526,"end":1542},"obj":"Process"},{"id":"T11","span":{"begin":1654,"end":1674},"obj":"Task"},{"id":"T12","span":{"begin":1697,"end":1704},"obj":"Material"},{"id":"T13","span":{"begin":1763,"end":1774},"obj":"Process"}],"relations":[]}