{"text":"Comparing information about arm movement direction in single channels of local and epicortical field potentials from monkey and human motor cortex.\nCortical field potentials have been used for decades in neurophysiological studies to probe spatio-temporal activity patterns of local populations of neurons. Recently, however, interest in these signals was spurred as they were proposed as potential control signals for neuronal motor prostheses, i.e., for devices fit to record and decode brain activity to restore motor functions in paralyzed patients. Little is known, however, about the functional significance of these cortical field potentials. Here we compared information about arm movement direction in two types of movement related cortical field potentials, obtained during a four direction center-out arm reaching paradigm: local field potentials (LFPs) recorded with intracortical micro-electrodes from monkey motor cortex, and epicortical field potentials (EFPs) recorded with macro-electrode arrays subdurally implanted on the surface of the human cerebral cortex. While monkey LFPs showed a typical sequence of positive and negative potential peaks, an initial negative peak was the most salient feature of human EFPs. Individual contralateral LFPs from the monkey motor cortex carried approximately twice as much decoded information (DI) about arm movement direction (median 0.27 bit) as did individual EFPs from the contralateral hand/arm area of primary motor cortex in humans (median 0.12 bit). This relation was similar to the relation between median peak signal-to-noise ratios for directional modulation of movement related potentials (MRPs) of both types of signals. We discuss possible reasons for the observed differences, amongst them epi- vs. intracortical recording and the different electrode dimensions used to measure EFPs and LFPs.\n","denotations":[{"id":"T1","span":{"begin":28,"end":146},"obj":"Task"},{"id":"T2","span":{"begin":148,"end":173},"obj":"Process"},{"id":"T3","span":{"begin":234,"end":305},"obj":"Process"},{"id":"T4","span":{"begin":389,"end":444},"obj":"Task"},{"id":"T5","span":{"begin":590,"end":648},"obj":"Task"},{"id":"T6","span":{"begin":741,"end":766},"obj":"Process"},{"id":"T7","span":{"begin":835,"end":857},"obj":"Process"},{"id":"T8","span":{"begin":859,"end":863},"obj":"Material"},{"id":"T9","span":{"begin":879,"end":909},"obj":"Material"},{"id":"T10","span":{"begin":915,"end":934},"obj":"Material"},{"id":"T11","span":{"begin":940,"end":968},"obj":"Process"},{"id":"T12","span":{"begin":970,"end":974},"obj":"Material"},{"id":"T13","span":{"begin":990,"end":1012},"obj":"Material"},{"id":"T14","span":{"begin":1273,"end":1292},"obj":"Material"},{"id":"T15","span":{"begin":1350,"end":1352},"obj":"Process"},{"id":"T16","span":{"begin":1360,"end":1382},"obj":"Process"},{"id":"T17","span":{"begin":1603,"end":1656},"obj":"Task"},{"id":"T18","span":{"begin":1658,"end":1662},"obj":"Material"},{"id":"T19","span":{"begin":1770,"end":1793},"obj":"Process"},{"id":"T20","span":{"begin":1812,"end":1832},"obj":"Process"}],"relations":[]}