{"text":"Matrix metalloproteinase-9 is associated with blood-brain barrier opening and brain edema formation after cortical contusion in rats.\nMatrix metalloproteinases (MMPs) are associated with blood-brain opening and may be involved in the pathophysiology of acute brain injury. Previous research demonstrated that knockout mice deficient in MMP-9 subjected to transient focal cerebral ischemia had reduced blood-brain barrier (BBB) disruption and attenuated cerebral infarction. In this study, we examined MMP-9 up-regulation, BBB disruption, and brain edema formation after cortical impact injury in rats. Cortical contusion was induced by controlled cortical impact. Animals were sacrificed at intervals after injury. MMP up-regulation was assessed by gelatin zymography, and BBB integrity was evaluated using Evans blue dye with a spectrophotometric assay. Brain water content was measured by comparing wet and dry weights of each hemisphere as an indicator of brain edema. Zymograms showed elevated MMP-9 as early as at 3 hours after injury, reaching a maximum at 18 hours. Peak levels of BBB disruption occurred 6 hours after injury. Brain edema became progressively more severe, peaking 24 hours after injury. Compared to control group, treatment with MMP-inhibitor GM6001 significantly reduced BBB disruption 6 hours and brain water content (85.9 +/- 0.5% vs. 82.6 +/- 0.3%; p  less than  0.05) 24 hours after injury. These findings suggest that MMP-9 may contribute to BBB disturbance and subsequent brain edema after traumatic brain injury.\n","denotations":[{"id":"T1","span":{"begin":0,"end":124},"obj":"Task"},{"id":"T2","span":{"begin":134,"end":159},"obj":"Material"},{"id":"T3","span":{"begin":161,"end":165},"obj":"Process"},{"id":"T4","span":{"begin":187,"end":206},"obj":"Process"},{"id":"T5","span":{"begin":422,"end":425},"obj":"Process"},{"id":"T6","span":{"begin":501,"end":520},"obj":"Process"},{"id":"T7","span":{"begin":522,"end":536},"obj":"Process"},{"id":"T8","span":{"begin":542,"end":563},"obj":"Process"},{"id":"T9","span":{"begin":602,"end":620},"obj":"Process"},{"id":"T10","span":{"begin":664,"end":671},"obj":"Task"},{"id":"T11","span":{"begin":715,"end":732},"obj":"Process"},{"id":"T12","span":{"begin":749,"end":767},"obj":"Process"},{"id":"T13","span":{"begin":773,"end":786},"obj":"Process"},{"id":"T14","span":{"begin":807,"end":821},"obj":"Process"},{"id":"T15","span":{"begin":855,"end":866},"obj":"Material"},{"id":"T16","span":{"begin":1088,"end":1091},"obj":"Material"},{"id":"T17","span":{"begin":1253,"end":1334},"obj":"Material"},{"id":"T18","span":{"begin":1448,"end":1451},"obj":"Material"},{"id":"T19","span":{"begin":1472,"end":1487},"obj":"Material"},{"id":"T20","span":{"begin":1521,"end":1543},"obj":"Process"}],"relations":[]}