{"text":"Matrix metalloproteinase-mediated disruption of tight junction proteins in cerebral vessels is reversed by synthetic matrix metalloproteinase inhibitor in focal ischemia in rat.\nMatrix metalloproteinases (MMPs) disrupt the blood-brain barrier (BBB) during reperfusion. Occludin and claudins are recently described tight junction proteins (TJPs) that form the BBB. We hypothesized that the opening of the BBB was because of the degradation of TJPs by the MMPs. Spontaneously hypertensive rats had a 90 mins middle cerebral artery occlusion with reperfusion for 2, 3, or 24 h. Matrix metalloproteinases were measured by immunohistochemistry and in situ and gel zymography. Real-time polymerase chain reaction (PCR) measured mRNAs of MMP-2 and -9, furin, membrane-type MMP (MT1-MMP), occludin, and claudin-5. There was opening of the BBB in the piriform cortex after 3 h of reperfusion, and an MMP inhibitor, BB-1101 (30 mg/kg), prevented the opening. At 3 h, in situ zymograms showed gelatinase activity. Zymography and PCR showed greater increases in MMP-2 than in MMP-9. There were increased mRNA and immunohistochemistry for MT1-MMP and furin, which activate MMP-2. Claudin-5 and occludin mRNA expression decreased at 2 h in both hemispheres with fragments of both proteins seen on Western blot by 3 h on the ischemic side; treatment with BB-1101 reversed the degradation of the TJPs. Immunohistochemistry at 3 h showed fragmented TJPs within the endothelial cell clefts. By 24 h, in situ zymography showed gelatinase activity and gel zymography showed elevated levels of MMP-9. Disrupted TJPs previously seen in endothelial cells appeared in the surrounding astrocytes. Our results provide direct evidence that MMPs open the BBB by degrading TJPs and that an MMP inhibitor prevents degradation of the TJPs by MMPs.\n","denotations":[{"id":"T1","span":{"begin":0,"end":71},"obj":"Process"},{"id":"T2","span":{"begin":107,"end":151},"obj":"Material"},{"id":"T3","span":{"begin":178,"end":203},"obj":"Material"},{"id":"T4","span":{"begin":205,"end":209},"obj":"Material"},{"id":"T5","span":{"begin":223,"end":242},"obj":"Material"},{"id":"T6","span":{"begin":244,"end":247},"obj":"Process"},{"id":"T7","span":{"begin":314,"end":337},"obj":"Process"},{"id":"T8","span":{"begin":359,"end":362},"obj":"Process"},{"id":"T9","span":{"begin":404,"end":407},"obj":"Material"},{"id":"T10","span":{"begin":442,"end":446},"obj":"Material"},{"id":"T11","span":{"begin":575,"end":600},"obj":"Material"},{"id":"T12","span":{"begin":655,"end":669},"obj":"Process"},{"id":"T13","span":{"begin":671,"end":706},"obj":"Process"},{"id":"T14","span":{"begin":708,"end":711},"obj":"Process"},{"id":"T15","span":{"begin":731,"end":744},"obj":"Material"},{"id":"T16","span":{"begin":752,"end":769},"obj":"Material"},{"id":"T17","span":{"begin":771,"end":778},"obj":"Material"},{"id":"T18","span":{"begin":831,"end":834},"obj":"Material"},{"id":"T19","span":{"begin":891,"end":904},"obj":"Material"},{"id":"T20","span":{"begin":906,"end":908},"obj":"Material"},{"id":"T21","span":{"begin":1018,"end":1021},"obj":"Material"},{"id":"T22","span":{"begin":1064,"end":1069},"obj":"Material"},{"id":"T23","span":{"begin":1126,"end":1133},"obj":"Material"},{"id":"T24","span":{"begin":1160,"end":1163},"obj":"Material"},{"id":"T25","span":{"begin":1340,"end":1342},"obj":"Material"},{"id":"T26","span":{"begin":1532,"end":1546},"obj":"Process"},{"id":"T27","span":{"begin":1573,"end":1576},"obj":"Material"},{"id":"T28","span":{"begin":1727,"end":1730},"obj":"Material"},{"id":"T29","span":{"begin":1761,"end":1783},"obj":"Material"}],"relations":[]}