{"text":"Memantine reduces striatal cell death with decreasing calpain level in 3-nitropropionic model of Huntington's disease.\nHuntington's disease has an increase in the activated calpain, which is enhanced by the NMDA receptor activation. We investigated the neuroprotective effect of memantine in 3-nitropropionic acid (3NP)-induced striatal degeneration model. Either memantine (20 mg/kg/day) or PBS was intraperitoneally administered for five days with 3NP continuous infusion. In the memantine-treated group, the striatal lesion volume, the number of TUNEL+ cells, and Fluoro-Jade C+ degenerating neurons were all decreased. Memantine increased Bcl-xl and decreased Bax level. Memantine also exerted an inhibitory effect on the micro-calpain level and decreased the huntingtin proteolytic fragments. Those rats treated with memantine showed less degree of weight loss at 5 days. Subsequently, memantine was found to have neuroprotective effects and save striatal cells with decreasing calpain levels in the 3NP model of Huntington's disease.\n","denotations":[{"id":"T1","span":{"begin":0,"end":118},"obj":"Task"},{"id":"T2","span":{"begin":119,"end":140},"obj":"Process"},{"id":"T3","span":{"begin":207,"end":231},"obj":"Process"},{"id":"T4","span":{"begin":315,"end":357},"obj":"Process"},{"id":"T5","span":{"begin":392,"end":395},"obj":"Material"},{"id":"T6","span":{"begin":549,"end":562},"obj":"Material"},{"id":"T7","span":{"begin":567,"end":603},"obj":"Material"},{"id":"T8","span":{"begin":764,"end":796},"obj":"Process"},{"id":"T9","span":{"begin":891,"end":900},"obj":"Material"},{"id":"T10","span":{"begin":919,"end":942},"obj":"Process"},{"id":"T11","span":{"begin":947,"end":966},"obj":"Material"},{"id":"T12","span":{"begin":1018,"end":1039},"obj":"Material"}],"relations":[]}