{"text":"Memantine protects against LPS-induced neuroinflammation, restores behaviorally-induced gene expression and spatial learning in the rat.\nNeuroinflammation is reliably associated with the pathogenesis of a number of neurodegenerative diseases, and can be detected by the presence of activated microglia. Neuroinflammation can be induced by chronic lipopolysaccharide (LPS) infusion into the 4th ventricle of the rat resulting in region-selective microglia activation and impaired hippocampal-dependent memory. Furthermore, this treatment results in altered behaviorally-induced expression of the immediate early gene Arc, indicating altered network activity. LPS is known to activate microglia directly, leading to increased glutamate release, and in enhanced N-methyl-d-aspartate (NMDA) -dependent signaling. Taken together, the foregoing suggests that decreasing NMDA receptor activation during early stages of chronic neuroinflammation should reduce a) microglia activation, b) overexpression of Arc, and c) spatial memory deficits. Memantine, a low to moderate affinity open channel uncompetitive NMDA receptor antagonist, at low doses was used here to test these hypotheses. Rats were chronically infused into the 4th ventricle for 28 days with LPS alone, vehicle alone (via osmotic minipump) or LPS and memantine (10 mg/kg/day memantine s.c.). The results reported here demonstrate that memantine reduces OX6-immunolabeling for activated microglia, spares resident microglia, returns Arc (activity-regulated cytoskeletal associated protein, protein) -expressing neuronal populations to control levels (as revealed by Arc immunolabeling and fluorescence in situ hybridization), and ameliorates the spatial memory impairments produced by LPS alone. These data indicate that memantine therapy at low doses, recreating plasma levels similar to those of therapeutic doses in human, acts in part through its ability to reduce the effects of neuroinflammation, resulting in normal gene expression patterns and spatial learning. Combined, these findings suggest that low, therapeutically relevant doses of memantine delivered early in the development of neuroinflammation-influenced diseases may confer neural and cognitive protection.\n","denotations":[{"id":"T1","span":{"begin":27,"end":56},"obj":"Process"},{"id":"T2","span":{"begin":80,"end":103},"obj":"Process"},{"id":"T3","span":{"begin":108,"end":124},"obj":"Process"},{"id":"T4","span":{"begin":282,"end":301},"obj":"Material"},{"id":"T5","span":{"begin":339,"end":365},"obj":"Material"},{"id":"T6","span":{"begin":367,"end":370},"obj":"Process"},{"id":"T7","span":{"begin":658,"end":661},"obj":"Process"},{"id":"T8","span":{"begin":683,"end":692},"obj":"Material"},{"id":"T9","span":{"begin":724,"end":741},"obj":"Process"},{"id":"T10","span":{"begin":750,"end":779},"obj":"Process"},{"id":"T11","span":{"begin":781,"end":785},"obj":"Process"},{"id":"T12","span":{"begin":853,"end":888},"obj":"Process"},{"id":"T13","span":{"begin":912,"end":937},"obj":"Process"},{"id":"T14","span":{"begin":1100,"end":1124},"obj":"Process"},{"id":"T15","span":{"begin":1249,"end":1252},"obj":"Process"},{"id":"T16","span":{"begin":1279,"end":1295},"obj":"Material"},{"id":"T17","span":{"begin":1300,"end":1317},"obj":"Material"},{"id":"T18","span":{"begin":1622,"end":1679},"obj":"Process"},{"id":"T19","span":{"begin":1741,"end":1750},"obj":"Material"},{"id":"T20","span":{"begin":1918,"end":1957},"obj":"Process"},{"id":"T21","span":{"begin":1972,"end":2024},"obj":"Process"},{"id":"T22","span":{"begin":2103,"end":2112},"obj":"Material"},{"id":"T23","span":{"begin":2136,"end":2188},"obj":"Process"}],"relations":[]}