{"text":"In vitro galantamine-memantine co-application: mechanism of beneficial action.\nSeveral drugs are in clinical use for symptomatic treatment of Alzheimer's disease patients. Since Alzheimer's disease is known to be associated with down-regulation of the cholinergic and N-methyl-D-aspartate (NMDA) systems, most of these drugs inhibit acetylcholinesterase, potentiate the activity of nicotinic acetylcholine receptors (nAChRs), or modulate NMDA receptors. Galantamine is an anticholinesterase and allosterically potentiates the activity of the nicotinic receptors. We have recently found that galantamine potentiates the activity of NMDA receptors as well. Memantine is unique in that it inhibits the NMDA receptors. We have developed a hypothesis that combining galantamine and memantine will be more effective for improving the patient's conditions than monotherapy with either drug. Patch clamp and intracellular Ca(2+) imaging experiments using rat cortical and hippocampal neurons clearly provided the in vitro bases for our hypothesis. Memantine blocked the extrasynaptic NMDA receptor 100 times more potently than the synaptic NMDA receptor at negative membrane potentials and the block of both types of NMDA receptors was attenuated with depolarization. However, galantamine potentiation of the NMDA receptors was not voltage dependent. Thus, co-application of memantine with galantamine prevented the galantamine potentiation and the activation of extrasynaptic NMDA receptors, but membrane depolarization revealed the galantamine potentiation. Therefore, cell death is expected to be prevented by memantine near the resting potential while the NMDA-mediated synaptic transmission, which is down-regulated in the patients, is maintained and potentiated by galantamine. These results provide in vitro bases for the beneficial actions of galantamine and memantine combinations.\n","denotations":[{"id":"T1","span":{"begin":47,"end":77},"obj":"Task"},{"id":"T2","span":{"begin":117,"end":171},"obj":"Task"},{"id":"T3","span":{"begin":229,"end":244},"obj":"Process"},{"id":"T4","span":{"begin":268,"end":288},"obj":"Material"},{"id":"T5","span":{"begin":290,"end":294},"obj":"Process"},{"id":"T6","span":{"begin":382,"end":415},"obj":"Material"},{"id":"T7","span":{"begin":417,"end":425},"obj":"Process"},{"id":"T8","span":{"begin":429,"end":452},"obj":"Process"},{"id":"T9","span":{"begin":454,"end":465},"obj":"Material"},{"id":"T10","span":{"begin":542,"end":561},"obj":"Material"},{"id":"T11","span":{"begin":631,"end":645},"obj":"Material"},{"id":"T12","span":{"begin":699,"end":713},"obj":"Material"},{"id":"T13","span":{"begin":751,"end":786},"obj":"Material"},{"id":"T14","span":{"begin":828,"end":849},"obj":"Material"},{"id":"T15","span":{"begin":921,"end":940},"obj":"Process"},{"id":"T16","span":{"begin":947,"end":983},"obj":"Process"},{"id":"T17","span":{"begin":1062,"end":1089},"obj":"Process"},{"id":"T18","span":{"begin":1123,"end":1145},"obj":"Process"},{"id":"T19","span":{"begin":1209,"end":1223},"obj":"Material"},{"id":"T20","span":{"begin":1269,"end":1293},"obj":"Process"},{"id":"T21","span":{"begin":1301,"end":1315},"obj":"Material"},{"id":"T22","span":{"begin":1367,"end":1393},"obj":"Material"},{"id":"T23","span":{"begin":1408,"end":1432},"obj":"Process"},{"id":"T24","span":{"begin":1455,"end":1483},"obj":"Material"},{"id":"T25","span":{"begin":1526,"end":1550},"obj":"Process"},{"id":"T26","span":{"begin":1652,"end":1687},"obj":"Process"},{"id":"T27","span":{"begin":1763,"end":1774},"obj":"Material"},{"id":"T28","span":{"begin":1843,"end":1854},"obj":"Material"}],"relations":[]}