{"text":"Inhibition of Abeta production by NF-kappaB inhibitors.\nThe transcription factor nuclear factor kappaB (NF-kappaB) is widely expressed in the nervous system and increased NF-kappaB immunoreactivity has been observed in Alzheimer's disease (AD) brains in the nuclei of neurons within the vicinity of diffuse beta-amyloid plaques. Beta-amyloid (Abeta) peptides are the main constituent of senile plaques and are known to stimulate NF-kappaB activity. In the present study, we investigated the effect of various NF-kappaB inhibitors on the production of Abeta1-40, Abeta1-42, secreted APP (sAPPbeta and sAPPalpha) and APP C-terminal fragments (APP-CTF) using CHO cells overexpressing the beta-amyloid precursor protein (APP). Our data show that NF-kappaB inhibitors decrease both Abeta1-40 and Abeta1-42 production. In addition, we show that some NF-kappaB inhibitors decrease sAPPbeta and APP-CTFbeta suggesting that they reduce the beta-secretase cleavage of APP. Altogether our data suggest that NF-kappaB inhibitors may be of therapeutic importance for the treatment of AD pathology not only by blocking inflammatory processes but also by directly inhibiting the production of Abeta peptides.\n","denotations":[{"id":"T1","span":{"begin":0,"end":30},"obj":"Process"},{"id":"T2","span":{"begin":34,"end":55},"obj":"Material"},{"id":"T3","span":{"begin":60,"end":103},"obj":"Process"},{"id":"T4","span":{"begin":104,"end":114},"obj":"Material"},{"id":"T5","span":{"begin":171,"end":181},"obj":"Material"},{"id":"T6","span":{"begin":240,"end":242},"obj":"Process"},{"id":"T7","span":{"begin":329,"end":341},"obj":"Material"},{"id":"T8","span":{"begin":387,"end":401},"obj":"Material"},{"id":"T9","span":{"begin":509,"end":530},"obj":"Material"},{"id":"T10","span":{"begin":551,"end":560},"obj":"Material"},{"id":"T11","span":{"begin":562,"end":571},"obj":"Material"},{"id":"T12","span":{"begin":582,"end":585},"obj":"Process"},{"id":"T13","span":{"begin":615,"end":639},"obj":"Material"},{"id":"T14","span":{"begin":641,"end":648},"obj":"Material"},{"id":"T15","span":{"begin":656,"end":665},"obj":"Material"},{"id":"T16","span":{"begin":685,"end":715},"obj":"Material"},{"id":"T17","span":{"begin":717,"end":720},"obj":"Process"},{"id":"T18","span":{"begin":742,"end":763},"obj":"Material"},{"id":"T19","span":{"begin":777,"end":786},"obj":"Material"},{"id":"T20","span":{"begin":791,"end":811},"obj":"Process"},{"id":"T21","span":{"begin":844,"end":865},"obj":"Material"},{"id":"T22","span":{"begin":958,"end":961},"obj":"Material"},{"id":"T23","span":{"begin":996,"end":1017},"obj":"Material"},{"id":"T24","span":{"begin":1071,"end":1083},"obj":"Process"},{"id":"T25","span":{"begin":1096,"end":1127},"obj":"Process"},{"id":"T26","span":{"begin":1178,"end":1192},"obj":"Material"}],"relations":[]}