{"text":"Stretch-induced injury in organotypic hippocampal slice cultures reproduces in vivo post-traumatic neurodegeneration: role of glutamate receptors and voltage-dependent calcium channels.\nThe relationship between an initial mechanical event causing brain tissue deformation and delayed neurodegeneration in vivo is complex because of the multiplicity of factors involved. We have used a simplified brain surrogate based on rat hippocampal slices grown on deformable silicone membranes to study stretch-induced traumatic brain injury. Traumatic injury was induced by stretching the culture substrate, and the biological response characterized after 4 days. Morphological abnormalities consistent with traumatic injury in humans were widely observed in injured cultures. Synaptic function was significantly reduced after a severe injury. The N-methyl-D-aspartate (NMDA) receptor antagonist MK-801 attenuated neuronal damage, prevented loss of microtubule-associated protein 2 immunoreactivity and attenuated reduction of synaptic function. In contrast, the NMDA receptor antagonists 3-((R)-2-carboxypiperazin-4-yl)-propyl-1-phosphonic acid (CPP) and GYKI53655, were neuroprotective in a moderate but not a severe injury paradigm. Nifedipine, an L-type voltage-dependent calcium channel antagonist was protective only after a moderate injury, whereas omega-conotoxin attenuated damage following severe injury. These results indicate that the mechanism of damage following stretch injury is complex and varies depending on the severity of the insult. In conclusion, the pharmacological, morphological and electrophysiological responses of organotypic hippocampal slice cultures to stretch injury were similar to those observed in vivo. Our model provides an alternative to animal testing for understanding the mechanisms of post-traumatic delayed cell death and could be used as a high-content screen to discover neuroprotective compounds before advancing to in vivo models.\n","denotations":[{"id":"T1","span":{"begin":126,"end":145},"obj":"Material"},{"id":"T2","span":{"begin":150,"end":184},"obj":"Process"},{"id":"T3","span":{"begin":276,"end":301},"obj":"Process"},{"id":"T4","span":{"begin":385,"end":411},"obj":"Material"},{"id":"T5","span":{"begin":421,"end":443},"obj":"Material"},{"id":"T6","span":{"begin":492,"end":530},"obj":"Process"},{"id":"T7","span":{"begin":564,"end":596},"obj":"Process"},{"id":"T8","span":{"begin":698,"end":714},"obj":"Process"},{"id":"T9","span":{"begin":767,"end":784},"obj":"Process"},{"id":"T10","span":{"begin":838,"end":858},"obj":"Material"},{"id":"T11","span":{"begin":860,"end":889},"obj":"Material"},{"id":"T12","span":{"begin":939,"end":950},"obj":"Material"},{"id":"T13","span":{"begin":993,"end":1034},"obj":"Process"},{"id":"T14","span":{"begin":1053,"end":1081},"obj":"Material"},{"id":"T15","span":{"begin":1083,"end":1139},"obj":"Material"},{"id":"T16","span":{"begin":1137,"end":1140},"obj":"Process"},{"id":"T17","span":{"begin":1633,"end":1671},"obj":"Material"},{"id":"T18","span":{"begin":1786,"end":1851},"obj":"Task"}],"relations":[]}