{"text":"Effects of pan- and subtype-selective N-methyl-D-aspartate receptor antagonists on cortical spreading depression in the rat: therapeutic potential for migraine.\nSpreading depression (SD) has long been associated with the underlying pathophysiology of migraine. Evidence that the N-methyl-D-aspartate (NMDA) glutamate receptor (NMDA-R) is implicated in the generation and propagation of SD has itself been available for more than 15 years. However, to date, there are no reports of NMDA-R antagonists being developed for migraine therapy. In this study, an uncompetitive, pan-NMDA-R blocker, memantine, approved for clinical use, and two antagonists with selectivity for NMDA-R containing the NR2B subunit, (1S,2S)-1-(4-hydroxyphenyl)-2-(4-hydroxy-4-phenylpiperidino)-1-propanol (CP-101,606) and (+/-)-(R*,S*)-alpha-(4-hydroxyphenyl)-beta-methyl-4-(phenylmethyl)-1-piperidine propanol (Ro 25-6981), were investigated to assess their protective effects against SD in the rat. Under isoflurane anesthesia, d.c. potential and the related cortical blood flow and partial pressure of O2 (pO2) were recorded simultaneously at separate cortical sites. Drugs (1, 3, and 10 mg/kg i.p.) were given 1 h or 30 min before KCl application to the brain surface. Core temperature and arterial pCO2,pO2, and pH measurements confirmed physiological stability. KCl induced 7.7+/-1.8 (mean+/-S.D.) SD events with d.c. amplitude of 14.9+/-2.8 mV. Memantine and CP-101,606 dose-dependently decreased SD event number (to 2.0+/-1.8 and 2.3+/-2.9, respectively) and SD amplitude at doses relevant for therapeutic use. Ro 25-6981 also decreased SD events significantly, but less effectively (to 4.5+/-1.6), without affecting amplitude. These results indicate that NR2B-containing NMDA receptors are key mediators of SD, and as such, memantine- and NR2B-selective antagonists may be useful new therapeutic agents for the treatment of migraine and other SD-related disorders (e.g., stroke and brain injury). Whether chronic, rather than acute, treatment may improve their efficacy remains to be determined.\n","denotations":[{"id":"T1","span":{"begin":20,"end":79},"obj":"Material"},{"id":"T2","span":{"begin":83,"end":112},"obj":"Process"},{"id":"T3","span":{"begin":161,"end":181},"obj":"Process"},{"id":"T4","span":{"begin":183,"end":185},"obj":"Process"},{"id":"T5","span":{"begin":279,"end":299},"obj":"Material"},{"id":"T6","span":{"begin":301,"end":326},"obj":"Material"},{"id":"T7","span":{"begin":327,"end":333},"obj":"Material"},{"id":"T8","span":{"begin":356,"end":388},"obj":"Process"},{"id":"T9","span":{"begin":520,"end":536},"obj":"Material"},{"id":"T10","span":{"begin":571,"end":589},"obj":"Material"},{"id":"T11","span":{"begin":692,"end":704},"obj":"Material"},{"id":"T12","span":{"begin":710,"end":787},"obj":"Material"},{"id":"T13","span":{"begin":779,"end":781},"obj":"Process"},{"id":"T14","span":{"begin":802,"end":807},"obj":"Process"},{"id":"T15","span":{"begin":816,"end":889},"obj":"Material"},{"id":"T16","span":{"begin":959,"end":961},"obj":"Process"},{"id":"T17","span":{"begin":980,"end":1001},"obj":"Process"},{"id":"T18","span":{"begin":1034,"end":1053},"obj":"Process"},{"id":"T19","span":{"begin":1078,"end":1080},"obj":"Material"},{"id":"T20","span":{"begin":1082,"end":1086},"obj":"Material"},{"id":"T21","span":{"begin":1231,"end":1244},"obj":"Material"},{"id":"T22","span":{"begin":1267,"end":1281},"obj":"Material"},{"id":"T23","span":{"begin":1281,"end":1285},"obj":"Material"},{"id":"T24","span":{"begin":1290,"end":1306},"obj":"Process"},{"id":"T25","span":{"begin":1341,"end":1375},"obj":"Process"},{"id":"T26","span":{"begin":1377,"end":1386},"obj":"Process"},{"id":"T27","span":{"begin":1477,"end":1492},"obj":"Process"},{"id":"T28","span":{"begin":1540,"end":1552},"obj":"Process"},{"id":"T29","span":{"begin":1618,"end":1627},"obj":"Process"},{"id":"T30","span":{"begin":1688,"end":1707},"obj":"Process"},{"id":"T31","span":{"begin":1737,"end":1767},"obj":"Material"},{"id":"T32","span":{"begin":1789,"end":1791},"obj":"Material"},{"id":"T33","span":{"begin":1806,"end":1848},"obj":"Material"},{"id":"T34","span":{"begin":1906,"end":1914},"obj":"Material"},{"id":"T35","span":{"begin":1925,"end":1945},"obj":"Process"},{"id":"T36","span":{"begin":1979,"end":1994},"obj":"Material"}],"relations":[]}