{"text":"Differential expression of tissue inhibitor of metalloproteinases-3 in cultured astrocytes and neurons regulates the activation of matrix metalloproteinase-2.\nMatrix metalloproteinases (MMPs) degrade the extracellular matrix and are implicated in the pathogenesis of several neurological diseases. Secreted in proforms, the MMPs require activation. Tissue inhibitors of matrix metalloproteinases (TIMPs) regulate the activity of MMPs. We investigated the expression of MMP-2 and -9, and the role of the TIMP-3 in MMP-2 activation, using cultures of cortical neurons and astrocytes. Under basal conditions, astrocytes and neurons produced low levels of pro-MMP-2, and -9. Stimulation with lipopolysaccharide (LPS) markedly increased pro-MMP-9 production in astrocytes, with only a slight increase in neurons. Pro-MMP-2 were constitutively expressed in both cell types, but with a much higher level in the astrocytes. Real-time RT-PCR showed that the mRNA levels of MMP-2 and -9 paralleled their gelatinolytic activities in the gelatin zymograms. Interestingly, active MMP-2 was observed only in neuronal cultures. TIMP-2 and TIMP-3 are constitutively expressed in astrocytes and neurons. However, astrocytes expressed much higher levels of TIMP-3 mRNA and protein than neurons. Knockdown of TIMP-3 with small interfering RNA (siRNA) significantly increased MMP-2 activation in astrocytes. These results indicate that astrocytes are a more important intrinsic cellular source of MMP-2 and -9 than neurons under normal and neuroinflammatory conditions. TIMP-3 may be the key factor determining the differential activation of MMP-2 in astrocytes and neurons.\n","denotations":[{"id":"T1","span":{"begin":95,"end":102},"obj":"Material"},{"id":"T2","span":{"begin":103,"end":157},"obj":"Task"},{"id":"T3","span":{"begin":159,"end":184},"obj":"Material"},{"id":"T4","span":{"begin":186,"end":190},"obj":"Material"},{"id":"T5","span":{"begin":204,"end":224},"obj":"Material"},{"id":"T6","span":{"begin":370,"end":395},"obj":"Material"},{"id":"T7","span":{"begin":429,"end":433},"obj":"Material"},{"id":"T8","span":{"begin":469,"end":474},"obj":"Material"},{"id":"T9","span":{"begin":503,"end":507},"obj":"Material"},{"id":"T10","span":{"begin":549,"end":565},"obj":"Material"},{"id":"T11","span":{"begin":621,"end":628},"obj":"Material"},{"id":"T12","span":{"begin":688,"end":706},"obj":"Material"},{"id":"T13","span":{"begin":708,"end":711},"obj":"Process"},{"id":"T14","span":{"begin":964,"end":967},"obj":"Material"},{"id":"T15","span":{"begin":1067,"end":1070},"obj":"Material"},{"id":"T16","span":{"begin":1178,"end":1185},"obj":"Material"},{"id":"T17","span":{"begin":1239,"end":1251},"obj":"Material"},{"id":"T18","span":{"begin":1268,"end":1275},"obj":"Material"},{"id":"T19","span":{"begin":1320,"end":1332},"obj":"Material"},{"id":"T20","span":{"begin":1356,"end":1359},"obj":"Material"},{"id":"T21","span":{"begin":1477,"end":1480},"obj":"Material"},{"id":"T22","span":{"begin":1495,"end":1502},"obj":"Material"},{"id":"T23","span":{"begin":1622,"end":1625},"obj":"Material"},{"id":"T24","span":{"begin":1646,"end":1653},"obj":"Material"}],"relations":[]}