{"text":"Soluble beta-amyloid(25-35) reversibly impairs hippocampal synaptic plasticity and spatial learning.\nBeta-amyloid is a peptide that appears to be responsible for cognitive impairments in patients with Alzheimer's disease. Recent research shows that soluble oligomers of beta-amyloid affect synaptic activity and learning, well before any amyloid has aggregated into plaques. Here we show that injection of 3x10 nmol amyloid (25-35) i.c.v. transiently impairs learning of a radial arm maze and the induction of hippocampal long-term potentiation. Furthermore, hippocampal field potentials had been recorded over a period of 21 days and were found to be reduced from day 9 to day 15 (P less than 0.001), after which the reduction had reversed to baseline. In the spatial 8-arm learning task, animals had to learn which 3 out of 8 arms had been baited. A significant impairment of working and long-term memory was observed at day 12-20 (P less than 0.001), but not at days 3-11 or 20-28. Long-term potentiation induction in the hippocampus area CA1 was also impaired at day 12-20 (P less than 0.001), but not at other days. A scrambled peptide sequence version of amyloid did not have any effect. These results emphasise that soluble amyloid fragments already have detrimental effects on brain function well before aggregation occurs. They also show that these effects are reversible, and therefore most likely do not involve neuronal death. The neurodegeneration seen in Alzheimer's disease brains is most likely a downstream effect, linked to processes such as immune response activation and free radical production. These results suggest that treatment at very early stages of Alzheimer's disease could prevent later irreversible neuronal degeneration.\n","denotations":[{"id":"T1","span":{"begin":0,"end":20},"obj":"Material"},{"id":"T2","span":{"begin":47,"end":78},"obj":"Process"},{"id":"T3","span":{"begin":83,"end":99},"obj":"Process"},{"id":"T4","span":{"begin":101,"end":113},"obj":"Process"},{"id":"T5","span":{"begin":270,"end":320},"obj":"Task"},{"id":"T6","span":{"begin":393,"end":423},"obj":"Process"},{"id":"T7","span":{"begin":497,"end":544},"obj":"Process"},{"id":"T8","span":{"begin":559,"end":587},"obj":"Process"},{"id":"T9","span":{"begin":985,"end":1017},"obj":"Process"},{"id":"T10","span":{"begin":1025,"end":1045},"obj":"Material"},{"id":"T11","span":{"begin":1223,"end":1248},"obj":"Material"},{"id":"T12","span":{"begin":1285,"end":1299},"obj":"Process"},{"id":"T13","span":{"begin":1560,"end":1586},"obj":"Process"},{"id":"T14","span":{"begin":1591,"end":1614},"obj":"Process"}],"relations":[]}