{"text":"Pathologically-activated therapeutics for neuroprotection: mechanism of NMDA receptor block by memantine and S-nitrosylation.\nAlzheimer's disease (AD) and Vascular dementia represent the most common forms of dementia. If left unabated, the economic cost of caring for patients with these maladies would consume the entire gross national product of the industrialized world by the middle of this century. Until recently, the only available drugs for this condition were cholinergic treatments, which symptomatically enhance cognitive state to some degree, but they were not neuroprotective. Many potential neuroprotective drugs tested in clinical trials failed because of intolerable side effects. However, after our discovery of its clinically-tolerated mechanism of action, one putatively neuroprotective drug, memantine, was recently approved by the European Union and the U.S. Food and Drug Administration (FDA) for the treatment of dementia. Recent phase 3 clinical trials have shown that memantine is effective in the treatment of both mild and moderate-to-severe Alzheimer's disease and possibly Vascular dementia (multi-infarct dementia). Here we review the molecular mechanism of memantine's action and also the basis for the drug's use in these neurological diseases, which are mediated at least in part by excitotoxicity. Excitotoxicity is defined as excessive exposure to the neurotransmitter glutamate or overstimulation of its membrane receptors, leading to neuronal injury or death. Excitotoxic neuronal cell damage is mediated in part by overactivation of N-methyl-D-aspartate (NMDA)-type glutamate receptors, which results in excessive Ca(2+) influx through the receptor associated ion channel and subsequent free radical formation. Physiological NMDA receptor activity, however, is also essential for normal neuronal function. This means that potential neuroprotective agents that block virtually all NMDA receptor activity will very likely have unacceptable clinical side effects. For this reason many previous NMDA receptor antagonists have disappointingly failed advanced clinical trials for a number of neurodegenerative disorders. In contrast, studies in our laboratory have shown that the adamantane derivative, memantine, preferentially blocks excessive NMDA receptor activity without disrupting normal activity. Memantine does this through its action as an uncompetitive, low-affinity, open-channel blocker; it enters the receptor-associated ion channel preferentially when it is excessively open, and, most importantly, its off-rate is relatively fast so that it does not substantially accumulate in the channel to interfere with subsequent normal synaptic transmission. Clinical use has corroborated the prediction that memantine is well tolerated. Besides Alzheimer's disease, memantine is currently in trials for additional neurological disorders, including HIV-associated dementia, depression, glaucoma, and severe neuropathic pain. A series of second-generation memantine derivatives are currently in development and may prove to have even greater neuroprotective properties than memantine. These second-generation drugs take advantage of the fact that the NMDA receptor has other modulatory sites in addition to its ion channel that potentially could also be used for safe but effective clinical intervention.\n","denotations":[{"id":"T1","span":{"begin":72,"end":91},"obj":"Material"},{"id":"T2","span":{"begin":109,"end":124},"obj":"Process"},{"id":"T3","span":{"begin":126,"end":146},"obj":"Process"},{"id":"T4","span":{"begin":147,"end":149},"obj":"Process"},{"id":"T5","span":{"begin":469,"end":491},"obj":"Process"},{"id":"T6","span":{"begin":790,"end":810},"obj":"Process"},{"id":"T7","span":{"begin":852,"end":866},"obj":"Process"},{"id":"T8","span":{"begin":875,"end":878},"obj":"Material"},{"id":"T9","span":{"begin":889,"end":908},"obj":"Process"},{"id":"T10","span":{"begin":910,"end":913},"obj":"Process"},{"id":"T11","span":{"begin":923,"end":944},"obj":"Process"},{"id":"T12","span":{"begin":1069,"end":1089},"obj":"Material"},{"id":"T13","span":{"begin":1165,"end":1207},"obj":"Process"},{"id":"T14","span":{"begin":1387,"end":1413},"obj":"Material"},{"id":"T15","span":{"begin":1417,"end":1458},"obj":"Process"},{"id":"T16","span":{"begin":1497,"end":1529},"obj":"Process"},{"id":"T17","span":{"begin":1553,"end":1570},"obj":"Process"},{"id":"T18","span":{"begin":1571,"end":1591},"obj":"Material"},{"id":"T19","span":{"begin":1593,"end":1625},"obj":"Material"},{"id":"T20","span":{"begin":1678,"end":1709},"obj":"Material"},{"id":"T21","span":{"begin":1725,"end":1747},"obj":"Process"},{"id":"T22","span":{"begin":1749,"end":1776},"obj":"Material"},{"id":"T23","span":{"begin":1918,"end":1931},"obj":"Material"},{"id":"T24","span":{"begin":2029,"end":2054},"obj":"Material"},{"id":"T25","span":{"begin":2212,"end":2233},"obj":"Material"},{"id":"T26","span":{"begin":2278,"end":2291},"obj":"Material"},{"id":"T27","span":{"begin":2411,"end":2431},"obj":"Material"},{"id":"T28","span":{"begin":2447,"end":2478},"obj":"Material"},{"id":"T29","span":{"begin":2667,"end":2695},"obj":"Process"},{"id":"T30","span":{"begin":2747,"end":2756},"obj":"Material"},{"id":"T31","span":{"begin":2887,"end":2910},"obj":"Process"},{"id":"T32","span":{"begin":3111,"end":3120},"obj":"Material"},{"id":"T33","span":{"begin":3188,"end":3201},"obj":"Material"},{"id":"T34","span":{"begin":3248,"end":3259},"obj":"Material"},{"id":"T35","span":{"begin":3300,"end":3340},"obj":"Task"}],"relations":[]}