{"text":"Post-Injury Administration of Mitochondrial Uncouplers Increases Tissue Sparing and Improves Behavioral Outcome following Traumatic Brain Injury in Rodents.\nFollowing experimental traumatic brain injury (TBI), a rapid and significant necrosis occurs at the site of injury which coincides with significant mitochondrial dysfunction. The present study is driven by the hypothesis that TBI-induced glutamate release increases mitochondrial Ca(2+)cycling/overload, ultimately leading to mitochondrial dysfunction. Based on this premise, mitochondrial uncoupling during the acute phases of TBI-induced excitotoxicity should reduce mitochondrial Ca(2+) uptake (cycling) and reactive oxygen species (ROS) production since both are mitochondrial membrane potential dependent. In the present study, we utilized a cortical impact model of TBI to assess the potential use of mitochondrial uncouplers (2,4-DNP, FCCP) as a neuroprotective therapy. Young adult male rats were intraperitoneally administered vehicle (DMSO), 2,4-DNP (5 mg/kg), or FCCP (2.5 mg/kg) at 5 min post-injury. All animals treated with the uncouplers demonstrated a significant reduction in the amount of cortical damage and behavioral improvement following TBI. In addition, mitochondria isolated from the injured cortex at 3 or 6 h post-injury demonstrated that treatment with the uncouplers significantly improved several parameters of mitochondrial bioenergetics. These results demonstrate that post-injury treatment with mitochondrial uncouplers significantly (p  less than  0.01) increases cortical tissue sparing ( approximately 12%) and significantly (p less than  0.01) improves behavioral outcome following TBI. The mechanism of neuroprotection most likely involves the maintenance of mitochondrial homeostasis by reducing mitochondrial Ca(2+) loading and subsequent mitochondrial dysfunction. These results further implicate mitochondrial dysfunction as an early event in the pathophysiology of TBI and that targeting acute mitochondrial events can result in long-term neuroprotection and improve behavioral outcome following brain injury.\n","denotations":[{"id":"T1","span":{"begin":30,"end":79},"obj":"Material"},{"id":"T2","span":{"begin":84,"end":144},"obj":"Process"},{"id":"T3","span":{"begin":167,"end":202},"obj":"Process"},{"id":"T4","span":{"begin":204,"end":207},"obj":"Process"},{"id":"T5","span":{"begin":305,"end":330},"obj":"Process"},{"id":"T6","span":{"begin":383,"end":412},"obj":"Process"},{"id":"T7","span":{"begin":533,"end":557},"obj":"Process"},{"id":"T8","span":{"begin":585,"end":611},"obj":"Process"},{"id":"T9","span":{"begin":668,"end":691},"obj":"Material"},{"id":"T10","span":{"begin":693,"end":696},"obj":"Material"},{"id":"T11","span":{"begin":793,"end":828},"obj":"Task"},{"id":"T12","span":{"begin":829,"end":832},"obj":"Material"},{"id":"T13","span":{"begin":864,"end":888},"obj":"Material"},{"id":"T14","span":{"begin":899,"end":903},"obj":"Process"},{"id":"T15","span":{"begin":1002,"end":1006},"obj":"Process"},{"id":"T16","span":{"begin":1031,"end":1035},"obj":"Process"},{"id":"T17","span":{"begin":1125,"end":1179},"obj":"Process"},{"id":"T18","span":{"begin":1217,"end":1220},"obj":"Material"},{"id":"T19","span":{"begin":1398,"end":1425},"obj":"Material"},{"id":"T20","span":{"begin":1485,"end":1509},"obj":"Material"},{"id":"T21","span":{"begin":1555,"end":1578},"obj":"Process"},{"id":"T22","span":{"begin":1685,"end":1713},"obj":"Process"},{"id":"T23","span":{"begin":1783,"end":1824},"obj":"Process"},{"id":"T24","span":{"begin":1836,"end":1861},"obj":"Process"},{"id":"T25","span":{"begin":1895,"end":1920},"obj":"Process"},{"id":"T26","span":{"begin":1965,"end":1968},"obj":"Material"},{"id":"T27","span":{"begin":1978,"end":2014},"obj":"Process"},{"id":"T28","span":{"begin":2029,"end":2054},"obj":"Process"}],"relations":[]}