{"text":"Expression of cytokeratin markers, ER-alpha, PR, HER-2/neu, and EGFR in pure ductal carcinoma in situ (DCIS) and DCIS with co-existing invasive ductal carcinoma (IDC) of the breast.\nPreviously, we showed that pure ductal carcinoma in situ (DCIS) of the breast can be divided into 3 subtypes (luminal, basal/stem, and null) based on the expression of 5 cytokeratin (CK) markers: CK5/6, CK14, CK17 (stem/basal), and CK8, CK18 (luminal). The distributions of CK subtypes were associated with nuclear grade and differential expression of estrogen receptor-alpha (ER-alpha), progesterone receptor (PR), HER-2/neu, and epidermal growth factor receptor (EGFR). In this study, we further explore the expression patterns of CK markers, ER-alpha, PR, HER-2/neu, and EGFR by immunohistochemical (IHC) analysis of 99 cases of pure DCIS and 96 cases of DCIS with co-existing invasive ductal carcinoma (DCIS/IDC). We show that between high-grade DCIS and DCIS/IDC, there are differential expression patterns for ER-alpha, PR, and EGFR in corresponding CK subtypes, suggesting that at least some pure DCIS is molecularly distinct from DCIS/IDC. In most cases there is a high degree of co-expression of these markers between DCIS and the co-existing IDC, suggesting that DCIS is frequently a precursor lesion for co-existing IDC. The rate of discordant expression of these markers is low and is more frequently associated with high-grade carcinoma, suggesting that other molecular pathways also may also be present. There are significant differences in the expression of these molecular markers between high-grade and non-high-grade carcinomas, supporting the view that high-grade and non-high-grade carcinomas of the breast are molecularly distinct entities.\n","denotations":[{"id":"T1","span":{"begin":14,"end":33},"obj":"Material"},{"id":"T2","span":{"begin":35,"end":43},"obj":"Material"},{"id":"T3","span":{"begin":45,"end":47},"obj":"Material"},{"id":"T4","span":{"begin":49,"end":52},"obj":"Material"},{"id":"T5","span":{"begin":64,"end":68},"obj":"Process"},{"id":"T6","span":{"begin":103,"end":107},"obj":"Process"},{"id":"T7","span":{"begin":113,"end":117},"obj":"Material"},{"id":"T8","span":{"begin":144,"end":160},"obj":"Material"},{"id":"T9","span":{"begin":162,"end":165},"obj":"Process"},{"id":"T10","span":{"begin":214,"end":230},"obj":"Material"},{"id":"T11","span":{"begin":240,"end":244},"obj":"Process"},{"id":"T12","span":{"begin":280,"end":290},"obj":"Material"},{"id":"T13","span":{"begin":365,"end":367},"obj":"Process"},{"id":"T14","span":{"begin":385,"end":389},"obj":"Material"},{"id":"T15","span":{"begin":391,"end":395},"obj":"Material"},{"id":"T16","span":{"begin":414,"end":417},"obj":"Material"},{"id":"T17","span":{"begin":419,"end":423},"obj":"Material"},{"id":"T18","span":{"begin":456,"end":467},"obj":"Material"},{"id":"T19","span":{"begin":489,"end":502},"obj":"Process"},{"id":"T20","span":{"begin":534,"end":557},"obj":"Material"},{"id":"T21","span":{"begin":559,"end":561},"obj":"Process"},{"id":"T22","span":{"begin":570,"end":591},"obj":"Material"},{"id":"T23","span":{"begin":593,"end":595},"obj":"Process"},{"id":"T24","span":{"begin":598,"end":601},"obj":"Material"},{"id":"T25","span":{"begin":613,"end":645},"obj":"Process"},{"id":"T26","span":{"begin":647,"end":651},"obj":"Process"},{"id":"T27","span":{"begin":692,"end":725},"obj":"Process"},{"id":"T28","span":{"begin":727,"end":735},"obj":"Material"},{"id":"T29","span":{"begin":737,"end":739},"obj":"Material"},{"id":"T30","span":{"begin":741,"end":744},"obj":"Material"},{"id":"T31","span":{"begin":756,"end":760},"obj":"Process"},{"id":"T32","span":{"begin":785,"end":788},"obj":"Process"},{"id":"T33","span":{"begin":840,"end":844},"obj":"Material"},{"id":"T34","span":{"begin":871,"end":887},"obj":"Material"},{"id":"T35","span":{"begin":889,"end":897},"obj":"Process"},{"id":"T36","span":{"begin":921,"end":936},"obj":"Material"},{"id":"T37","span":{"begin":998,"end":1006},"obj":"Material"},{"id":"T38","span":{"begin":1008,"end":1010},"obj":"Material"},{"id":"T39","span":{"begin":1016,"end":1020},"obj":"Process"},{"id":"T40","span":{"begin":1038,"end":1049},"obj":"Material"},{"id":"T41","span":{"begin":1086,"end":1090},"obj":"Material"},{"id":"T42","span":{"begin":1209,"end":1213},"obj":"Material"},{"id":"T43","span":{"begin":1255,"end":1259},"obj":"Material"},{"id":"T44","span":{"begin":1309,"end":1312},"obj":"Material"},{"id":"T45","span":{"begin":1411,"end":1431},"obj":"Material"}],"relations":[]}