{"text":"Longitudinal evaluation of the Hdh(CAG)150 knock-in murine model of Huntington's disease.\nSeveral murine genetic models of Huntington's disease (HD) have been developed. Murine genetic models are crucial for identifying mechanisms of neurodegeneration in HD and for preclinical evaluation of possible therapies for HD. Longitudinal analysis of mutant phenotypes is necessary to validate models and to identify appropriate periods for analysis of early events in the pathogenesis of neurodegeneration. Here we report longitudinal characterization of the murine Hdh(CAG)150 knock-in model of HD. A series of behavioral tests at five different time points (20, 40, 50, 70, and 100 weeks) demonstrates an age-dependent, late-onset behavioral phenotype with significant motor abnormalities at 70 and 100 weeks of age. Pathological analysis demonstrated loss of striatal dopamine D1 and D2 receptor binding sites at 70 and 100 weeks of age, and stereological analysis showed significant loss of striatal neuron number at 100 weeks. Late-onset behavioral abnormalities, decrease in striatal dopamine receptors, and diminished striatal neuron number observed in this mouse model recapitulate key features of HD. The Hdh(CAG)150 knock-in mouse is a valid model to evaluate early events in the pathogenesis of neurodegeneration in HD.\n","denotations":[{"id":"T1","span":{"begin":0,"end":23},"obj":"Task"},{"id":"T2","span":{"begin":35,"end":38},"obj":"Process"},{"id":"T3","span":{"begin":52,"end":89},"obj":"Process"},{"id":"T4","span":{"begin":98,"end":144},"obj":"Process"},{"id":"T5","span":{"begin":145,"end":147},"obj":"Process"},{"id":"T6","span":{"begin":170,"end":191},"obj":"Process"},{"id":"T7","span":{"begin":208,"end":254},"obj":"Task"},{"id":"T8","span":{"begin":255,"end":257},"obj":"Material"},{"id":"T9","span":{"begin":266,"end":310},"obj":"Task"},{"id":"T10","span":{"begin":315,"end":317},"obj":"Material"},{"id":"T11","span":{"begin":319,"end":361},"obj":"Task"},{"id":"T12","span":{"begin":466,"end":499},"obj":"Process"},{"id":"T13","span":{"begin":564,"end":567},"obj":"Process"},{"id":"T14","span":{"begin":590,"end":592},"obj":"Material"},{"id":"T15","span":{"begin":856,"end":876},"obj":"Material"},{"id":"T16","span":{"begin":881,"end":892},"obj":"Process"},{"id":"T17","span":{"begin":939,"end":961},"obj":"Process"},{"id":"T18","span":{"begin":1075,"end":1102},"obj":"Material"},{"id":"T19","span":{"begin":1200,"end":1202},"obj":"Material"},{"id":"T20","span":{"begin":1212,"end":1215},"obj":"Material"},{"id":"T21","span":{"begin":1284,"end":1323},"obj":"Process"}],"relations":[]}