{"text":"Protective effects of paeonol on cultured rat hippocampal neurons against oxygen-glucose deprivation-induced injury.\nMounting evidence has suggested that paeonol possesses plenty of pharmacologic actions. Our research is to determine if paeonol can protect cultured rat hippocampal neurons from oxygen-glucose deprivation(OGD)-induced injury and elucidate the underlying mechanism. We cultivated the rat hippocampal neurons as the object of study and then established the model of oxygen-glucose deprivation. Neuronal viability was measured by the reduction of 3-(4,5-dimethylthiazol-2-yl)-2, 5-diphenyltetrazolium bromide (MTT), while intracellular Ca(2+) concentration was observed by fluorospectrophotometer. The binding force of N-methyl-D-aspartate (NMDA) receptor was evaluated by liquid scintillation counting. Compared with oxygen-glucose deprivation group, paeonol treatment obviously increased cell survival rate and reduced the activity of the binding force of NMDA receptors, reversing the overload of intracellular Ca(2+). These results demonstrate that paeonol protected rat neurons from oxygen-glucose deprivation-induced injury, resulting in alleviating the morphological damage and increasing neuron viability and suggest that paeonol may exhibit its protective effect against oxygen-glucose deprivation-induced injury by targeting on NMDA receptors.\n","denotations":[{"id":"T1","span":{"begin":0,"end":115},"obj":"Process"},{"id":"T2","span":{"begin":257,"end":321},"obj":"Process"},{"id":"T3","span":{"begin":322,"end":325},"obj":"Process"},{"id":"T4","span":{"begin":360,"end":380},"obj":"Process"},{"id":"T5","span":{"begin":400,"end":423},"obj":"Material"},{"id":"T6","span":{"begin":481,"end":487},"obj":"Material"},{"id":"T7","span":{"begin":488,"end":507},"obj":"Process"},{"id":"T8","span":{"begin":548,"end":563},"obj":"Process"},{"id":"T9","span":{"begin":595,"end":622},"obj":"Material"},{"id":"T10","span":{"begin":624,"end":627},"obj":"Process"},{"id":"T11","span":{"begin":733,"end":753},"obj":"Material"},{"id":"T12","span":{"begin":755,"end":759},"obj":"Process"},{"id":"T13","span":{"begin":787,"end":816},"obj":"Process"},{"id":"T14","span":{"begin":832,"end":838},"obj":"Material"},{"id":"T15","span":{"begin":839,"end":864},"obj":"Process"},{"id":"T16","span":{"begin":972,"end":986},"obj":"Material"},{"id":"T17","span":{"begin":1067,"end":1143},"obj":"Process"},{"id":"T18","span":{"begin":1199,"end":1226},"obj":"Process"},{"id":"T19","span":{"begin":1294,"end":1300},"obj":"Material"},{"id":"T20","span":{"begin":1301,"end":1320},"obj":"Process"},{"id":"T21","span":{"begin":1352,"end":1366},"obj":"Material"}],"relations":[]}