{"text":"Decoding of temporal intervals from cortical ensemble activity.\nNeurophysiological, neuroimaging, and lesion studies point to a highly distributed processing of temporal information by cortico-basal ganglia-thalamic networks. However, there are virtually no experimental data on the encoding of behavioral time by simultaneously recorded cortical ensembles. We predicted temporal intervals from the activity of hundreds of neurons recorded in motor and premotor cortex as rhesus monkeys performed self-timed hand movements. During the delay periods, when animals had to estimate temporal intervals and prepare hand movements, neuronal ensemble activity encoded both the time that elapsed from the previous hand movement and the time until the onset of the next. The neurons that were most informative of these temporal intervals increased or decreased their rates throughout the delay until reaching a threshold value, at which point a movement was initiated. Variability in the self-timed delays was explainable by the variability of neuronal rates, but not of the threshold. In addition to predicting temporal intervals, the same neuronal ensemble activity was informative for generating predictions that dissociated the delay periods of the task from the movement periods. Left hemispheric areas were the best source of predictions in one bilaterally implanted monkey overtrained to perform the task with the right hand. However, after that monkey learned to perform the task with the left hand, its left hemisphere continued and the right hemisphere started contributing to the prediction. We suggest that decoding of temporal intervals from bilaterally recorded cortical ensembles could improve the performance of neural prostheses for restoration of motor function.\n","denotations":[{"id":"T1","span":{"begin":314,"end":356},"obj":"Process"},{"id":"T2","span":{"begin":423,"end":430},"obj":"Material"},{"id":"T3","span":{"begin":443,"end":448},"obj":"Material"},{"id":"T4","span":{"begin":453,"end":468},"obj":"Material"},{"id":"T5","span":{"begin":1610,"end":1685},"obj":"Process"},{"id":"T6","span":{"begin":1692,"end":1770},"obj":"Task"}],"relations":[]}