{"text":"Minocycline and hypothermia for reperfusion injury after focal cerebral ischemia in the rat: effects on BBB breakdown and MMP expression in the acute and subacute phase.\nReperfusion injury is a complication of recanalization therapies after focal cerebral ischemia. The disruption of the blood-brain barrier (BBB) caused by up-regulated metalloproteinases (MMPs) can lead to edema and hemorrhage. Middle cerebral artery occlusion (MCAO=90 min) and reperfusion (R=24 h vs. 5 days) was induced in male Wistar rats. Rats were randomized in four groups: (1) control (C), (2) twice daily minocycline (30 mg/kg bodyweight) every day (M), (3) hypothermia (33 degrees C) for 4 h starting 60 min after occlusion (H), (4) combination of groups 2 and 3 (MH). Serial MRI was performed regarding infarct evolution and BBB disruption, MMP-2 and MMP-9 were assessed by zymography of serum and ischemic brain tissue, and a functional neuroscore was done at 24 h and 5 days. M and H reduced both infarct sizes, volume and signal intensity of BBB breakdown and improved neuroscore at all points in time to the same extent. This was most likely due to inhibition of MMP-2 and MMP-9. The presence of MMP-9 at 24 h or MMP-2 at 5 days in brain tissue correlated with BBB breakdown whereas serum MMP-2- and -9 showed no relationship with BBB breakdown. The combination MH had a small but not significantly additional effect over the single treatments. Minocycline seems to be as neuroprotective as hypothermia in the acute and subacute phase after cerebral ischemia. One essential mechanism is the inhibition of MMPs. The combination therapy is only slightly superior. The net effect of MMPs inhibition up to 5 days after focal cerebral ischemia is still beneficial.\n","denotations":[{"id":"T1","span":{"begin":104,"end":117},"obj":"Material"},{"id":"T2","span":{"begin":122,"end":136},"obj":"Process"},{"id":"T3","span":{"begin":170,"end":188},"obj":"Process"},{"id":"T4","span":{"begin":194,"end":234},"obj":"Process"},{"id":"T5","span":{"begin":288,"end":307},"obj":"Material"},{"id":"T6","span":{"begin":309,"end":312},"obj":"Process"},{"id":"T7","span":{"begin":431,"end":442},"obj":"Material"},{"id":"T8","span":{"begin":461,"end":465},"obj":"Process"},{"id":"T9","span":{"begin":563,"end":564},"obj":"Process"},{"id":"T10","span":{"begin":628,"end":629},"obj":"Process"},{"id":"T11","span":{"begin":632,"end":664},"obj":"Process"},{"id":"T12","span":{"begin":704,"end":705},"obj":"Process"},{"id":"T13","span":{"begin":708,"end":737},"obj":"Process"},{"id":"T14","span":{"begin":743,"end":745},"obj":"Process"},{"id":"T15","span":{"begin":748,"end":758},"obj":"Process"},{"id":"T16","span":{"begin":805,"end":819},"obj":"Process"},{"id":"T17","span":{"begin":821,"end":826},"obj":"Material"},{"id":"T18","span":{"begin":1025,"end":1038},"obj":"Material"},{"id":"T19","span":{"begin":1147,"end":1152},"obj":"Material"},{"id":"T20","span":{"begin":1157,"end":1162},"obj":"Material"},{"id":"T21","span":{"begin":1180,"end":1183},"obj":"Material"},{"id":"T22","span":{"begin":1197,"end":1200},"obj":"Material"},{"id":"T23","span":{"begin":1245,"end":1266},"obj":"Material"},{"id":"T24","span":{"begin":1315,"end":1328},"obj":"Material"},{"id":"T25","span":{"begin":1504,"end":1518},"obj":"Process"},{"id":"T26","span":{"begin":1589,"end":1593},"obj":"Material"},{"id":"T27","span":{"begin":1664,"end":1679},"obj":"Process"}],"relations":[]}