{"text":"Sedimentation studies on human amylin fail to detect low-molecular-weight oligomers.\nSedimentation velocity experiments show that only monomers coexist with amyloid fibrils of human islet amyloid-polypeptide. No oligomers containing  less than 100 monomers could be detected, suggesting that the putative toxic oligomers are much larger than those found for the Alzheimer's peptide, Abeta(1-42).\n","denotations":[{"id":"T1","span":{"begin":0,"end":21},"obj":"Task"},{"id":"T2","span":{"begin":53,"end":83},"obj":"Material"},{"id":"T3","span":{"begin":157,"end":172},"obj":"Material"},{"id":"T4","span":{"begin":176,"end":207},"obj":"Material"},{"id":"T5","span":{"begin":296,"end":320},"obj":"Process"},{"id":"T6","span":{"begin":362,"end":382},"obj":"Material"}],"relations":[]}