{"text":"A Drosophila model for LRRK2-linked parkinsonism.\nMutations in the leucine-rich repeat kinase (LRRK2) gene cause late-onset autosomal dominant Parkinson's disease (PD) with pleiomorphic pathology. Previously, we and others found that expression of mutant LRRK2 causes neuronal degeneration in cell culture. Here we used the GAL4/UAS system to generate transgenic Drosophila expressing either wild-type human LRRK2 or LRRK2-G2019S, the most common mutation associated with PD. Expression of either wild-type human LRRK2 or LRRK2-G2019S in the photoreceptor cells caused retinal degeneration. Expression of LRRK2 or LRRK2-G2019S in neurons produced adult-onset selective loss of dopaminergic neurons, locomotor dysfunction, and early mortality. Expression of mutant G2019S-LRRK2 caused a more severe parkinsonism-like phenotype than expression of equivalent levels of wild-type LRRK2. Treatment with l-DOPA improved mutant LRRK2-induced locomotor impairment but did not prevent the loss of tyrosine hydroxylase-positive neurons. To our knowledge, this is the first in vivo'gain-of-function' model which recapitulates several key features of LRRK2-linked human parkinsonism. These flies may provide a useful model for studying LRRK2-linked pathogenesis and for future therapeutic screens for PD intervention.\n","denotations":[{"id":"T1","span":{"begin":2,"end":48},"obj":"Task"},{"id":"T2","span":{"begin":95,"end":100},"obj":"Process"},{"id":"T3","span":{"begin":164,"end":166},"obj":"Process"},{"id":"T4","span":{"begin":173,"end":195},"obj":"Process"},{"id":"T5","span":{"begin":248,"end":260},"obj":"Material"},{"id":"T6","span":{"begin":324,"end":339},"obj":"Process"},{"id":"T7","span":{"begin":343,"end":413},"obj":"Material"},{"id":"T8","span":{"begin":417,"end":429},"obj":"Material"},{"id":"T9","span":{"begin":472,"end":474},"obj":"Material"},{"id":"T10","span":{"begin":497,"end":518},"obj":"Material"},{"id":"T11","span":{"begin":522,"end":534},"obj":"Material"},{"id":"T12","span":{"begin":542,"end":561},"obj":"Material"},{"id":"T13","span":{"begin":605,"end":610},"obj":"Material"},{"id":"T14","span":{"begin":614,"end":626},"obj":"Material"},{"id":"T15","span":{"begin":677,"end":697},"obj":"Material"},{"id":"T16","span":{"begin":699,"end":720},"obj":"Process"},{"id":"T17","span":{"begin":898,"end":926},"obj":"Material"},{"id":"T18","span":{"begin":988,"end":1025},"obj":"Material"},{"id":"T19","span":{"begin":1139,"end":1170},"obj":"Material"},{"id":"T20","span":{"begin":1215,"end":1284},"obj":"Task"},{"id":"T21","span":{"begin":1289,"end":1304},"obj":"Material"}],"relations":[]}