{"text":"Evolution of post-traumatic neurodegeneration after controlled cortical impact traumatic brain injury in mice and rats as assessed by the de Olmos silver and fluorojade staining methods.\nThis report documents an analysis of post-traumatic neurodegeneration during the first 7 days after controlled cortical impact (CCI) traumatic brain injury (TBI) in mice and rats using the de Olmos aminocupric silver staining method, which selectively stains degenerating axons and nerve terminals, compared to the fluorojade method, which stains degenerating neuronal cell bodies. A progressive increase in cortical, hippocampal, and thalamic degeneration was observed over the first 48 h after injury in both species. Approximately 50% of the ipsilateral cortical volume was stained at 48 h. Similarly, the dorsal hippocampus showed widespread degeneration in all of the subfields. This included CA1, CA3, CA4, and dentate cell bodies revealed by fluorojade together with a high degree of axonal degeneration in areas carrying afferent and efferent hippocampal projections that is identified by silver staining. These results show that previous CCI studies which have relied on conventional histological methods that show cell body staining alone have underestimated the degree of axonal damage associated with the CCI-TBI model. In order to capture the full extent of the injury to both axons and cell bodies, the combination of silver staining and fluorojade staining is needed, respectively. Future studies of potential neuroprotective agents should probably not rely on the measure of cortical lesion volume or volume of spared cortical tissue using conventional histological stains alone, since these fail to identify the complete extent of the posttraumatic neuropathology that some agents which reduce cortical lesion volume may not be able to effect.\n","denotations":[{"id":"T1","span":{"begin":0,"end":45},"obj":"Process"},{"id":"T2","span":{"begin":158,"end":185},"obj":"Process"},{"id":"T3","span":{"begin":224,"end":256},"obj":"Process"},{"id":"T4","span":{"begin":315,"end":318},"obj":"Process"},{"id":"T5","span":{"begin":320,"end":342},"obj":"Process"},{"id":"T6","span":{"begin":344,"end":347},"obj":"Process"},{"id":"T7","span":{"begin":376,"end":419},"obj":"Process"},{"id":"T8","span":{"begin":502,"end":519},"obj":"Process"},{"id":"T9","span":{"begin":527,"end":567},"obj":"Process"},{"id":"T10","span":{"begin":622,"end":643},"obj":"Process"},{"id":"T11","span":{"begin":885,"end":888},"obj":"Material"},{"id":"T12","span":{"begin":890,"end":893},"obj":"Material"},{"id":"T13","span":{"begin":895,"end":898},"obj":"Material"},{"id":"T14","span":{"begin":1084,"end":1099},"obj":"Process"},{"id":"T15","span":{"begin":1167,"end":1200},"obj":"Process"},{"id":"T16","span":{"begin":1304,"end":1317},"obj":"Process"},{"id":"T17","span":{"begin":1419,"end":1434},"obj":"Process"},{"id":"T18","span":{"begin":1439,"end":1458},"obj":"Process"},{"id":"T19","span":{"begin":1578,"end":1600},"obj":"Process"},{"id":"T20","span":{"begin":1643,"end":1675},"obj":"Process"},{"id":"T21","span":{"begin":1798,"end":1820},"obj":"Process"}],"relations":[]}