{"text":"Changes in corticospinal excitability and the direction of evoked movements during motor preparation: a TMS study.\nPreparation of the direction of a forthcoming movement has a particularly strong influence on both reaction times and neuronal activity in the primate motor cortex. Here, we aimed to find direct neurophysiologic evidence for the preparation of movement direction in humans. We used single-pulse transcranial magnetic stimulation (TMS) to evoke isolated thumb-movements, of which the direction can be modulated experimentally, for example by training or by motor tasks. Sixteen healthy subjects performed brisk concentric voluntary thumb movements during a reaction time task in which the required movement direction was precued. We assessed whether preparation for the thumb movement lead to changes in the direction of TMS-evoked movements and to changes in amplitudes of motor-evoked potentials (MEPs) from the hand muscles. When the required movement direction was precued early in the preparatory interval, reaction times were 50 ms faster than when precued at the end of the preparatory interval. Over time, the direction of the TMS-evoked thumb movements became increasingly variable, but it did not turn towards the precued direction. MEPs from the thumb muscle (agonist) were differentially modulated by the direction of the precue, but only in the late phase of the preparatory interval and thereafter. MEPs from the index finger muscle did not depend on the precued direction and progressively decreased during the preparatory interval. Our data show that the human corticospinal movement representation undergoes progressive changes during motor preparation. These changes are accompanied by inhibitory changes in corticospinal excitability, which are muscle specific and depend on the prepared movement direction. This inhibition might indicate a corticospinal braking mechanism that counteracts any preparatory motor activation.\n","denotations":[{"id":"T1","span":{"begin":83,"end":100},"obj":"Process"},{"id":"T2","span":{"begin":104,"end":107},"obj":"Material"},{"id":"T3","span":{"begin":344,"end":377},"obj":"Process"},{"id":"T4","span":{"begin":397,"end":443},"obj":"Process"},{"id":"T5","span":{"begin":445,"end":448},"obj":"Process"},{"id":"T6","span":{"begin":556,"end":582},"obj":"Process"},{"id":"T7","span":{"begin":584,"end":661},"obj":"Material"},{"id":"T8","span":{"begin":671,"end":689},"obj":"Process"},{"id":"T9","span":{"begin":835,"end":855},"obj":"Material"},{"id":"T10","span":{"begin":888,"end":911},"obj":"Material"},{"id":"T11","span":{"begin":913,"end":917},"obj":"Material"},{"id":"T12","span":{"begin":1149,"end":1175},"obj":"Material"},{"id":"T13","span":{"begin":1666,"end":1683},"obj":"Process"},{"id":"T14","span":{"begin":1874,"end":1905},"obj":"Process"}],"relations":[]}