{"text":"Novel roles for MLH3 deficiency and TLE6-like amplification in DNA mismatch repair-deficient gastrointestinal tumorigenesis and progression.\nDNA mismatch repair suppresses gastrointestinal tumorgenesis. Four mammalian E. coli MutL homologues heterodimerize to form three distinct complexes: MLH1/PMS2, MLH1/MLH3, and MLH1/PMS1. To understand the mechanistic contributions of MLH3 and PMS2 in gastrointestinal tumor suppression, we generated Mlh3(-/-);Apc(1638N) and Mlh3(-/-);Pms2(-/-);Apc(1638N) (MPA) mice. Mlh3 nullizygosity significantly increased Apc frameshift mutations and tumor multiplicity. Combined Mlh3;Pms2 nullizygosity further increased Apc base-substitution mutations. The spectrum of MPA tumor mutations was distinct from that observed in Mlh1(-/-);Apc(1638N) mice, implicating the first potential role for MLH1/PMS1 in tumor suppression. Because Mlh3;Pms2 deficiency also increased gastrointestinal tumor progression, we used array-CGH to identify a recurrent tumor amplicon. This amplicon contained a previously uncharacterized Transducin enhancer of Split (Tle) family gene, Tle6-like. Expression of Tle6-like, or the similar human TLE6D splice isoform in colon cancer cells increased cell proliferation, colony-formation, cell migration, and xenograft tumorgenicity. Tle6-like;TLE6D directly interact with the gastrointestinal tumor suppressor RUNX3 and antagonize RUNX3 target transactivation. TLE6D is recurrently overexpressed in human colorectal cancers and TLE6D expression correlates with RUNX3 expression. Collectively, these findings provide important insights into the molecular mechanisms of individual MutL homologue tumor suppression and demonstrate an association between TLE mediated antagonism of RUNX3 and accelerated human colorectal cancer progression.\n","denotations":[{"id":"T1","span":{"begin":0,"end":11},"obj":"Material"},{"id":"T2","span":{"begin":16,"end":31},"obj":"Material"},{"id":"T3","span":{"begin":36,"end":123},"obj":"Process"},{"id":"T4","span":{"begin":141,"end":201},"obj":"Process"},{"id":"T5","span":{"begin":317,"end":326},"obj":"Process"},{"id":"T6","span":{"begin":331,"end":426},"obj":"Task"},{"id":"T7","span":{"begin":498,"end":501},"obj":"Process"},{"id":"T8","span":{"begin":552,"end":576},"obj":"Process"},{"id":"T9","span":{"begin":652,"end":683},"obj":"Process"},{"id":"T10","span":{"begin":701,"end":720},"obj":"Material"},{"id":"T11","span":{"begin":837,"end":854},"obj":"Task"},{"id":"T12","span":{"begin":900,"end":934},"obj":"Process"},{"id":"T13","span":{"begin":944,"end":953},"obj":"Material"},{"id":"T14","span":{"begin":978,"end":992},"obj":"Material"},{"id":"T15","span":{"begin":1152,"end":1172},"obj":"Process"},{"id":"T16","span":{"begin":1176,"end":1194},"obj":"Material"},{"id":"T17","span":{"begin":1205,"end":1223},"obj":"Process"},{"id":"T18","span":{"begin":1225,"end":1241},"obj":"Process"},{"id":"T19","span":{"begin":1243,"end":1257},"obj":"Task"},{"id":"T20","span":{"begin":1331,"end":1370},"obj":"Material"},{"id":"T21","span":{"begin":1386,"end":1414},"obj":"Process"},{"id":"T22","span":{"begin":1416,"end":1421},"obj":"Process"},{"id":"T23","span":{"begin":1483,"end":1510},"obj":"Process"},{"id":"T24","span":{"begin":1516,"end":1532},"obj":"Process"},{"id":"T25","span":{"begin":1599,"end":1619},"obj":"Process"},{"id":"T26","span":{"begin":1634,"end":1667},"obj":"Material"},{"id":"T27","span":{"begin":1706,"end":1709},"obj":"Material"},{"id":"T28","span":{"begin":1710,"end":1790},"obj":"Task"}],"relations":[]}