{"text":"Amyloid-beta protein dimers isolated directly from Alzheimer's brains impair synaptic plasticity and memory.\nAlzheimer's disease constitutes a rising threat to public health. Despite extensive research in cellular and animal models, identifying the pathogenic agent present in the human brain and showing that it confers key features of Alzheimer's disease has not been achieved. We extracted soluble amyloid-beta protein (Abeta) oligomers directly from the cerebral cortex of subjects with Alzheimer's disease. The oligomers potently inhibited long-term potentiation (LTP), enhanced long-term depression (LTD) and reduced dendritic spine density in normal rodent hippocampus. Soluble Abeta from Alzheimer's disease brain also disrupted the memory of a learned behavior in normal rats. These various effects were specifically attributable to Abeta dimers. Mechanistically, metabotropic glutamate receptors were required for the LTD enhancement, and N-methyl D-aspartate receptors were required for the spine loss. Co-administering antibodies to the Abeta N-terminus prevented the LTP and LTD deficits, whereas antibodies to the midregion or C-terminus were less effective. Insoluble amyloid plaque cores from Alzheimer's disease cortex did not impair LTP unless they were first solubilized to release Abeta dimers, suggesting that plaque cores are largely inactive but sequester Abeta dimers that are synaptotoxic. We conclude that soluble Abeta oligomers extracted from Alzheimer's disease brains potently impair synapse structure and function and that dimers are the smallest synaptotoxic species.\n","denotations":[{"id":"T1","span":{"begin":0,"end":27},"obj":"Material"},{"id":"T2","span":{"begin":51,"end":70},"obj":"Material"},{"id":"T3","span":{"begin":77,"end":96},"obj":"Process"},{"id":"T4","span":{"begin":393,"end":421},"obj":"Material"},{"id":"T5","span":{"begin":491,"end":511},"obj":"Material"},{"id":"T6","span":{"begin":545,"end":567},"obj":"Process"},{"id":"T7","span":{"begin":569,"end":572},"obj":"Process"},{"id":"T8","span":{"begin":584,"end":604},"obj":"Process"},{"id":"T9","span":{"begin":606,"end":609},"obj":"Process"},{"id":"T10","span":{"begin":615,"end":638},"obj":"Material"},{"id":"T11","span":{"begin":696,"end":722},"obj":"Material"},{"id":"T12","span":{"begin":842,"end":854},"obj":"Material"},{"id":"T13","span":{"begin":873,"end":905},"obj":"Material"},{"id":"T14","span":{"begin":928,"end":943},"obj":"Process"},{"id":"T15","span":{"begin":949,"end":979},"obj":"Material"},{"id":"T16","span":{"begin":1080,"end":1083},"obj":"Process"},{"id":"T17","span":{"begin":1088,"end":1100},"obj":"Material"},{"id":"T18","span":{"begin":1251,"end":1254},"obj":"Process"},{"id":"T19","span":{"begin":1301,"end":1313},"obj":"Material"},{"id":"T20","span":{"begin":1331,"end":1343},"obj":"Material"},{"id":"T21","span":{"begin":1432,"end":1455},"obj":"Material"}],"relations":[]}