{"text":"Melatonin decreases matrix metalloproteinase-9 activation and expression and attenuates reperfusion-induced hemorrhage following transient focal cerebral ischemia in rats.\nWe have previously shown that melatonin reduces postischemic rises in the blood-brain barrier (BBB) permeability and improves neurovascular dysfunction and hemorrhagic transformation following ischemic stroke. It is known that activation of the matrix metalloproteinases (MMPs) plays a crucial role in the pathogenesis of brain edema and hemorrhagic transformation after ischemic stroke. We, herein, investigated whether melatonin would ameliorate MMP-2 and MMP-9 activation and expression in a rat model of transient focal cerebral ischemia. Adult male Sprague-Dawley rats were subjected to a 90-min middle cerebral artery (MCA) occlusion using an intraluminal filament. Melatonin (5 mg/kg) or vehicle was intravenously injected upon reperfusion. Brain infarction and hemorrhage within infarcts were measured, and neurological deficits were scored. The activity and expression of MMP-2 and MMP-9 were determined by zymography, in situ zymography and Western immunoblot analysis. Cerebral ischemia-reperfusion induced increased pro-MMP-9 and MMP-9 activity and expression 24 hr after reperfusion onset. Relative to controls, melatonin-treated animals, however, had significantly reduced levels in the MMP-9 activity and expression (P  less than  0.01), in addition to reduced brain infarct volume and hemorrhagic transformation as well as improved sensorimotor neurobehavioral outcomes. No significant change in MMP-2 activity was observed throughout the course experiments. Our results indicate that the melatonin-mediated reductions in ischemic brain damage and reperfusion-induced hemorrhage are partly attributed to its ability to reduce postischemic MMP-9 activation and increased expression, and further support the fact that melatonin is a suitable as an add-on to thrombolytic therapy for ischemic stroke patients.\n","denotations":[{"id":"T1","span":{"begin":0,"end":9},"obj":"Material"},{"id":"T2","span":{"begin":246,"end":265},"obj":"Material"},{"id":"T3","span":{"begin":267,"end":270},"obj":"Process"},{"id":"T4","span":{"begin":417,"end":442},"obj":"Material"},{"id":"T5","span":{"begin":444,"end":448},"obj":"Material"},{"id":"T6","span":{"begin":510,"end":536},"obj":"Process"},{"id":"T7","span":{"begin":620,"end":713},"obj":"Task"},{"id":"T8","span":{"begin":797,"end":800},"obj":"Process"},{"id":"T9","span":{"begin":920,"end":936},"obj":"Process"},{"id":"T10","span":{"begin":1053,"end":1058},"obj":"Material"},{"id":"T11","span":{"begin":1088,"end":1098},"obj":"Process"},{"id":"T12","span":{"begin":1123,"end":1150},"obj":"Process"},{"id":"T13","span":{"begin":1152,"end":1207},"obj":"Process"},{"id":"T14","span":{"begin":1297,"end":1322},"obj":"Material"},{"id":"T15","span":{"begin":1473,"end":1499},"obj":"Process"},{"id":"T16","span":{"begin":1520,"end":1557},"obj":"Material"},{"id":"T17","span":{"begin":1677,"end":1731},"obj":"Process"},{"id":"T18","span":{"begin":1807,"end":1868},"obj":"Task"}],"relations":[]}