{"text":"Neuroendocrine ductal carcinoma in situ (NE-DCIS) of the breast--comparative clinicopathological study of 20 NE-DCIS cases and 274 non-NE-DCIS cases.\nKawasaki T, Nakamura S, Sakamoto G, Murata S, Tsunoda-shimizu H, Suzuki K, Takahashi O, Nakazawa T, Kondo T and Katoh R (2008) Histopathology53, 288-298Neuroendocrine ductal carcinoma in situ (NE-DCIS) of the breast - comparative clinicopathological study of 20 NE-DCIS cases and 274 non-NE-DCIS cases Aims: To clarify the clinicopathological significance of breast neuroendocrine ductal carcinoma in situ (NE-DCIS), i.e. DCIS in which  greater than 50% of cells immunohistochemically express NE markers (chromogranin A and/or synaptophysin), 20 NE-DCIS were studied and the findings compared with those of 274 non-NE-DCIS. NE-DCIS accounted for 6.8% of all DCIS. Mean patient age was 50.4 years for NE-DCIS and 49.6 years for non-NE-DCIS (P = 0.66). The main clinical presentation of NE-DCIS was a bloody nipple discharge, seen in 72%, significantly different from the 5% in non-NE-DCIS cases (P  less than  0.01). Carcinoma was preoperatively diagnosed in 67% of NE-DCIS and 95% of non-NE-DCIS cases (P  less than  0.01). NE-DCIS was histologically characterized by a predominantly solid growth of cancer cells with fine-granular cytoplasm and ovoid, or occasionally spindle-shaped nuclei. A well-developed vascular network was also common. Nuclear grades and Van Nuys classification were significantly lower for NE-DCIS than for non-NE-DCIS (P  less than  0.01). The mean MIB-1 labelling index was 4.3% in NE-DCIS and 8.1% in non-NE-DCIS (P  less than  0.01). Furthermore, NE-DCIS cases had significantly higher oestrogen and progesterone receptor and lower HER2 scores than non-NE-DCIS cases (P  less than  0.01). NE-DCIS has characteristic clinicopathological features and can, therefore, be regarded as a distinct variant of DCIS.\n","denotations":[{"id":"T1","span":{"begin":0,"end":31},"obj":"Material"},{"id":"T2","span":{"begin":41,"end":48},"obj":"Material"},{"id":"T3","span":{"begin":135,"end":148},"obj":"Material"},{"id":"T4","span":{"begin":162,"end":172},"obj":"Material"},{"id":"T5","span":{"begin":186,"end":194},"obj":"Material"},{"id":"T6","span":{"begin":196,"end":213},"obj":"Process"},{"id":"T7","span":{"begin":295,"end":333},"obj":"Material"},{"id":"T8","span":{"begin":343,"end":350},"obj":"Material"},{"id":"T9","span":{"begin":509,"end":547},"obj":"Material"},{"id":"T10","span":{"begin":557,"end":564},"obj":"Material"},{"id":"T11","span":{"begin":572,"end":576},"obj":"Process"},{"id":"T12","span":{"begin":607,"end":612},"obj":"Material"},{"id":"T13","span":{"begin":643,"end":653},"obj":"Material"},{"id":"T14","span":{"begin":693,"end":703},"obj":"Material"},{"id":"T15","span":{"begin":774,"end":781},"obj":"Material"},{"id":"T16","span":{"begin":808,"end":812},"obj":"Process"},{"id":"T17","span":{"begin":850,"end":857},"obj":"Material"},{"id":"T18","span":{"begin":877,"end":888},"obj":"Material"},{"id":"T19","span":{"begin":935,"end":942},"obj":"Material"},{"id":"T20","span":{"begin":1026,"end":1043},"obj":"Material"},{"id":"T21","span":{"begin":1115,"end":1122},"obj":"Material"},{"id":"T22","span":{"begin":1134,"end":1151},"obj":"Material"},{"id":"T23","span":{"begin":1174,"end":1181},"obj":"Material"},{"id":"T24","span":{"begin":1250,"end":1262},"obj":"Material"},{"id":"T25","span":{"begin":1268,"end":1291},"obj":"Material"},{"id":"T26","span":{"begin":1306,"end":1340},"obj":"Material"},{"id":"T27","span":{"begin":1342,"end":1375},"obj":"Material"},{"id":"T28","span":{"begin":1412,"end":1435},"obj":"Material"},{"id":"T29","span":{"begin":1465,"end":1472},"obj":"Material"},{"id":"T30","span":{"begin":1482,"end":1493},"obj":"Material"},{"id":"T31","span":{"begin":1559,"end":1566},"obj":"Material"},{"id":"T32","span":{"begin":1579,"end":1590},"obj":"Material"},{"id":"T33","span":{"begin":1626,"end":1639},"obj":"Material"},{"id":"T34","span":{"begin":1679,"end":1722},"obj":"Material"},{"id":"T35","span":{"begin":1728,"end":1745},"obj":"Material"},{"id":"T36","span":{"begin":1768,"end":1775},"obj":"Material"},{"id":"T37","span":{"begin":1881,"end":1885},"obj":"Material"}],"relations":[]}