{"text":"Comedo-ductal carcinoma in situ: A paradoxical role for programmed cell death.\nComedo-DCIS is a histologic subtype of preinvasive breast neoplasia that is characterized by prominent apoptotic cell death and has greater malignant potential than other DCIS subtypes. We investigated the mechanisms of apoptosis in comedo-DCIS and its role in conversion of comedo-DCIS to invasive cancer. Clinical comedo-DCIS excisions and the MCF10DCIS.com human breast cancer model which produces lesions resembling comedo-DCIS were analyzed. Apoptotic luminal and myoepithelial cells were identified by TUNEL and reactivity to cleaved PARP antibody and cell death assessed by Western blotting, Mitocapture and immunohistochemical assays. MCF10DCIS.com cells undergo spontaneous apoptosis in vitro, both in monolayers and multicellular spheroids; it is associated with increased mitochondrial membrane permeability, increase in Bax/Bcl-2 ratio and occurs via caspase-9-dependent p53-independent pathway. This suggests that apoptosis is stromal-independent and that the cells are programmed to undergo apoptosis. Immunostaining with cleaved PARP antibody showed that myoepithelial apoptosis occurs before lesions progress to comedo-DCIS in both clinical comedo-DCIS and in vivo MCF10DCIS.com lesions. Intense staining for MMP-2, MMP-3, MMP-9 and MMP-11 was observed in the stroma and epithelia of solid DCIS lesions prior to conversion to comedo-DCIS in clinical and MCF10DCIS.com lesions. Gelatin zymography showed higher MMP-2 levels in lysates and conditioned media of MCF10DCIS. com cells undergoing apoptosis. These data suggest that signals arising from the outside (microenvironmental) and inside (internal genetic alterations) of the duct act in concert to trigger apoptosis of myoepithelial and luminal epithelial cells. Our findings implicate spontaneous apoptosis in both the etiology and progression of comedo-DCIS. It is possible that spontaneous apoptosis facilitates elimination of cells thus permitting expansion and malignant transformation of cancer cells that are resistant to spontaneous apoptosis.\n","denotations":[{"id":"T1","span":{"begin":0,"end":23},"obj":"Material"},{"id":"T2","span":{"begin":79,"end":90},"obj":"Process"},{"id":"T3","span":{"begin":250,"end":263},"obj":"Material"},{"id":"T4","span":{"begin":312,"end":323},"obj":"Material"},{"id":"T5","span":{"begin":386,"end":416},"obj":"Process"},{"id":"T6","span":{"begin":425,"end":524},"obj":"Task"},{"id":"T7","span":{"begin":548,"end":567},"obj":"Material"},{"id":"T8","span":{"begin":619,"end":632},"obj":"Material"},{"id":"T9","span":{"begin":660,"end":676},"obj":"Process"},{"id":"T10","span":{"begin":722,"end":741},"obj":"Material"},{"id":"T11","span":{"begin":750,"end":771},"obj":"Process"},{"id":"T12","span":{"begin":805,"end":828},"obj":"Process"},{"id":"T13","span":{"begin":862,"end":897},"obj":"Process"},{"id":"T14","span":{"begin":1052,"end":1057},"obj":"Material"},{"id":"T15","span":{"begin":1123,"end":1136},"obj":"Material"},{"id":"T16","span":{"begin":1214,"end":1218},"obj":"Material"},{"id":"T17","span":{"begin":1243,"end":1281},"obj":"Process"},{"id":"T18","span":{"begin":1304,"end":1309},"obj":"Material"},{"id":"T19","span":{"begin":1311,"end":1316},"obj":"Material"},{"id":"T20","span":{"begin":1318,"end":1323},"obj":"Material"},{"id":"T21","span":{"begin":1328,"end":1331},"obj":"Material"},{"id":"T22","span":{"begin":1379,"end":1397},"obj":"Material"},{"id":"T23","span":{"begin":1421,"end":1470},"obj":"Task"},{"id":"T24","span":{"begin":1554,"end":1563},"obj":"Material"},{"id":"T25","span":{"begin":1687,"end":1715},"obj":"Process"},{"id":"T26","span":{"begin":1747,"end":1810},"obj":"Task"},{"id":"T27","span":{"begin":1930,"end":2010},"obj":"Process"},{"id":"T28","span":{"begin":2015,"end":2055},"obj":"Task"}],"relations":[]}