{"text":"Therapeutically relevant plasma concentrations of memantine produce significant L-N-methyl-D-aspartate receptor occupation and do not impair learning in rats.\nSubchronic treatment with memantine using osmotic pumps in male rats was used to verify whether plasma levels significantly blocking L-N-methyl-D-aspartate (NMDA) receptors (and shown previously to be neuroprotective) may impair learning. Treatment with 6.27, 12.5 and 18.8 mg/rat/day provided plasma levels of 1.03+/-0.08, 5.07+/-0.68 and 11.68+/-0.90 micromol/l. Only the lowest plasma level is therapeutically relevant and has previously been shown to be neuroprotective. Significant deficits in a passive avoidance task were only observed at the highest dose. Working memory, tested as spontaneous alternation in the cross maze, was impaired by the middle and highest doses, and these doses also induced hyperlocomotion. Microdialysis experiments with in-vivo recovery (27.4%) showed that infusion of memantine at 6.27 mg/rat/day (ca. 23 mg/kg/day) produced a concentration of 990+/-105 nmol/l in extracellular fluid. In-vivo NMDA receptor occupancy experiments demonstrated significant, dose-dependent receptor occupancy of 32.7 and 65.7% by memantine at the doses producing 1 and 5 micromol/l plasma levels, respectively. Moreover, acute administration (2.5 mg/kg intraperitoneally) of memantine to mature female rats produced approximately two-fold higher plasma levels than in young male rats. In conclusion, a dose of memantine which produces a plasma level (1 micromol/l) within the therapeutic range, reported previously to be neuroprotective, leads to intracellular brain levels similar to the affinity of memantine for NMDA receptors (receptor binding, patch clamp). This has been also extended by the experiments showing that at this plasma concentration, memantine occupies ca. 30% NMDA receptors in the brain and produces no cognitive impairment.\n","denotations":[{"id":"T1","span":{"begin":50,"end":122},"obj":"Material"},{"id":"T2","span":{"begin":185,"end":194},"obj":"Material"},{"id":"T3","span":{"begin":240,"end":268},"obj":"Task"},{"id":"T4","span":{"begin":292,"end":314},"obj":"Material"},{"id":"T5","span":{"begin":316,"end":320},"obj":"Process"},{"id":"T6","span":{"begin":483,"end":522},"obj":"Material"},{"id":"T7","span":{"begin":749,"end":772},"obj":"Process"},{"id":"T8","span":{"begin":859,"end":932},"obj":"Process"},{"id":"T9","span":{"begin":952,"end":973},"obj":"Process"},{"id":"T10","span":{"begin":1040,"end":1056},"obj":"Material"},{"id":"T11","span":{"begin":1060,"end":1079},"obj":"Material"},{"id":"T12","span":{"begin":1297,"end":1317},"obj":"Process"},{"id":"T13","span":{"begin":1486,"end":1495},"obj":"Material"},{"id":"T14","span":{"begin":1513,"end":1540},"obj":"Material"},{"id":"T15","span":{"begin":1691,"end":1705},"obj":"Material"},{"id":"T16","span":{"begin":1707,"end":1723},"obj":"Process"},{"id":"T17","span":{"begin":1856,"end":1870},"obj":"Material"}],"relations":[]}