{"text":"Proteolytic activity during cortical development is distinct from that involved in hypoxic ischemic injury.\nMatrix metalloproteinases (MMPs) are a family of zinc-dependent endopeptidases involved in brain development and the etiology of adult cerebral injuries. In this study, we determined the MMP-2 and 9 responses following hypoxic ischemia (HI) injury in the developing brain. First, we characterized the developmental changes of MMP activity in the rat brain from embryonic day 18 (E18) to postnatal day 120 (P120). MMP-2 activity was high from E18 to P3 and decreased with age (P less than  or =0.001), while MMP-9 activity was not detectable. MMP-2 immunoreactivity was closely associated with differentiating cortical plate and subplate neurons. Next, we characterized the proteolytic changes after unilateral HI brain injury in 3- (P3) and 21- (P21) day-old rats. Zymography revealed that in the P21 rat brain, MMP-9 activity (150 and 92 kDa forms) was increased at 6 h and remained elevated 24 h post-injury in the ipsilateral injured hemisphere (P less than  or =0.001), whereas there was a gradual increase in MMP-2 (65 kDa) activity, reaching a peak at 5 days (P less than  or =0.001). Similarly, quantitative real time polymerase chain reaction (qRT-PCR) indicated significant elevations in MMP-9 and MMP-2 mRNA expression in the injured cortex (P less than  or =0.05) and hippocampus (P less than  or =0.05) at 1 and 5 days post-injury, respectively in the P21 rat brain. In the P3 rat brain, zymography results revealed that both pro (92 kDa) and cleaved (87 kDa) MMP-9 activities were upregulated in the ipsilateral injured hemisphere from 6 h to 1 day after injury (P less than  or =0.001). In contrast, cleaved MMP-2 (60 kDa) was only moderately upregulated at 6 h (P less than  or =0.01), while pro MMP-2 (65 kDa) levels were unaffected. MMP-9 mRNA expression was also increased at 6 h (P less than  or =0.05) following injury at P3, whereas MMP-2 expression remained unchanged compared with the uninjured contralateral hemisphere. Immunohistochemistry indicated that MMP-9 protein expression was localized predominantly to neurons and peri-vascular astrocytes in the affected regions at early time points, whereas MMP-2 was present on reactive astrocytes surrounding the infarct at later time points. Together, these results indicate that MMP-2 may be primarily associated with the development and differentiation of cortical plate neurons and wound recovery processes. Conversely, MMP-9 appeared to be associated with more acute processes during the period of lesion development.\n","denotations":[{"id":"T1","span":{"begin":28,"end":48},"obj":"Process"},{"id":"T2","span":{"begin":83,"end":106},"obj":"Process"},{"id":"T3","span":{"begin":108,"end":133},"obj":"Material"},{"id":"T4","span":{"begin":135,"end":139},"obj":"Process"},{"id":"T5","span":{"begin":199,"end":216},"obj":"Process"},{"id":"T6","span":{"begin":225,"end":260},"obj":"Task"},{"id":"T7","span":{"begin":295,"end":300},"obj":"Material"},{"id":"T8","span":{"begin":327,"end":343},"obj":"Process"},{"id":"T9","span":{"begin":345,"end":347},"obj":"Process"},{"id":"T10","span":{"begin":363,"end":379},"obj":"Process"},{"id":"T11","span":{"begin":487,"end":490},"obj":"Process"},{"id":"T12","span":{"begin":514,"end":518},"obj":"Material"},{"id":"T13","span":{"begin":557,"end":559},"obj":"Material"},{"id":"T14","span":{"begin":701,"end":731},"obj":"Process"},{"id":"T15","span":{"begin":736,"end":752},"obj":"Material"},{"id":"T16","span":{"begin":781,"end":800},"obj":"Process"},{"id":"T17","span":{"begin":807,"end":833},"obj":"Process"},{"id":"T18","span":{"begin":841,"end":843},"obj":"Material"},{"id":"T19","span":{"begin":905,"end":918},"obj":"Material"},{"id":"T20","span":{"begin":1210,"end":1258},"obj":"Process"},{"id":"T21","span":{"begin":1305,"end":1310},"obj":"Material"},{"id":"T22","span":{"begin":1472,"end":1485},"obj":"Material"},{"id":"T23","span":{"begin":1494,"end":1506},"obj":"Material"},{"id":"T24","span":{"begin":1554,"end":1558},"obj":"Material"},{"id":"T25","span":{"begin":1575,"end":1579},"obj":"Material"},{"id":"T26","span":{"begin":1730,"end":1745},"obj":"Material"},{"id":"T27","span":{"begin":1858,"end":1880},"obj":"Material"},{"id":"T28","span":{"begin":1950,"end":1952},"obj":"Material"},{"id":"T29","span":{"begin":2088,"end":2112},"obj":"Material"},{"id":"T30","span":{"begin":2144,"end":2151},"obj":"Material"},{"id":"T31","span":{"begin":2360,"end":2363},"obj":"Material"},{"id":"T32","span":{"begin":2403,"end":2460},"obj":"Process"},{"id":"T33","span":{"begin":2465,"end":2489},"obj":"Process"},{"id":"T34","span":{"begin":2582,"end":2600},"obj":"Process"}],"relations":[]}