{"text":"Memantine protects rat cortical cultured neurons against beta-amyloid-induced toxicity by attenuating tau phosphorylation.\nIt has been suggested that accumulation of beta-amyloid (Abeta) peptide triggers neurodegeneration, at least in part, via glutamate-mediated excitotoxicity in Alzheimer's disease (AD) brain. This is supported by observations that toxicity induced by Abeta peptide in cultured neurons and in adult rat brain is known to be mediated by activation of glutamatergic N-methyl-d-aspartate (NMDA) receptors. Additionally, recent clinical studies have shown that memantine, a noncompetitive NMDA receptor antagonist, can significantly improve cognitive functions in some AD patients. However, very little is currently known about the potential role of memantine against Abeta-induced toxicity. In the present study, we have shown that Abeta(1-42)-induced toxicity in rat primary cortical cultured neurons is accompanied by increased extracellular and decreased intracellular glutamate levels. We subsequently demonstrated that Abeta toxicity is induced by increased phosphorylation of tau protein and activation of tau kinases, i.e. glycogen synthase kinase-3beta and extracellular signal-related kinase 1/2. Additionally, Abeta treatment induced cleavage of caspase-3 and decreased phosphorylation of cyclic AMP response element binding protein, which are critical in determining survival of neurons. Memantine treatment significantly protected cultured neurons against Abeta-induced toxicity by attenuating tau-phosphorylation and its associated signaling mechanisms. However, this drug did not alter either conformation or internalization of Abeta(1-42) and it was unable to attenuate Abeta-induced potentiation of extracellular glutamate levels. These results, taken together, provide new insights into the possible neuroprotective action of memantine in AD pathology.\n","denotations":[{"id":"T1","span":{"begin":0,"end":121},"obj":"Process"},{"id":"T2","span":{"begin":150,"end":178},"obj":"Process"},{"id":"T3","span":{"begin":180,"end":222},"obj":"Process"},{"id":"T4","span":{"begin":245,"end":278},"obj":"Process"},{"id":"T5","span":{"begin":282,"end":302},"obj":"Material"},{"id":"T6","span":{"begin":303,"end":305},"obj":"Process"},{"id":"T7","span":{"begin":390,"end":406},"obj":"Material"},{"id":"T8","span":{"begin":471,"end":505},"obj":"Process"},{"id":"T9","span":{"begin":507,"end":511},"obj":"Process"},{"id":"T10","span":{"begin":538,"end":561},"obj":"Task"},{"id":"T11","span":{"begin":606,"end":630},"obj":"Material"},{"id":"T12","span":{"begin":686,"end":697},"obj":"Material"},{"id":"T13","span":{"begin":785,"end":807},"obj":"Process"},{"id":"T14","span":{"begin":894,"end":919},"obj":"Process"},{"id":"T15","span":{"begin":1071,"end":1111},"obj":"Process"},{"id":"T16","span":{"begin":1238,"end":1270},"obj":"Process"},{"id":"T17","span":{"begin":1324,"end":1360},"obj":"Process"},{"id":"T18","span":{"begin":1384,"end":1415},"obj":"Task"},{"id":"T19","span":{"begin":1417,"end":1543},"obj":"Process"},{"id":"T20","span":{"begin":1552,"end":1583},"obj":"Process"},{"id":"T21","span":{"begin":1703,"end":1763},"obj":"Process"},{"id":"T22","span":{"begin":1874,"end":1886},"obj":"Process"}],"relations":[]}