{"text":"Arginine vasopressin prevents amyloid beta protein-induced impairment of long-term potentiation in rat hippocampus in vivo.\nAmyloid beta protein (Abeta) is thought to be responsible for the loss of memory in Alzheimer's disease (AD). A significant decrease in (Arg(8))-vasopressin (AVP) in the AD brain has been found. However, it is unclear whether the decrease in AVP is involved in Abeta-induced impairment of memory and whether AVP can protect against Abeta-induced neurotoxicity. The present study examines the effects of intracerebroventricular (i.c.v.) injection of AVP on hippocampal long-term potentiation (LTP), a synaptic model of memory, and investigates the potential protective function of AVP in Abeta-induced LTP impairment. The results showed that (1) i.c.v. injection of different concentrations of AVP or Abeta(25-35) did not affect the baseline field excitatory postsynaptic potentials (fEPSPs); (2) AVP administration alone induced a significant increase in HFS-induced LTP, while Abeta(25-35) significantly suppressed HFS-induced LTP; (3) Abeta(25-35)-induced LTP suppression was significantly prevented by the pretreatment with AVP; (4) paired-pulse facilitation did not change after separate application or co-application of AVP and Abeta(25-35). These results indicate that AVP can potentiate hippocampal synaptic plasticity and dose-dependently prevent Abeta(25-35)-induced LTP impairment. Thus, the present study provides further insight into the mechanisms by which Abeta impairs synaptic plasticity and suggests an important approach in the treatment of AD.\n","denotations":[{"id":"T1","span":{"begin":0,"end":114},"obj":"Process"},{"id":"T2","span":{"begin":124,"end":144},"obj":"Process"},{"id":"T3","span":{"begin":208,"end":228},"obj":"Material"},{"id":"T4","span":{"begin":229,"end":231},"obj":"Process"},{"id":"T5","span":{"begin":282,"end":285},"obj":"Process"},{"id":"T6","span":{"begin":294,"end":302},"obj":"Material"},{"id":"T7","span":{"begin":366,"end":369},"obj":"Process"},{"id":"T8","span":{"begin":432,"end":435},"obj":"Material"},{"id":"T9","span":{"begin":456,"end":483},"obj":"Process"},{"id":"T10","span":{"begin":573,"end":576},"obj":"Material"},{"id":"T11","span":{"begin":580,"end":614},"obj":"Process"},{"id":"T12","span":{"begin":616,"end":619},"obj":"Process"},{"id":"T13","span":{"begin":624,"end":638},"obj":"Process"},{"id":"T14","span":{"begin":671,"end":700},"obj":"Process"},{"id":"T15","span":{"begin":704,"end":707},"obj":"Material"},{"id":"T16","span":{"begin":725,"end":739},"obj":"Process"},{"id":"T17","span":{"begin":817,"end":820},"obj":"Material"},{"id":"T18","span":{"begin":856,"end":905},"obj":"Material"},{"id":"T19","span":{"begin":907,"end":914},"obj":"Material"},{"id":"T20","span":{"begin":920,"end":938},"obj":"Process"},{"id":"T21","span":{"begin":979,"end":994},"obj":"Process"},{"id":"T22","span":{"begin":1040,"end":1055},"obj":"Process"},{"id":"T23","span":{"begin":1082,"end":1097},"obj":"Process"},{"id":"T24","span":{"begin":1151,"end":1154},"obj":"Material"},{"id":"T25","span":{"begin":1249,"end":1252},"obj":"Material"},{"id":"T26","span":{"begin":1299,"end":1302},"obj":"Material"},{"id":"T27","span":{"begin":1307,"end":1349},"obj":"Process"},{"id":"T28","span":{"begin":1494,"end":1527},"obj":"Process"},{"id":"T29","span":{"begin":1583,"end":1585},"obj":"Material"}],"relations":[]}