{"text":"NMDA preconditioning and neuroprotection in vivo: delayed onset of kainic acid-induced neurodegeneration and c-Fos attenuation in CA3a neurons.\nIntraventricular (i.c.v.) kainic acid (KA) causes an acute excitotoxic lesion to the CA3 region of rodent hippocampus. Recent evidence implicated c-fos gene in regulating neuron survival and death following an excitotoxic insult. In this study we attempted to prevent KA-induced damage in CA3 neurons with NMDA preconditioning, which produced a marked expression of c-fos in the hippocampus. NMDA (0.6-6 microg, i.c.v.) was injected to anesthetized rats alone or 1 h before KA (0.15 microg, i.c.v.). Following KA injection, vibratome sections were processed for immunohistochemistry/electron microscopy. c-Fos and Nissl staining were used to estimate the extent of neuronal excitation and damage, respectively. Quantitative evaluation of c-Fos-labeled cells showed significantly less c-Fos in CA3a than in neighboring CA3b and CA2 from 1 to 4 h after KA alone. Attenuation of expressed c-Fos in CA3a was accompanied by damage of neurons with more apoptotic than necrotic signs. NMDA preconditioning elevated CA3a c-Fos expression and at 1 and 2 h exceeded markedly that after KA alone. However, at 4 h after KA, NMDA-preconditioned c-Fos induction in CA3a diminished to the same level as that seen after KA alone. The onset of neuronal degeneration was delayed in similar way. While NMDA-induced c-Fos expression in CA3a could be blocked by MK-801 completely, MK-801 and CNQX were both without significant effect on KA-induced c-Fos expression and neuronal damage. In conclusion, inhibition of c-Fos expression and onset of neuronal damage in CA3a following icv KA injection might be transiently delayed by i.c.v. NMDA preconditioning.\n","denotations":[{"id":"T1","span":{"begin":0,"end":20},"obj":"Process"},{"id":"T2","span":{"begin":25,"end":40},"obj":"Process"},{"id":"T3","span":{"begin":67,"end":104},"obj":"Process"},{"id":"T4","span":{"begin":130,"end":142},"obj":"Material"},{"id":"T5","span":{"begin":183,"end":185},"obj":"Process"},{"id":"T6","span":{"begin":229,"end":261},"obj":"Material"},{"id":"T7","span":{"begin":315,"end":330},"obj":"Material"},{"id":"T8","span":{"begin":412,"end":429},"obj":"Process"},{"id":"T9","span":{"begin":433,"end":444},"obj":"Material"},{"id":"T10","span":{"begin":450,"end":470},"obj":"Process"},{"id":"T11","span":{"begin":542,"end":554},"obj":"Material"},{"id":"T12","span":{"begin":654,"end":666},"obj":"Process"},{"id":"T13","span":{"begin":706,"end":746},"obj":"Task"},{"id":"T14","span":{"begin":758,"end":772},"obj":"Process"},{"id":"T15","span":{"begin":882,"end":901},"obj":"Material"},{"id":"T16","span":{"begin":950,"end":974},"obj":"Process"},{"id":"T17","span":{"begin":1039,"end":1043},"obj":"Material"},{"id":"T18","span":{"begin":1063,"end":1080},"obj":"Process"},{"id":"T19","span":{"begin":1122,"end":1173},"obj":"Process"},{"id":"T20","span":{"begin":1256,"end":1260},"obj":"Material"},{"id":"T21","span":{"begin":1371,"end":1392},"obj":"Process"},{"id":"T22","span":{"begin":1504,"end":1510},"obj":"Material"},{"id":"T23","span":{"begin":1515,"end":1519},"obj":"Material"},{"id":"T24","span":{"begin":1560,"end":1587},"obj":"Process"},{"id":"T25","span":{"begin":1706,"end":1718},"obj":"Process"},{"id":"T26","span":{"begin":1758,"end":1778},"obj":"Process"}],"relations":[]}