{"text":"Spectral modulation of LFP activity in M1 during dexterous finger movements.\nRecent studies have shown that cortical local field potentials (LFP) contain information about planning or executing hand movement. While earlier research has looked at gross motor movements, we investigate the spectral modulation of LFP activity and its dependence on recording location during dexterous motor actions. In this study, we recorded LFP activity from the primary motor cortex of a primate as it performed a fine finger manipulation task involving different switches. The event-related spectral perturbations (ERSP) in four different frequency bands were considered for the analysis; 4 Hz, 6-15 Hz, 17-40 Hz and 75-170 Hz. LFPs recorded from electrodes in the hand area showed the largest change in ERSP for the highest frequency band (75-170 Hz) (p 0.05), while LFPs recorded from electrodes placed more medially in the arm area showed the largest change in ERSP for the lowest frequency band (4 Hz) (p 0.05). Furthermore, the spectral information from the  less than 4 Hz and 75-150 Hz frequency bands was used to successfully decode the three dexterous grasp movements with an average accuracy of up to 81%. Although previous research has shown that multi-unit neuronal activity can be used to decode fine motor movements, these results demonstrate that LFP activity can also be used to decode dexterous motor tasks. This has implications for future neuroprosthetic devices due to the robustness of LFP signals for chronic recording.\n","denotations":[{"id":"T1","span":{"begin":0,"end":35},"obj":"Process"},{"id":"T2","span":{"begin":39,"end":41},"obj":"Material"},{"id":"T3","span":{"begin":108,"end":139},"obj":"Process"},{"id":"T4","span":{"begin":141,"end":144},"obj":"Process"},{"id":"T5","span":{"begin":172,"end":180},"obj":"Process"},{"id":"T6","span":{"begin":252,"end":267},"obj":"Material"},{"id":"T7","span":{"begin":288,"end":323},"obj":"Process"},{"id":"T8","span":{"begin":346,"end":364},"obj":"Process"},{"id":"T9","span":{"begin":562,"end":598},"obj":"Process"},{"id":"T10","span":{"begin":600,"end":604},"obj":"Process"},{"id":"T11","span":{"begin":680,"end":687},"obj":"Material"},{"id":"T12","span":{"begin":689,"end":711},"obj":"Material"},{"id":"T13","span":{"begin":789,"end":793},"obj":"Material"},{"id":"T14","span":{"begin":826,"end":835},"obj":"Material"},{"id":"T15","span":{"begin":853,"end":882},"obj":"Material"},{"id":"T16","span":{"begin":949,"end":953},"obj":"Material"},{"id":"T17","span":{"begin":962,"end":990},"obj":"Process"},{"id":"T18","span":{"begin":1068,"end":1093},"obj":"Process"},{"id":"T19","span":{"begin":1136,"end":1161},"obj":"Process"},{"id":"T20","span":{"begin":1294,"end":1314},"obj":"Material"},{"id":"T21","span":{"begin":1347,"end":1359},"obj":"Process"},{"id":"T22","span":{"begin":1380,"end":1408},"obj":"Task"},{"id":"T23","span":{"begin":1443,"end":1466},"obj":"Material"},{"id":"T24","span":{"begin":1492,"end":1503},"obj":"Material"},{"id":"T25","span":{"begin":1508,"end":1525},"obj":"Process"}],"relations":[]}