{"text":"The expression of matrix metalloproteinase-13 is increased in vessels with blood-brain barrier impairment in a stroke-prone hypertensive model.\nWe previously reported that the blood-brain barrier (BBB) function was deteriorated in vessels located in the hippocampus, but not the cerebral cortex, in 3-month-old stroke-prone spontaneously hypertensive rats (SHRSP). Recently published data suggest that matrix metalloproteinase (MMP)-2 and MMP-9 play a critical role in the BBB disruption in stroke or cerebral ischemia. In this study, we examined gene and protein expressions of MMPs in the BBB-damaged hippocampal vessels of 3-month-old SHRSP, in the cerebral cortical vessels without BBB damage of SHRSP, and in the hippocampal and cerebral cortical ones without BBB damage of 3-month-old Wistar Kyoto (WKY) rats. The expressions of MMPs were examined by real-time quantitative reverse transcriptase-PCR (RT-PCR), western blotting and immunohistochemical techniques. The gene and protein expressions of MMP-13 were significantly increased in the hippocampal samples of SHRSP compared with samples without BBB damage, such as cerebral cortical samples of SHRSP or hippocampal samples of WKY. Immunostaining of MMP-13 was seen in the cytoplasm of ED-1-positive perivascular cells in both rats and was colocalized with those of type IV collagen or osteopontin. The type IV collagen was also localized in the basement membrane. These findings indicate that the expression of MMP-13 is increased in BBB-damaged hippocampal vessels in hypertensive SHRSP compared with vessels without BBB impairment in normotensive WKY rats and may be involved in vascular remodeling.\n","denotations":[{"id":"T1","span":{"begin":4,"end":42},"obj":"Task"},{"id":"T2","span":{"begin":111,"end":142},"obj":"Process"},{"id":"T3","span":{"begin":176,"end":195},"obj":"Material"},{"id":"T4","span":{"begin":197,"end":200},"obj":"Process"},{"id":"T5","span":{"begin":301,"end":355},"obj":"Process"},{"id":"T6","span":{"begin":357,"end":362},"obj":"Material"},{"id":"T7","span":{"begin":402,"end":426},"obj":"Material"},{"id":"T8","span":{"begin":428,"end":431},"obj":"Process"},{"id":"T9","span":{"begin":439,"end":449},"obj":"Material"},{"id":"T10","span":{"begin":473,"end":487},"obj":"Process"},{"id":"T11","span":{"begin":579,"end":583},"obj":"Material"},{"id":"T12","span":{"begin":591,"end":622},"obj":"Material"},{"id":"T13","span":{"begin":638,"end":643},"obj":"Process"},{"id":"T14","span":{"begin":652,"end":677},"obj":"Material"},{"id":"T15","span":{"begin":700,"end":705},"obj":"Material"},{"id":"T16","span":{"begin":805,"end":808},"obj":"Process"},{"id":"T17","span":{"begin":835,"end":839},"obj":"Material"},{"id":"T18","span":{"begin":857,"end":905},"obj":"Process"},{"id":"T19","span":{"begin":907,"end":913},"obj":"Material"},{"id":"T20","span":{"begin":916,"end":967},"obj":"Process"},{"id":"T21","span":{"begin":1005,"end":1008},"obj":"Material"},{"id":"T22","span":{"begin":1071,"end":1076},"obj":"Material"},{"id":"T23","span":{"begin":1127,"end":1152},"obj":"Material"},{"id":"T24","span":{"begin":1156,"end":1161},"obj":"Process"},{"id":"T25","span":{"begin":1188,"end":1191},"obj":"Material"},{"id":"T26","span":{"begin":1211,"end":1214},"obj":"Material"},{"id":"T27","span":{"begin":1247,"end":1279},"obj":"Material"},{"id":"T28","span":{"begin":1332,"end":1343},"obj":"Material"},{"id":"T29","span":{"begin":1369,"end":1380},"obj":"Material"},{"id":"T30","span":{"begin":1390,"end":1424},"obj":"Process"},{"id":"T31","span":{"begin":1473,"end":1476},"obj":"Material"},{"id":"T32","span":{"begin":1496,"end":1527},"obj":"Material"},{"id":"T33","span":{"begin":1531,"end":1571},"obj":"Task"},{"id":"T34","span":{"begin":1643,"end":1662},"obj":"Process"}],"relations":[]}