{"text":"GEPT extract reduces Abeta deposition by regulating the balance between production and degradation of Abeta in APPV717I transgenic mice.\nAccumulation of beta-amyloid peptide (Abeta) in the brain is a primary influence driving Alzheimer's disease (AD) pathogenesis. The disease process, including formation of neurofibrillary tangles containing tau protein, is proposed to result from an imbalance between production and clearance of Abeta. A major therapeutic strategy for AD should be to decrease deposition of Abeta by the inhibition of its production and the facilitation of its degradation. Hence, the primary aim of this study was to investigate effects of GEPT, a combination of herbal extracts, on Abeta levels, beta- and gamma-secretases substrate (BACE1 and PS1, respectively) associated with production of Abeta, and insulin-degrading enzyme (IDE) and neprilysin (NEP) related to degradation of Abeta in the brain. Three-month-old-male APPV717I mice were randomly divided into five groups (n=6 per group): (i) APP mice alone were given distilled water, (ii) APP donepezil mice were treated with donepezil (0.92 mg/kg/d), and (iii-v) APP mice treated with GEPT low dose (0.75 g/kg/d), middle dose (1.5 g/kg/d), and large dose (3.0 g/kg/d) for 8 months. Three-month-old-male C57BL/6J mice (n=6) for vehicle were given distilled water for 8 months. Immunohistochemistry and Western blot analysis were used in determining amyloid precursor protein (APP), Abeta1-42, BACE1, PS1, IDE and NEP in hippocampal CA1 region and hippocampal tissue homogenates. Expression level of Abeta1-42 in the large GEPT dose was significantly lower than those in APP alone or APP treated with donepezil, and decreased to the level of vehicle mice. Similarly, a ratio calculated from the densitometric measures of Abeta1-42 protein/beta-actin in the large dose also was significantly lower than those in APP mice alone or APP mice treated with donepezil, and even reduced to the level of vehicle mice. Expression of PS1 in the large GEPT dose was significantly lower than that of APP mice alone and decreased to those in vehicle mice as well. A decreased level of BACE1 appeared, respectively, in APP mice treated with the large GEPT dose or donepezil but was still much greater than the level of vehicle mice. In contrast, NEP and IDE showed a significantly higher expression in APP mice treated with either the large dose or the middle dose of GEPT compared to APP mice alone or donepezil, and were even increased in level compared to vehicle mice. The combination of GEPT extracts can reduce levels of endogenous Abeta peptide in APPV717I transgenic mice through the inhibition of PS1 activity rather than BACE1 and the promotion of IDE and NEP activity. Lower-expression of PS1 and over-expression of IDE or NEP may be helpful in potentially lowering brain Abeta levels in subjects with AD, and hence GEPT appears to offer potential that should be explored in AD.\n","denotations":[{"id":"T1","span":{"begin":111,"end":135},"obj":"Material"},{"id":"T2","span":{"begin":153,"end":173},"obj":"Material"},{"id":"T3","span":{"begin":226,"end":246},"obj":"Material"},{"id":"T4","span":{"begin":247,"end":249},"obj":"Process"},{"id":"T5","span":{"begin":296,"end":355},"obj":"Process"},{"id":"T6","span":{"begin":473,"end":475},"obj":"Material"},{"id":"T7","span":{"begin":489,"end":508},"obj":"Process"},{"id":"T8","span":{"begin":512,"end":517},"obj":"Material"},{"id":"T9","span":{"begin":662,"end":666},"obj":"Material"},{"id":"T10","span":{"begin":767,"end":770},"obj":"Material"},{"id":"T11","span":{"begin":853,"end":856},"obj":"Process"},{"id":"T12","span":{"begin":874,"end":877},"obj":"Material"},{"id":"T13","span":{"begin":1020,"end":1028},"obj":"Process"},{"id":"T14","span":{"begin":1056,"end":1061},"obj":"Material"},{"id":"T15","span":{"begin":1068,"end":1086},"obj":"Material"},{"id":"T16","span":{"begin":1165,"end":1178},"obj":"Material"},{"id":"T17","span":{"begin":1194,"end":1205},"obj":"Material"},{"id":"T18","span":{"begin":1283,"end":1296},"obj":"Material"},{"id":"T19","span":{"begin":1326,"end":1341},"obj":"Material"},{"id":"T20","span":{"begin":1381,"end":1402},"obj":"Process"},{"id":"T21","span":{"begin":1416,"end":1453},"obj":"Process"},{"id":"T22","span":{"begin":1455,"end":1458},"obj":"Process"},{"id":"T23","span":{"begin":1461,"end":1470},"obj":"Material"},{"id":"T24","span":{"begin":1472,"end":1477},"obj":"Material"},{"id":"T25","span":{"begin":1479,"end":1482},"obj":"Material"},{"id":"T26","span":{"begin":1484,"end":1487},"obj":"Process"},{"id":"T27","span":{"begin":1492,"end":1495},"obj":"Material"},{"id":"T28","span":{"begin":1511,"end":1521},"obj":"Material"},{"id":"T29","span":{"begin":1526,"end":1556},"obj":"Material"},{"id":"T30","span":{"begin":1558,"end":1574},"obj":"Process"},{"id":"T31","span":{"begin":1578,"end":1587},"obj":"Material"},{"id":"T32","span":{"begin":1601,"end":1610},"obj":"Material"},{"id":"T33","span":{"begin":1662,"end":1665},"obj":"Process"},{"id":"T34","span":{"begin":1720,"end":1732},"obj":"Material"},{"id":"T35","span":{"begin":1889,"end":1897},"obj":"Material"},{"id":"T36","span":{"begin":1907,"end":1938},"obj":"Material"},{"id":"T37","span":{"begin":1973,"end":1985},"obj":"Material"},{"id":"T38","span":{"begin":2001,"end":2004},"obj":"Material"},{"id":"T39","span":{"begin":2018,"end":2027},"obj":"Material"},{"id":"T40","span":{"begin":2065,"end":2079},"obj":"Material"},{"id":"T41","span":{"begin":2106,"end":2118},"obj":"Material"},{"id":"T42","span":{"begin":2149,"end":2154},"obj":"Material"},{"id":"T43","span":{"begin":2214,"end":2223},"obj":"Material"},{"id":"T44","span":{"begin":2282,"end":2294},"obj":"Material"},{"id":"T45","span":{"begin":2309,"end":2320},"obj":"Material"},{"id":"T46","span":{"begin":2365,"end":2373},"obj":"Material"},{"id":"T47","span":{"begin":2431,"end":2435},"obj":"Material"},{"id":"T48","span":{"begin":2448,"end":2462},"obj":"Material"},{"id":"T49","span":{"begin":2522,"end":2534},"obj":"Material"},{"id":"T50","span":{"begin":2555,"end":2568},"obj":"Material"},{"id":"T51","span":{"begin":2618,"end":2642},"obj":"Material"},{"id":"T52","span":{"begin":2669,"end":2672},"obj":"Material"},{"id":"T53","span":{"begin":2721,"end":2724},"obj":"Material"},{"id":"T54","span":{"begin":2763,"end":2766},"obj":"Material"},{"id":"T55","span":{"begin":2790,"end":2793},"obj":"Material"},{"id":"T56","span":{"begin":2797,"end":2800},"obj":"Material"},{"id":"T57","span":{"begin":2819,"end":2858},"obj":"Process"},{"id":"T58","span":{"begin":2876,"end":2878},"obj":"Material"},{"id":"T59","span":{"begin":2890,"end":2894},"obj":"Process"},{"id":"T60","span":{"begin":2949,"end":2951},"obj":"Material"}],"relations":[]}