{"text":"Insulin receptor dysfunction impairs cellular clearance of neurotoxic oligomeric a{beta}.\nAccumulation of amyloid beta (Abeta) oligomers in the brain is toxic to synapses and may play an important role in memory loss in Alzheimer disease. However, how these toxins are built up in the brain is not understood. In this study we investigate whether impairments of insulin and insulin-like growth factor-1 (IGF-1) receptors play a role in aggregation of Abeta. Using primary neuronal culture and immortal cell line models, we show that expression of normal insulin or IGF-1 receptors confers cells with abilities to reduce exogenously applied Abeta oligomers (also known as ADDLs) to monomers. In contrast, transfection of malfunctioning human insulin receptor mutants, identified originally from patient with insulin resistance syndrome, or inhibition of insulin and IGF-1 receptors via pharmacological reagents increases ADDL levels by exacerbating their aggregation. In healthy cells, activation of insulin and IGF-1 receptor reduces the extracellular ADDLs applied to cells via seemingly the insulin-degrading enzyme activity. Although insulin triggers ADDL internalization, IGF-1 appears to keep ADDLs on the cell surface. Nevertheless, both insulin and IGF-1 reduce ADDL binding, protect synapses from ADDL synaptotoxic effects, and prevent the ADDL-induced surface insulin receptor loss. Our results suggest that dysfunctions of brain insulin and IGF-1 receptors contribute to Abeta aggregation and subsequent synaptic loss.\n","denotations":[{"id":"T1","span":{"begin":0,"end":28},"obj":"Process"},{"id":"T2","span":{"begin":90,"end":118},"obj":"Process"},{"id":"T3","span":{"begin":387,"end":402},"obj":"Process"},{"id":"T4","span":{"begin":472,"end":518},"obj":"Task"},{"id":"T5","span":{"begin":565,"end":594},"obj":"Material"},{"id":"T6","span":{"begin":640,"end":655},"obj":"Material"},{"id":"T7","span":{"begin":671,"end":676},"obj":"Material"},{"id":"T8","span":{"begin":704,"end":765},"obj":"Process"},{"id":"T9","span":{"begin":865,"end":880},"obj":"Material"},{"id":"T10","span":{"begin":885,"end":909},"obj":"Process"},{"id":"T11","span":{"begin":935,"end":965},"obj":"Process"},{"id":"T12","span":{"begin":970,"end":983},"obj":"Material"},{"id":"T13","span":{"begin":1011,"end":1014},"obj":"Material"},{"id":"T14","span":{"begin":1069,"end":1074},"obj":"Material"},{"id":"T15","span":{"begin":1137,"end":1174},"obj":"Process"},{"id":"T16","span":{"begin":1193,"end":1223},"obj":"Task"},{"id":"T17","span":{"begin":1256,"end":1259},"obj":"Material"},{"id":"T18","span":{"begin":1269,"end":1281},"obj":"Process"},{"id":"T19","span":{"begin":1305,"end":1330},"obj":"Process"},{"id":"T20","span":{"begin":1348,"end":1390},"obj":"Process"},{"id":"T21","span":{"begin":1451,"end":1466},"obj":"Material"},{"id":"T22","span":{"begin":1481,"end":1498},"obj":"Process"},{"id":"T23","span":{"begin":1514,"end":1527},"obj":"Process"}],"relations":[]}