{"text":"Coherence between motor cortical activity and peripheral discontinuities during slow finger movements.\nSlow finger movements in man are not smooth, but are characterized by 8- to 12-Hz discontinuities in finger acceleration thought to have a central source. We trained two macaque monkeys to track a moving target by performing index finger flexion/extension movements and recorded local field potentials (LFPs) and spike activity from the primary motor cortex (M1); some cells were identified as pyramidal tract neurons by antidromic activation or as corticomotoneuronal cells by spike-triggered averaging. There was significant coherence between finger acceleration in the approximately 10-Hz range and both LFPs and spikes. LFP-acceleration coherence was similar for flexion and extension movements (0.094 at 9.8 Hz and 0.11 at 6.8 Hz, respectively), but substantially smaller during steady holding (0.0067 at 9.35 Hz). The coherence phase showed a significant linear relationship with frequency over the 6- to 13-Hz range, as expected for a constant conduction delay, but the slope indicated that LFP lagged acceleration by 18 +/- 14 or 36 +/- 8 ms for flexion and extension movements, respectively. Directed coherence analysis supported the conclusion that the dominant interaction was in the acceleration to LFP (i.e., sensory) direction. The phase relationships between finger acceleration and both LFPs and spikes shifted by about pi radians in flexion compared with extension trials. However, for a given trial type the phase relationship with acceleration was similar for cells that increased their firing during flexion or during extension trials. We conclude that movement discontinuities during slow finger movements arise from a reciprocally coupled network, which includes M1 and the periphery.\n","denotations":[{"id":"T1","span":{"begin":0,"end":41},"obj":"Task"},{"id":"T2","span":{"begin":317,"end":404},"obj":"Process"},{"id":"T3","span":{"begin":448,"end":460},"obj":"Material"},{"id":"T4","span":{"begin":472,"end":477},"obj":"Material"},{"id":"T5","span":{"begin":497,"end":520},"obj":"Material"},{"id":"T6","span":{"begin":524,"end":545},"obj":"Process"},{"id":"T7","span":{"begin":552,"end":577},"obj":"Material"},{"id":"T8","span":{"begin":581,"end":606},"obj":"Process"},{"id":"T9","span":{"begin":727,"end":753},"obj":"Process"},{"id":"T10","span":{"begin":770,"end":801},"obj":"Process"},{"id":"T11","span":{"begin":887,"end":901},"obj":"Process"},{"id":"T12","span":{"begin":964,"end":983},"obj":"Task"},{"id":"T13","span":{"begin":1157,"end":1188},"obj":"Task"},{"id":"T14","span":{"begin":1314,"end":1317},"obj":"Process"},{"id":"T15","span":{"begin":1439,"end":1491},"obj":"Task"},{"id":"T16","span":{"begin":1514,"end":1547},"obj":"Process"},{"id":"T17","span":{"begin":1582,"end":1587},"obj":"Material"},{"id":"T18","span":{"begin":1623,"end":1630},"obj":"Process"},{"id":"T19","span":{"begin":1641,"end":1657},"obj":"Process"},{"id":"T20","span":{"begin":1743,"end":1771},"obj":"Process"}],"relations":[]}