{"text":"Mutant LRRK2(R1441G) BAC transgenic mice recapitulate cardinal features of Parkinson's disease.\nMutations in leucine-rich repeat kinase 2 (LRRK2) are the most common genetic cause of Parkinson's disease. We created a LRRK2 transgenic mouse model that recapitulates cardinal features of the disease: an age-dependent and levodopa-responsive slowness of movement associated with diminished dopamine release and axonal pathology of nigrostriatal dopaminergic projection. These mice provide a valid model of Parkinson's disease and are a resource for the investigation of pathogenesis and therapeutics.\n","denotations":[{"id":"T1","span":{"begin":13,"end":19},"obj":"Process"},{"id":"T2","span":{"begin":21,"end":40},"obj":"Material"},{"id":"T3","span":{"begin":139,"end":144},"obj":"Process"},{"id":"T4","span":{"begin":217,"end":245},"obj":"Process"},{"id":"T5","span":{"begin":320,"end":466},"obj":"Task"},{"id":"T6","span":{"begin":504,"end":524},"obj":"Material"},{"id":"T7","span":{"begin":551,"end":597},"obj":"Task"}],"relations":[]}