{"text":"LRRK2 modulates vulnerability to mitochondrial dysfunction in Caenorhabditis elegans.\nMutations in leucine-rich repeat kinase 2 (LRRK2) cause autosomal-dominant familial Parkinson's disease. We generated lines of Caenorhabditis elegans expressing neuronally directed human LRRK2. Expressing human LRRK2 increased nematode survival in response to rotenone or paraquat, which are agents that cause mitochondrial dysfunction. Protection by G2019S, R1441C, or kinase-dead LRRK2 was less than protection by wild-type LRRK2. Knockdown of lrk-1, the endogenous ortholog of LRRK2 in C. elegans, reduced survival associated with mitochondrial dysfunction. C. elegans expressing LRRK2 showed rapid loss of dopaminergic markers (DAT::GFP fluorescence and dopamine levels) beginning in early adulthood. Loss of dopaminergic markers was greater for the G2019S LRRK2 line than for the wild-type line. Rotenone treatment induced a larger loss of dopamine markers in C. elegans expressing G2019S LRRK2 than in C. elegans expressing wild-type LRRK2; however, loss of dopaminergic markers in the G2019S LRRK2 nematode lines was not statistically different from that in the control line. These data suggest that LRRK2 plays an important role in modulating the response to mitochondrial inhibition and raises the possibility that mutations in LRRK2 selectively enhance the vulnerability of dopaminergic neurons to a stressor associated with Parkinson's disease.\n","denotations":[{"id":"T1","span":{"begin":0,"end":84},"obj":"Process"},{"id":"T2","span":{"begin":129,"end":134},"obj":"Process"},{"id":"T3","span":{"begin":213,"end":278},"obj":"Process"},{"id":"T4","span":{"begin":280,"end":302},"obj":"Process"},{"id":"T5","span":{"begin":396,"end":421},"obj":"Process"},{"id":"T6","span":{"begin":437,"end":443},"obj":"Material"},{"id":"T7","span":{"begin":456,"end":473},"obj":"Process"},{"id":"T8","span":{"begin":566,"end":571},"obj":"Material"},{"id":"T9","span":{"begin":620,"end":645},"obj":"Process"},{"id":"T10","span":{"begin":696,"end":716},"obj":"Material"},{"id":"T11","span":{"begin":718,"end":739},"obj":"Material"},{"id":"T12","span":{"begin":799,"end":819},"obj":"Material"},{"id":"T13","span":{"begin":840,"end":857},"obj":"Material"},{"id":"T14","span":{"begin":973,"end":985},"obj":"Material"},{"id":"T15","span":{"begin":994,"end":995},"obj":"Material"},{"id":"T16","span":{"begin":1026,"end":1031},"obj":"Material"},{"id":"T17","span":{"begin":1078,"end":1105},"obj":"Material"},{"id":"T18","span":{"begin":1193,"end":1198},"obj":"Material"},{"id":"T19","span":{"begin":1370,"end":1390},"obj":"Material"},{"id":"T20","span":{"begin":1421,"end":1441},"obj":"Material"}],"relations":[]}