{"text":"Neuroprotection by tosyl-polyamine derivatives through the inhibition of ionotropic glutamate receptors.\nTosyl-polyamine derivatives such as N-{4-(4-(guanidinobutylamino)-butylamino)butyl}-4-methylbenzenesulfonamide trihydrochroride (TsHSPMG) have been found to strongly inhibit macroscopic currents through heteromeric N-methyl-D-aspartate (NMDA) receptors (NR1/NR2A, NR1/NR2B) and Ca(2+)-permeable alpha-amino-3-hydroxy-5-methyl-4-isoxazolepropionic acid (homomeric glutamate receptor 1) receptors expressed in Xenopus laevis oocytes on voltage-clamp recording. In the present study, it was found that the inhibition of NMDA receptor activity induced by tosyl-polyamine derivatives was voltage-dependent. Some mutations located in the intracellular region of the channel pore, such as NR1 E621Q and NR2B W607L, reduced the inhibition by tosyl-polyamine derivatives, suggesting that tosyl-polyamine derivatives penetrate deeply into the channel pore of NMDA receptors. The neuroprotective effects of tosyl-polyamine derivatives against cell injury caused by NMDA were investigated in cultured rat hippocampal neurons. Addition of 1 microM TsHSPMG to medium ablated the neurotoxicity induced by NMDA, and a similar effect was observed with 30 microM memantine. The neuroprotective effects of tosyl-polyamine derivatives on NMDA-induced seizures in mice were also assayed. Intracerebroventricular or intravenous injection of TsHSPMG (0.1 or 0.5 mg/kg) decreased the seizures induced by intraperitoneal injection of NMDA in mice. These findings indicate that tosyl-polyamine derivatives exhibit neuroprotective effects not only in primary cultured neurons but also in mice.\n","denotations":[{"id":"T1","span":{"begin":19,"end":46},"obj":"Material"},{"id":"T2","span":{"begin":73,"end":103},"obj":"Material"},{"id":"T3","span":{"begin":105,"end":132},"obj":"Material"},{"id":"T4","span":{"begin":141,"end":255},"obj":"Material"},{"id":"T5","span":{"begin":308,"end":340},"obj":"Process"},{"id":"T6","span":{"begin":342,"end":358},"obj":"Material"},{"id":"T7","span":{"begin":369,"end":377},"obj":"Material"},{"id":"T8","span":{"begin":383,"end":460},"obj":"Material"},{"id":"T9","span":{"begin":458,"end":486},"obj":"Material"},{"id":"T10","span":{"begin":539,"end":562},"obj":"Process"},{"id":"T11","span":{"begin":622,"end":635},"obj":"Material"},{"id":"T12","span":{"begin":656,"end":683},"obj":"Material"},{"id":"T13","span":{"begin":787,"end":811},"obj":"Material"},{"id":"T14","span":{"begin":839,"end":866},"obj":"Material"},{"id":"T15","span":{"begin":884,"end":911},"obj":"Material"},{"id":"T16","span":{"begin":954,"end":968},"obj":"Material"},{"id":"T17","span":{"begin":1001,"end":1028},"obj":"Material"},{"id":"T18","span":{"begin":1037,"end":1048},"obj":"Process"},{"id":"T19","span":{"begin":1085,"end":1117},"obj":"Process"},{"id":"T20","span":{"begin":1131,"end":1149},"obj":"Material"},{"id":"T21","span":{"begin":1151,"end":1199},"obj":"Process"},{"id":"T22","span":{"begin":1292,"end":1319},"obj":"Material"},{"id":"T23","span":{"begin":1323,"end":1344},"obj":"Process"},{"id":"T24","span":{"begin":1424,"end":1432},"obj":"Material"},{"id":"T25","span":{"begin":1514,"end":1518},"obj":"Material"},{"id":"T26","span":{"begin":1557,"end":1584},"obj":"Material"}],"relations":[]}