{"text":"R1441C mutation in LRRK2 impairs dopaminergic neurotransmission in mice.\nDominantly inherited mutations in leucine-rich repeat kinase 2 (LRRK2) are a common genetic cause of Parkinson's disease (PD). The importance of the R1441 residue in the pathogenesis is highlighted by the identification of three distinct missense mutations. To investigate the pathogenic mechanism underlying LRRK2 dysfunction, we generated a knockin (KI) mouse in which the R1441C mutation is expressed under the control of the endogenous regulatory elements. Homozygous R1441C KI mice appear grossly normal and exhibit no dopaminergic (DA) neurodegeneration or alterations in steady-state levels of striatal dopamine up to 2 years of age. However, these KI mice show reductions in amphetamine (AMPH)-induced locomotor activity and stimulated catecholamine release in cultured chromaffin cells. The introduction of the R1441C mutation also impairs dopamine D2 receptor function, as suggested by decreased responses of KI mice in locomotor activity to the inhibitory effect of a D2 receptor agonist, quinpirole. Furthermore, the firing of nigral neurons in R1441C KI mice show reduced sensitivity to suppression induced by quinpirole, dopamine, or AMPH. Together, our data suggest that the R1441C mutation in LRRK2 impairs stimulated dopamine neurotransmission and D2 receptor function, which may represent pathogenic precursors preceding dopaminergic degeneration in PD brains.\n","denotations":[{"id":"T1","span":{"begin":0,"end":15},"obj":"Process"},{"id":"T2","span":{"begin":137,"end":142},"obj":"Process"},{"id":"T3","span":{"begin":174,"end":194},"obj":"Material"},{"id":"T4","span":{"begin":195,"end":197},"obj":"Material"},{"id":"T5","span":{"begin":222,"end":235},"obj":"Material"},{"id":"T6","span":{"begin":278,"end":329},"obj":"Process"},{"id":"T7","span":{"begin":350,"end":399},"obj":"Task"},{"id":"T8","span":{"begin":425,"end":427},"obj":"Process"},{"id":"T9","span":{"begin":448,"end":463},"obj":"Process"},{"id":"T10","span":{"begin":502,"end":532},"obj":"Material"},{"id":"T11","span":{"begin":611,"end":671},"obj":"Process"},{"id":"T12","span":{"begin":729,"end":752},"obj":"Process"},{"id":"T13","span":{"begin":769,"end":773},"obj":"Process"},{"id":"T14","span":{"begin":842,"end":867},"obj":"Material"},{"id":"T15","span":{"begin":893,"end":908},"obj":"Process"},{"id":"T16","span":{"begin":922,"end":951},"obj":"Process"},{"id":"T17","span":{"begin":992,"end":999},"obj":"Material"},{"id":"T18","span":{"begin":1052,"end":1071},"obj":"Material"},{"id":"T19","span":{"begin":1112,"end":1126},"obj":"Material"},{"id":"T20","span":{"begin":1130,"end":1144},"obj":"Material"},{"id":"T21","span":{"begin":1221,"end":1225},"obj":"Material"},{"id":"T22","span":{"begin":1263,"end":1333},"obj":"Process"},{"id":"T23","span":{"begin":1338,"end":1358},"obj":"Process"},{"id":"T24","span":{"begin":1441,"end":1450},"obj":"Material"}],"relations":[]}