{"text":"Matrix metalloproteinases inhibition provides neuroprotection against hypoxia-ischemia in the developing brain.\nThe present study was designed to investigate the role of matrix metalloproteinases (MMPs) in the immature brain and the long term effects of early MMPs inhibition after hypoxic-ischemic (HI) injury. HI was induced by unilateral ligation of the right carotid artery followed by hypoxia (8% O(2) for 2 h) in P7 rat pups. GM6001, a broad spectrum MMPs inhibitor, was injected (50 mg/kg or 100 mg/kg) intraperitoneally at 2 h and 24 h after HI injury. Blood-brain barrier (BBB) integrity, brain edema, MMP-2/-9 activity, TIMP-1/-2 and tight junction protein (TJP) level were evaluated using IgG staining, Evan's blue extravasation, brain water content, zymography and western blot. Doxycycline, another MMPs inhibitor, was injected (10 mg/kg or 30 mg/kg) intraperitoneally at 2 h after HI, then BBB integrity and brain edema were measured at 48 h post-HI using brain water content measurement and IgG staining. The long-term effects of early MMPs inhibition (GM6001, 100 mg/kg) were evaluated by neurobehavioral tests, body weight, and brain atrophy measurement. GM6001 attenuated brain edema and BBB disruption at the dosage of 100 mg/kg. MMP-2 activity increased at 24 h and peaked at 48 h after HI, whereas MMP-9 activity peaked at 24 h and tapered by 48 h after HI. MMP-9/-2 activities were significantly attenuated by GM6001 at 24 h and 48 h after HI. The degradation of TJPs (ZO-1 and occludin) at 48 h after HI was reversed by GM6001 treatment. Early MMPs inhibition had long-term effects that attenuated ipsilateral brain tissue loss, and improved neurobehavioral outcomes after HI. These results suggest that early MMPs inhibition with a broad-spectrum inhibitor provides both acute and long-term neuroprotection in the developing brain by reducing TJPs degradation, preserving BBB integrity, and ameliorating brain edema after neonatal HI injury.\n","denotations":[{"id":"T1","span":{"begin":0,"end":110},"obj":"Process"},{"id":"T2","span":{"begin":146,"end":195},"obj":"Task"},{"id":"T3","span":{"begin":233,"end":303},"obj":"Process"},{"id":"T4","span":{"begin":312,"end":314},"obj":"Process"},{"id":"T5","span":{"begin":330,"end":349},"obj":"Process"},{"id":"T6","span":{"begin":419,"end":430},"obj":"Material"},{"id":"T7","span":{"begin":442,"end":471},"obj":"Material"},{"id":"T8","span":{"begin":550,"end":559},"obj":"Process"},{"id":"T9","span":{"begin":561,"end":580},"obj":"Process"},{"id":"T10","span":{"begin":582,"end":585},"obj":"Process"},{"id":"T11","span":{"begin":611,"end":628},"obj":"Material"},{"id":"T12","span":{"begin":630,"end":639},"obj":"Material"},{"id":"T13","span":{"begin":650,"end":666},"obj":"Process"},{"id":"T14","span":{"begin":668,"end":671},"obj":"Process"},{"id":"T15","span":{"begin":700,"end":713},"obj":"Process"},{"id":"T16","span":{"begin":714,"end":740},"obj":"Process"},{"id":"T17","span":{"begin":741,"end":752},"obj":"Material"},{"id":"T18","span":{"begin":812,"end":826},"obj":"Material"},{"id":"T19","span":{"begin":904,"end":917},"obj":"Process"},{"id":"T20","span":{"begin":970,"end":981},"obj":"Material"},{"id":"T21","span":{"begin":1006,"end":1019},"obj":"Process"},{"id":"T22","span":{"begin":1024,"end":1066},"obj":"Process"},{"id":"T23","span":{"begin":1145,"end":1170},"obj":"Process"},{"id":"T24","span":{"begin":1206,"end":1220},"obj":"Process"},{"id":"T25","span":{"begin":1379,"end":1398},"obj":"Material"},{"id":"T26","span":{"begin":1462,"end":1464},"obj":"Process"},{"id":"T27","span":{"begin":1485,"end":1489},"obj":"Material"},{"id":"T28","span":{"begin":1491,"end":1495},"obj":"Material"},{"id":"T29","span":{"begin":1524,"end":1526},"obj":"Material"},{"id":"T30","span":{"begin":1543,"end":1559},"obj":"Process"},{"id":"T31","span":{"begin":1561,"end":1604},"obj":"Process"},{"id":"T32","span":{"begin":1696,"end":1698},"obj":"Material"},{"id":"T33","span":{"begin":1727,"end":1748},"obj":"Process"},{"id":"T34","span":{"begin":1858,"end":1883},"obj":"Process"},{"id":"T35","span":{"begin":1896,"end":1909},"obj":"Process"},{"id":"T36","span":{"begin":1915,"end":1939},"obj":"Process"},{"id":"T37","span":{"begin":1946,"end":1964},"obj":"Process"}],"relations":[]}