{"text":"LRRK2 enhances oxidative stress-induced neurotoxicity via its kinase activity.\nLRRK2 is an autosomal dominant gene whose mutations cause familial Parkinson's disease (PD). The LRRK2 protein contains a functional kinase and a GTPase domain. PD phenotypes caused by LRRK2 mutations are similar to those of idiopathic PD, implying that LRRK2 is an important participant in PD pathogenesis. Of LRRK2's PD-specific mutations, the G2019S is the most frequently observed one. Its over-expression is known to increase kinase activity and neurotoxicity compared to wild type (WT) LRRK2. Here, using a simple colorimetric cell viability assay, we analyzed LRRK2's neurotoxicity in dopaminergic SN4741 cells following treatment with hydrogen peroxide. When WT, G2019S, or empty vector was expressed in SN4741 cells, cell death was modestly and significantly increased in the order of G2019S greater than WT greater than vector. When these transfected cells were treated with hydrogen peroxide to mimic oxidative stress, cellular neurotoxicity was enhanced in the same order (i.e. G2019S greater than WT greater than vector). Moreover, incubation of SN4741 cells with conditioned medium from cells expressing G2019S and subjected to hydrogen peroxide treatment exhibited 10-15% more cell death than conditioned medium from cells transfected with vector or WT, suggesting that G2019S-expressing cells secrete a factor(s) affecting viability of neighboring cells. The kinase domain was mapped to be responsible for oxidative stress-induced neurotoxicity. In addition, over-expression of WT and G2019S LRRK2 lead to a weak, but significant, increase in intracellular reactive oxygen species (ROS) in the order of G2019S greater than WT as measured by DCFH-DA assay in both the presence and absence of H(2)O(2) treatment. Furthermore, in G2019S-expressing cells, co-expression of the anti-oxidant protein DJ-1 or ERK inhibitor treatment restored survival rate to a level similar to that of cells transfected with control vector under H(2)O(2) treatment. Taken together, our data suggest that the LRRK2 kinase domain increases the generation of ROS and causes enhanced neurotoxicity under H(2)O(2) treatment, which can be at least partially rescued by DJ-1 or the ERK inhibitor.\n","denotations":[{"id":"T1","span":{"begin":0,"end":53},"obj":"Process"},{"id":"T2","span":{"begin":79,"end":84},"obj":"Process"},{"id":"T3","span":{"begin":167,"end":169},"obj":"Material"},{"id":"T4","span":{"begin":176,"end":189},"obj":"Material"},{"id":"T5","span":{"begin":240,"end":253},"obj":"Material"},{"id":"T6","span":{"begin":264,"end":279},"obj":"Process"},{"id":"T7","span":{"begin":315,"end":317},"obj":"Material"},{"id":"T8","span":{"begin":333,"end":338},"obj":"Material"},{"id":"T9","span":{"begin":370,"end":385},"obj":"Material"},{"id":"T10","span":{"begin":398,"end":419},"obj":"Material"},{"id":"T11","span":{"begin":425,"end":431},"obj":"Process"},{"id":"T12","span":{"begin":567,"end":569},"obj":"Process"},{"id":"T13","span":{"begin":646,"end":668},"obj":"Process"},{"id":"T14","span":{"begin":684,"end":696},"obj":"Material"},{"id":"T15","span":{"begin":722,"end":739},"obj":"Material"},{"id":"T16","span":{"begin":750,"end":756},"obj":"Material"},{"id":"T17","span":{"begin":791,"end":803},"obj":"Material"},{"id":"T18","span":{"begin":940,"end":945},"obj":"Material"},{"id":"T19","span":{"begin":964,"end":981},"obj":"Material"},{"id":"T20","span":{"begin":985,"end":1007},"obj":"Task"},{"id":"T21","span":{"begin":1009,"end":1031},"obj":"Process"},{"id":"T22","span":{"begin":1138,"end":1150},"obj":"Material"},{"id":"T23","span":{"begin":1156,"end":1185},"obj":"Material"},{"id":"T24","span":{"begin":1197,"end":1203},"obj":"Process"},{"id":"T25","span":{"begin":1221,"end":1248},"obj":"Material"},{"id":"T26","span":{"begin":1287,"end":1340},"obj":"Material"},{"id":"T27","span":{"begin":1344,"end":1346},"obj":"Material"},{"id":"T28","span":{"begin":1364,"end":1387},"obj":"Material"},{"id":"T29","span":{"begin":1431,"end":1448},"obj":"Material"},{"id":"T30","span":{"begin":1501,"end":1539},"obj":"Process"},{"id":"T31","span":{"begin":1573,"end":1575},"obj":"Material"},{"id":"T32","span":{"begin":1580,"end":1597},"obj":"Material"},{"id":"T33","span":{"begin":1626,"end":1675},"obj":"Process"},{"id":"T34","span":{"begin":1677,"end":1680},"obj":"Material"},{"id":"T35","span":{"begin":1718,"end":1720},"obj":"Material"},{"id":"T36","span":{"begin":1736,"end":1749},"obj":"Material"},{"id":"T37","span":{"begin":1822,"end":1845},"obj":"Material"},{"id":"T38","span":{"begin":1847,"end":1860},"obj":"Process"},{"id":"T39","span":{"begin":1868,"end":1893},"obj":"Material"},{"id":"T40","span":{"begin":1897,"end":1920},"obj":"Process"},{"id":"T41","span":{"begin":1974,"end":1979},"obj":"Material"},{"id":"T42","span":{"begin":2018,"end":2043},"obj":"Process"},{"id":"T43","span":{"begin":2080,"end":2099},"obj":"Process"},{"id":"T44","span":{"begin":2128,"end":2131},"obj":"Material"},{"id":"T45","span":{"begin":2143,"end":2197},"obj":"Process"},{"id":"T46","span":{"begin":2235,"end":2239},"obj":"Material"},{"id":"T47","span":{"begin":2247,"end":2260},"obj":"Material"}],"relations":[]}