{"text":"Aromatase and in situ estrogen production in DCIS (ductal carcinoma in situ) of human breast.\nDuctal carcinoma in situ or DCIS belongs to intraductal proliferative lesions, which are a group of cytologically and architecturally diverse ductal proliferations, typically originating from the terminal duct-lobular units. In these intraductal proliferative diseases, estrogens are considered to be involved in the progression of the disease especially from ductal non-neoplastic hyperplasia to DCIS and possibly development of invasive carcinoma from DCIS. Estrogen receptor (ER) alpha is abundantly expressed in atypical ductal hyperplasia and low grade DCIS. Suppression of estrogenic actions using tamoxifen resulted in inhibition of recurrence of DCIS and/or of progression into invasive carcinoma. Intratumoral estrogen concentration in DCIS determined by liquid chromatography/electrospray tandem mass spectrometry is significantly higher than that in non-neoplastic breast tissues with statistically not lower than that in invasive carcinoma. Aromatase mRNA expression in both stromal and parenchymal cells of DCIS determined by quantitative RT-PCR following laser capture microdissection was also much higher than that in non-neoplastic breast, although lower than that in invasive carcinoma. Immunohistochemistry of aromatase also revealed the similar patterns of immunolocalization as in invasive carcinoma. Aromatase is overexpressed in noninvasive breast malignancies including DCIS and results in elevated concentrations of intratumoral estradiol. These findings could provide the scientific rationale as to employing aromatase inhibitors in the management of ER positive DCIS patients.\n","denotations":[{"id":"T1","span":{"begin":45,"end":49},"obj":"Material"},{"id":"T2","span":{"begin":51,"end":67},"obj":"Material"},{"id":"T3","span":{"begin":122,"end":134},"obj":"Material"},{"id":"T4","span":{"begin":150,"end":171},"obj":"Process"},{"id":"T5","span":{"begin":228,"end":257},"obj":"Material"},{"id":"T6","span":{"begin":290,"end":317},"obj":"Material"},{"id":"T7","span":{"begin":454,"end":487},"obj":"Material"},{"id":"T8","span":{"begin":491,"end":495},"obj":"Material"},{"id":"T9","span":{"begin":524,"end":552},"obj":"Material"},{"id":"T10","span":{"begin":554,"end":571},"obj":"Material"},{"id":"T11","span":{"begin":573,"end":575},"obj":"Process"},{"id":"T12","span":{"begin":610,"end":637},"obj":"Material"},{"id":"T13","span":{"begin":642,"end":656},"obj":"Material"},{"id":"T14","span":{"begin":748,"end":752},"obj":"Material"},{"id":"T15","span":{"begin":753,"end":798},"obj":"Task"},{"id":"T16","span":{"begin":839,"end":843},"obj":"Material"},{"id":"T17","span":{"begin":858,"end":917},"obj":"Material"},{"id":"T18","span":{"begin":1047,"end":1073},"obj":"Process"},{"id":"T19","span":{"begin":1114,"end":1118},"obj":"Material"},{"id":"T20","span":{"begin":1133,"end":1192},"obj":"Process"},{"id":"T21","span":{"begin":1350,"end":1388},"obj":"Process"},{"id":"T22","span":{"begin":1487,"end":1491},"obj":"Process"},{"id":"T23","span":{"begin":1534,"end":1556},"obj":"Material"},{"id":"T24","span":{"begin":1670,"end":1695},"obj":"Process"}],"relations":[]}