{"text":"Alterations in mRNA and protein levels of metalloproteinases-2, -9, and -14 and tissue inhibitor of metalloproteinase-2 responses to traumatic skeletal muscle injury.\nThis study characterizes the temporal relationship of membrane type-1 matrix metalloproteinase (MT1-MMP) and tissue inhibitor of metalloproteinase-2 (TIMP-2) expression in skeletal muscle following injury. Tibialis anterior (TA) muscles from 60 mice were exposed and injured by applying a cold steel probe (-79 degrees C) to the muscle for 10 s. Thereafter, TA muscles from uninjured and injured legs were collected at 3, 10, 24, 48, and 72 h postinjury for analysis of local MT1-MMP, TIMP-2, and matrix metalloproteinases-2 and -9 (MMP-2 and MMP-9) mRNA and protein content via quantitative RT-PCR, immunoblotting, zymography, and immunofluorescence. All data are expressed as fold change of injured leg vs. uninjured leg. MT1-MMP mRNA levels were decreased significantly at 48 and 72 h postinjury by approximately 9- and 21-fold, respectively (P  less than  0.01). Both TIMP-2 and MMP-2 mRNA expression significantly decreased in the injured leg by approximately 4- to 10-fold at 10-72 h postinjury (P  less than  0.01). MMP-9 mRNA expression was significantly increased at 10, 24, and 48 h postinjury by 6- (P  less than  0.05), 25-, and 12-fold (P  less than  0.01), respectively. Protein content of latent (63 kDa) MT1-MMP was decreased at 48 and 72 h postinjury by approximately 2-fold (P  less than  0.01). Content of the soluble (50 kDa) fragment of MT1-MMP was significantly increased by approximately 17-, 25-, and 67-fold at 24 (P  less than  0.05), 48, and 72 h (P  less than  0.01) postinjury, respectively. TIMP-2 protein levels diminished from 3 to 48 h postinjury by 1.5-fold to 1.8-fold (P  less than  0.01), before returning to baseline levels at 72 h postinjury. Zymography revealed visual increases in gelatinase activity in molecular weight regions corresponding to MMP-9 and MMP-2. In conclusion, skeletal muscle injury initiates a sequence of events in the MT1-MMP proteolytic cascade resulting in elevated levels of the soluble (50 kDa) fragment of MT1-MMP, which could enhance pericellular extracellular matrix remodeling.\n","denotations":[{"id":"T1","span":{"begin":221,"end":261},"obj":"Material"},{"id":"T2","span":{"begin":263,"end":270},"obj":"Material"},{"id":"T3","span":{"begin":373,"end":395},"obj":"Process"},{"id":"T4","span":{"begin":456,"end":472},"obj":"Material"},{"id":"T5","span":{"begin":525,"end":527},"obj":"Material"},{"id":"T6","span":{"begin":625,"end":650},"obj":"Task"},{"id":"T7","span":{"begin":652,"end":658},"obj":"Material"},{"id":"T8","span":{"begin":710,"end":723},"obj":"Material"},{"id":"T9","span":{"begin":746,"end":765},"obj":"Process"},{"id":"T10","span":{"begin":891,"end":911},"obj":"Material"},{"id":"T11","span":{"begin":1050,"end":1072},"obj":"Process"},{"id":"T12","span":{"begin":1379,"end":1396},"obj":"Material"},{"id":"T13","span":{"begin":1525,"end":1532},"obj":"Material"},{"id":"T14","span":{"begin":1954,"end":1967},"obj":"Material"},{"id":"T15","span":{"begin":2047,"end":2074},"obj":"Material"},{"id":"T16","span":{"begin":2140,"end":2147},"obj":"Material"},{"id":"T17","span":{"begin":2169,"end":2213},"obj":"Process"}],"relations":[]}