{"text":"Dynamic encoding of movement direction in motor cortical neurons.\nWhen we perform a skilled movement such as reaching for an object, we can make use of prior information, for example about the location of the object in space. This helps us to prepare the movement, and we gain improved accuracy and speed during movement execution. Here, we investigate how prior information affects the motor cortical representation of movements during preparation and execution. We trained two monkeys in a delayed reaching task and provided a varying degree of prior information about the final target location. We decoded movement direction from multiple single-unit activity recorded from M1 (primary motor cortex) in one monkey and from PMd (dorsal premotor cortex) in a second monkey. Our results demonstrate that motor cortical cells in both areas exhibit individual encoding characteristics that change dynamically in time and dependent on prior information. On the population level, the information about movement direction is at any point in time accurately represented in a neuronal ensemble of time-varying composition. We conclude that movement representation in the motor cortex is not a static one, but one in which neurons dynamically allocate their computational resources to meet the demands defined by the movement task and the context of the movement. Consequently, we find that the decoding accuracy decreases if the precise task time, or the previous information that was available to the monkey, were disregarded in the decoding process. An optimal strategy for the readout of movement parameters from motor cortex should therefore take into account time and contextual parameters.\n","denotations":[{"id":"T1","span":{"begin":0,"end":38},"obj":"Process"},{"id":"T2","span":{"begin":42,"end":64},"obj":"Material"},{"id":"T3","span":{"begin":175,"end":224},"obj":"Task"},{"id":"T4","span":{"begin":437,"end":462},"obj":"Process"},{"id":"T5","span":{"begin":492,"end":513},"obj":"Process"},{"id":"T6","span":{"begin":804,"end":824},"obj":"Material"},{"id":"T7","span":{"begin":958,"end":974},"obj":"Process"},{"id":"T8","span":{"begin":1164,"end":1176},"obj":"Material"},{"id":"T9","span":{"begin":1527,"end":1543},"obj":"Process"},{"id":"T10","span":{"begin":1609,"end":1621},"obj":"Material"}],"relations":[]}