{"text":"Anti-apoptotic effect of memantine against staurosporine- and low-potassium-induced cell death in cerebellar granule cells: a development-dependent effect.\nMemantine, a NMDA receptor antagonist used in several experimental models of neuronal cell injury, is a neuroprotective agent that can attenuate neuronal apoptosis connected with over-stimulation of NMDA receptors. In the present study, we evaluated the impact of memantine on apoptosis in primary cerebellar granule cell (CGC) cultures at 7 and 12 day in vitro (DIV). Cell death was induced by staurosporine (St, 0.5 microM) or by decreasing the level of potassium in the culture medium (LP, 5 mM KCl). Both treatments induced cell death in CGC with higher cell-damaging effects at 12 DIV and 7 DIV neurons for St and LP, respectively. Memantine (0.1-2 microM) partially attenuated St-induced apoptosis only in 7 DIV CGC as assessed by DNA fragmentation and LDH release, but not caspase-3 activity. During LP-induced apoptosis, memantine decreased LDH release and DNA fragmentation, but not affected caspase-3 activity in 7 and 12 DIV CGC. Interestingly, we found no beneficial effects of other NMDA antagonists, including a competitive antagonist such as AP-5 (100 microM) and an uncompetitive antagonist such as MK-801, (1 microM). In conclusion, our data suggest that the anti-apoptotic effects of memantine in CGC are developmentally regulated and its neuroprotective action occurs through an NMDAR-independent mechanism.\n","denotations":[{"id":"T1","span":{"begin":0,"end":34},"obj":"Task"},{"id":"T2","span":{"begin":43,"end":95},"obj":"Process"},{"id":"T3","span":{"begin":98,"end":122},"obj":"Material"},{"id":"T4","span":{"begin":169,"end":193},"obj":"Material"},{"id":"T5","span":{"begin":301,"end":319},"obj":"Process"},{"id":"T6","span":{"begin":340,"end":369},"obj":"Process"},{"id":"T7","span":{"begin":396,"end":442},"obj":"Task"},{"id":"T8","span":{"begin":454,"end":477},"obj":"Process"},{"id":"T9","span":{"begin":479,"end":482},"obj":"Process"},{"id":"T10","span":{"begin":519,"end":522},"obj":"Process"},{"id":"T11","span":{"begin":574,"end":581},"obj":"Material"},{"id":"T12","span":{"begin":588,"end":643},"obj":"Process"},{"id":"T13","span":{"begin":665,"end":701},"obj":"Process"},{"id":"T14","span":{"begin":804,"end":817},"obj":"Material"},{"id":"T15","span":{"begin":893,"end":910},"obj":"Process"},{"id":"T16","span":{"begin":1152,"end":1168},"obj":"Material"},{"id":"T17","span":{"begin":1213,"end":1231},"obj":"Material"},{"id":"T18","span":{"begin":1271,"end":1273},"obj":"Material"},{"id":"T19","span":{"begin":1280,"end":1289},"obj":"Material"},{"id":"T20","span":{"begin":1332,"end":1354},"obj":"Process"},{"id":"T21","span":{"begin":1371,"end":1374},"obj":"Material"},{"id":"T22","span":{"begin":1454,"end":1481},"obj":"Process"}],"relations":[]}