{"text":"Leucine-rich repeat kinase 2 induces alpha-synuclein expression via the extracellular signal-regulated kinase pathway.\nMutations in leucine-rich repeat kinase 2 (LRRK2) are the most frequent cause of autosomal-dominant Parkinson's disease (PD). The second known autosomal-dominant PD gene (SNCA) encodes alpha-synuclein, which is deposited in Lewy bodies, the neuropathological hallmark of PD. LRRK2 contains a kinase domain with homology to mitogen-activated protein kinase kinase kinases (MAPKKKs) and its activity has been suggested to be a key factor in LRRK2-associated PD. Here we investigated the role of LRRK2 in signal transduction pathways to identify putative PD-relevant downstream targets. Over-expression of wild-type (wt)LRRK2 in human embryonic kidney HEK293 cells selectively activated the extracellular signal-regulated kinase (ERK) module. PD-associated mutants G2019S and R1441C, but not kinase-dead LRRK2, induced ERK phosphorylation to the same extent as (wt)LRRK2, indicating that this effect is kinase-dependent. However, ERK activation by mutant R1441C and G2019S was significantly slower than that for (wt)LRRK2, despite similar levels of expression. Furthermore, induction of the ERK module by LRRK2 was associated to a small but significant induction of SNCA, which was suppressed by treatment with the selective MAPK/ERK kinase inhibitor U0126. This pathway linking the two dominant PD genes LRRK2 and SNCA may offer an interesting target for drug therapy in both familial and sporadic disease.\n","denotations":[{"id":"T1","span":{"begin":43,"end":63},"obj":"Process"},{"id":"T2","span":{"begin":162,"end":167},"obj":"Process"},{"id":"T3","span":{"begin":240,"end":242},"obj":"Material"},{"id":"T4","span":{"begin":281,"end":288},"obj":"Material"},{"id":"T5","span":{"begin":290,"end":294},"obj":"Process"},{"id":"T6","span":{"begin":390,"end":392},"obj":"Material"},{"id":"T7","span":{"begin":394,"end":399},"obj":"Material"},{"id":"T8","span":{"begin":491,"end":498},"obj":"Material"},{"id":"T9","span":{"begin":575,"end":577},"obj":"Material"},{"id":"T10","span":{"begin":604,"end":611},"obj":"Task"},{"id":"T11","span":{"begin":612,"end":617},"obj":"Material"},{"id":"T12","span":{"begin":621,"end":649},"obj":"Process"},{"id":"T13","span":{"begin":671,"end":701},"obj":"Material"},{"id":"T14","span":{"begin":733,"end":743},"obj":"Material"},{"id":"T15","span":{"begin":745,"end":780},"obj":"Material"},{"id":"T16","span":{"begin":846,"end":849},"obj":"Process"},{"id":"T17","span":{"begin":859,"end":887},"obj":"Material"},{"id":"T18","span":{"begin":935,"end":954},"obj":"Process"},{"id":"T19","span":{"begin":1046,"end":1060},"obj":"Process"},{"id":"T20","span":{"begin":1071,"end":1077},"obj":"Process"},{"id":"T21","span":{"begin":1082,"end":1088},"obj":"Material"},{"id":"T22","span":{"begin":1221,"end":1226},"obj":"Material"},{"id":"T23","span":{"begin":1282,"end":1286},"obj":"Material"},{"id":"T24","span":{"begin":1412,"end":1414},"obj":"Material"},{"id":"T25","span":{"begin":1431,"end":1435},"obj":"Material"},{"id":"T26","span":{"begin":1472,"end":1484},"obj":"Task"}],"relations":[]}