{"text":"Lentivirus-mediated transfer of MMP-9 shRNA provides neuroprotection following focal ischemic brain injury in rats.\nVarious studies on focal cerebral ischemic models have implicated the direct activation and expression of matrix metalloproteinases (MMPs), especially MMP-9, as a key orchestrator of blood-brain barrier (BBB) disruption. Moreover, studies have shown that MMP-9 siRNA can protect the BBB from ischemia/reperfusion injury. In the present study, we investigated the neuroprotective role of a lentivirus vector-mediated mmp-9shRNA following focal cerebral ischemia--specifically assessing whether LV-mmp9shRNA silencing of MMP-9 mRNA could ameliorate BBB disruption and in turn reduce vascular permeability, neuronal cell death, and neurobehavioral deficits. Treatment was given 2 weeks prior to surgery using a lentivirus-mediated vector. Surgery was conducted using the established middle cerebral artery occlusion (MCAO) model in rats, while outcomes were measured 24 h after injury. Our results demonstrated a significant reduction in brain infarction volume, brain water content, and neurobehavioral deficits following LV-mmp9shRNA treatment. Additionally, Evans blue and IgG extravasation were reduced, MMP-9 mRNA expression was silenced, and Western blot analysis revealed a decreased expression of MMP-9 and VEGF with an increased expression of occludin and collagen IV in brain tissues. This suggests that successful delivery of LV-mmp9shRNA may ameliorate ischemic brain injury by preserving structural integrity and improving functional outcome.\n","denotations":[{"id":"T1","span":{"begin":32,"end":44},"obj":"Material"},{"id":"T2","span":{"begin":135,"end":165},"obj":"Process"},{"id":"T3","span":{"begin":208,"end":247},"obj":"Process"},{"id":"T4","span":{"begin":249,"end":253},"obj":"Material"},{"id":"T5","span":{"begin":267,"end":272},"obj":"Material"},{"id":"T6","span":{"begin":299,"end":318},"obj":"Material"},{"id":"T7","span":{"begin":320,"end":323},"obj":"Process"},{"id":"T8","span":{"begin":371,"end":383},"obj":"Material"},{"id":"T9","span":{"begin":399,"end":435},"obj":"Process"},{"id":"T10","span":{"begin":635,"end":646},"obj":"Material"},{"id":"T11","span":{"begin":663,"end":677},"obj":"Process"},{"id":"T12","span":{"begin":720,"end":739},"obj":"Process"},{"id":"T13","span":{"begin":896,"end":928},"obj":"Process"},{"id":"T14","span":{"begin":930,"end":934},"obj":"Process"},{"id":"T15","span":{"begin":1026,"end":1074},"obj":"Process"},{"id":"T16","span":{"begin":1076,"end":1087},"obj":"Material"},{"id":"T17","span":{"begin":1174,"end":1184},"obj":"Material"},{"id":"T18","span":{"begin":1221,"end":1243},"obj":"Material"},{"id":"T19","span":{"begin":1261,"end":1282},"obj":"Process"},{"id":"T20","span":{"begin":1318,"end":1332},"obj":"Material"},{"id":"T21","span":{"begin":1378,"end":1389},"obj":"Material"},{"id":"T22","span":{"begin":1503,"end":1534},"obj":"Process"}],"relations":[]}