{"text":"Isolation of low-n amyloid β-protein oligomers from cultured cells, CSF, and brain.\nRecent data suggest that soluble, non-fibrillar assemblies of the amyloid β-protein (Aβ) may mediate the synaptic deficits that characterize the early stages of Alzheimer's disease. Consequently, much effort has been expended in isolating and studying a variety of different Aβ assemblies. Here, we describe the use of immunoprecipitation/western blotting and size exclusion chromatography/western blotting to characterize Aβ present in conditioned medium from cultured cells, human cerebrospinal fluid, and human cortex extracted with aqueous buffer, detergent, and formic acid.\n","denotations":[{"id":"T1","span":{"begin":0,"end":12},"obj":"Task"},{"id":"T2","span":{"begin":13,"end":46},"obj":"Material"},{"id":"T3","span":{"begin":52,"end":66},"obj":"Material"},{"id":"T4","span":{"begin":68,"end":71},"obj":"Material"},{"id":"T5","span":{"begin":118,"end":167},"obj":"Process"},{"id":"T6","span":{"begin":313,"end":372},"obj":"Process"},{"id":"T7","span":{"begin":403,"end":439},"obj":"Process"},{"id":"T8","span":{"begin":521,"end":559},"obj":"Material"},{"id":"T9","span":{"begin":561,"end":586},"obj":"Material"}],"relations":[]}