{"text":"α-Synuclein, leucine-rich repeat kinase-2, and manganese in the pathogenesis of Parkinson disease.\nParkinson disease (PD) is the most common movement disorder. It is characterized by bradykinesia, postural instability, resting tremor, and rigidity associated with the progressive loss of dopaminergic neurons in the substantia nigra pars compacta. Another pathological hallmark of PD is the presence of α-synuclein proteiniacous inclusions, known as Lewy bodies and Lewy neurites, in some of the remaining dopaminergic neurons. Mounting evidence indicates that both genetic and environmental factors contribute to the etiology of PD. For example, genetic mutations (duplications, triplications or missense mutations) in the α-synuclein gene can lead to PD, but even in these patients, age-dependent physiological changes or environmental exposures appear to be involved in disease presentation. Several additional alterations in many other genes have been established to either cause or increase the risk of parkinson disease. More specifically, autosomal dominant missense mutations in the gene for leucine-rich repeat kinase 2 (LRRK2/PARK8) are the most common known cause of PD. Recently it was shown that G2019S, the most common diseasing-causing mutant of LRRK2, has dramatic effects on the kinase activity of LRRK2: while activity of wild-type LRRK2 is inhibited by manganese, the G2019S mutation abrogates this inhibition. Based on the in vitro kinetic properties of LRRK2 in the presence of manganese, we proposed that LRRK2 may be a sensor of cytoplasmic manganese levels and that the G2019S mutant has lost this function. This finding, alongside a growing number of studies demonstrating an interaction between PD-associated proteins and manganese, suggest that dysregulation of neuronal manganese homeostasis over a lifetime can play an important role in the etiology of PD.\n","denotations":[{"id":"T1","span":{"begin":80,"end":97},"obj":"Material"},{"id":"T2","span":{"begin":99,"end":116},"obj":"Material"},{"id":"T3","span":{"begin":118,"end":120},"obj":"Material"},{"id":"T4","span":{"begin":197,"end":217},"obj":"Process"},{"id":"T5","span":{"begin":316,"end":346},"obj":"Material"},{"id":"T6","span":{"begin":381,"end":383},"obj":"Material"},{"id":"T7","span":{"begin":466,"end":479},"obj":"Process"},{"id":"T8","span":{"begin":496,"end":526},"obj":"Process"},{"id":"T9","span":{"begin":630,"end":632},"obj":"Material"},{"id":"T10","span":{"begin":647,"end":664},"obj":"Process"},{"id":"T11","span":{"begin":680,"end":715},"obj":"Process"},{"id":"T12","span":{"begin":753,"end":755},"obj":"Material"},{"id":"T13","span":{"begin":1130,"end":1141},"obj":"Process"},{"id":"T14","span":{"begin":1178,"end":1180},"obj":"Material"},{"id":"T15","span":{"begin":1209,"end":1215},"obj":"Material"},{"id":"T16","span":{"begin":1261,"end":1266},"obj":"Material"},{"id":"T17","span":{"begin":1350,"end":1355},"obj":"Process"},{"id":"T18","span":{"begin":1387,"end":1402},"obj":"Process"},{"id":"T19","span":{"begin":1474,"end":1479},"obj":"Material"},{"id":"T20","span":{"begin":1527,"end":1532},"obj":"Material"},{"id":"T21","span":{"begin":1552,"end":1580},"obj":"Material"},{"id":"T22","span":{"begin":1594,"end":1607},"obj":"Material"},{"id":"T23","span":{"begin":1721,"end":1743},"obj":"Material"},{"id":"T24","span":{"begin":1772,"end":1819},"obj":"Process"},{"id":"T25","span":{"begin":1882,"end":1884},"obj":"Material"}],"relations":[]}