{"text":"A rat model of progressive nigral neurodegeneration induced by the Parkinson's disease-associated G2019S mutation in LRRK2.\nThe G2019S mutation in the leucine-rich repeat kinase 2 (LRRK2) gene is the most common genetic cause of Parkinson's disease (PD), accounting for a significant proportion of both autosomal dominant familial and sporadic PD cases. Our aim in the present study is to generate a mammalian model of mutant G2019S LRRK2 pathogenesis, which reproduces the robust nigral neurodegeneration characteristic of PD. We developed adenoviral vectors to drive neuron-specific expression of full-length wild-type or mutant G2019S human LRRK2 in the nigrostriatal system of adult rats. Wild-type LRRK2 did not induce any significant neuronal loss. In contrast, under the same conditions and levels of expression, G2019S mutant LRRK2 causes a progressive degeneration of nigral dopaminergic neurons. Our data provide a novel rat model of PD, based on a prevalent genetic cause, that reproduces a cardinal feature of the disease within a rapid time frame suitable for testing of neuroprotective strategies.\n","denotations":[{"id":"T1","span":{"begin":27,"end":51},"obj":"Process"},{"id":"T2","span":{"begin":67,"end":114},"obj":"Process"},{"id":"T3","span":{"begin":117,"end":122},"obj":"Material"},{"id":"T4","span":{"begin":128,"end":143},"obj":"Process"},{"id":"T5","span":{"begin":229,"end":249},"obj":"Material"},{"id":"T6","span":{"begin":250,"end":252},"obj":"Material"},{"id":"T7","span":{"begin":344,"end":346},"obj":"Material"},{"id":"T8","span":{"begin":389,"end":451},"obj":"Task"},{"id":"T9","span":{"begin":524,"end":526},"obj":"Material"},{"id":"T10","span":{"begin":563,"end":691},"obj":"Task"},{"id":"T11","span":{"begin":820,"end":839},"obj":"Material"},{"id":"T12","span":{"begin":877,"end":904},"obj":"Material"},{"id":"T13","span":{"begin":944,"end":946},"obj":"Material"},{"id":"T14","span":{"begin":1073,"end":1110},"obj":"Task"}],"relations":[]}