{"text":"Synthetic gelatinases inhibitor attenuates electromagnetic pulse-induced blood-brain barrier disruption by inhibiting gelatinases-mediated ZO-1 degradation in rats.\nPreviously we found that exposure to electromagnetic pulse (EMP) induced an increase in blood-brain-barrier (BBB) permeability and the degradation of tight junction protein ZO-1 in rats. Matrix metalloproteinases (MMPs), in particular gelatinases (MMP-2 and MMP-9), play a key role in degradation of tight junction proteins, are known mediators of BBB compromise. We hypothesized that the degradation of ZO-1 by gelatinases contributed to EMP-induced BBB opening. To test this hypothesis, the mRNA level of ZO-1, protein levels of MMP-2, MMP-9 and tissue inhibitor of metalloproteinases (TIMP-1 and TIMP-2) were detected in rat cerebral cortex after exposing rats to EMP at 200 kV/m for 200 pulses. It was found that the mRNA level of ZO-1 was unaltered at different time points after EMP exposure. The protein levels of MMP-2 and MMP-9 significantly increased at 3 h and 0.5 h, respectively. However, TIMP-1 (inhibitor of MMP-9) and TIMP-2 (inhibitor of MMP-2) only moderately increased after EMP exposure. In addition, in situ zymography results showed that the gelatinase activity increased in cerebral microvessels at 3 h after EMP exposure. When rats were treated with gelatinases inhibitor (SB-3CT) before EMP exposure, the EMP-induced BBB opening was attenuated and the ZO-1 degradation was reversed. Our results suggested that EMP-induced BBB opening was related to gelatinase mediated ZO-1 degradation.\n","denotations":[{"id":"T1","span":{"begin":43,"end":84},"obj":"Process"},{"id":"T2","span":{"begin":202,"end":223},"obj":"Process"},{"id":"T3","span":{"begin":225,"end":228},"obj":"Process"},{"id":"T4","span":{"begin":241,"end":272},"obj":"Process"},{"id":"T5","span":{"begin":274,"end":277},"obj":"Process"},{"id":"T6","span":{"begin":321,"end":340},"obj":"Process"},{"id":"T7","span":{"begin":352,"end":377},"obj":"Material"},{"id":"T8","span":{"begin":379,"end":383},"obj":"Process"},{"id":"T9","span":{"begin":413,"end":418},"obj":"Material"},{"id":"T10","span":{"begin":423,"end":430},"obj":"Material"},{"id":"T11","span":{"begin":471,"end":488},"obj":"Process"},{"id":"T12","span":{"begin":513,"end":527},"obj":"Material"},{"id":"T13","span":{"begin":569,"end":571},"obj":"Material"},{"id":"T14","span":{"begin":604,"end":627},"obj":"Process"},{"id":"T15","span":{"begin":672,"end":676},"obj":"Material"},{"id":"T16","span":{"begin":696,"end":701},"obj":"Material"},{"id":"T17","span":{"begin":703,"end":751},"obj":"Material"},{"id":"T18","span":{"begin":753,"end":759},"obj":"Material"},{"id":"T19","span":{"begin":764,"end":768},"obj":"Material"},{"id":"T20","span":{"begin":832,"end":835},"obj":"Process"},{"id":"T21","span":{"begin":900,"end":904},"obj":"Material"},{"id":"T22","span":{"begin":950,"end":962},"obj":"Process"},{"id":"T23","span":{"begin":986,"end":989},"obj":"Material"},{"id":"T24","span":{"begin":1067,"end":1073},"obj":"Material"},{"id":"T25","span":{"begin":1088,"end":1091},"obj":"Material"},{"id":"T26","span":{"begin":1120,"end":1123},"obj":"Material"},{"id":"T27","span":{"begin":1262,"end":1283},"obj":"Material"},{"id":"T28","span":{"begin":1297,"end":1309},"obj":"Process"},{"id":"T29","span":{"begin":1377,"end":1389},"obj":"Process"},{"id":"T30","span":{"begin":1395,"end":1418},"obj":"Process"},{"id":"T31","span":{"begin":1442,"end":1444},"obj":"Material"},{"id":"T32","span":{"begin":1500,"end":1523},"obj":"Process"}],"relations":[]}