{"text":"Effects of hyperbaric oxygen on the expression of claudins after cerebral ischemia-reperfusion in rats.\nThe malfunction of tight junctions (TJs) between endothelial cells in the blood brain barrier (BBB) is the pathophysiological basis for cerebral ischemia-reperfusion (IR) injury. Claudins, major molecular elements of the TJs, play a key role in the paracellular permeability of the BBB. Although several studies have demonstrated the impact of hyperbaric oxygenation (HBO) on boosting oxygen supply and reducing infarct size, its effect and underlying mechanism on the integrity of the BBB is unknown. To study the function of HBO on claudins and the permeability of the BBB, we replicated the animal model of local cerebral IR. Using Evans blue dye, permeability of the BBB was examined. Transmission electron microscopy (TEM), immunohistochemistry, western blot, and gelatin zymography were used to detect the integrity of the BBB, the expression of claudin-1 and claudin-5, and the activity of matrix metalloproteinases (MMPs) in brain microvessel endothelium. Our data indicate that compared with the sham-operated group, IR increased permeability of the BBB to Evans blue dye (P  less than  0.01), peaking at 4 h. The BBB ultrastructure was disrupted and the expression of claudin-5 and claudin-1 decreased (P  less than  0.01) in the 4 and 72 h IR group, respectively. Increased claudin-5 and claudin-1 expression and decreased permeability of the BBB were observed in the HBO + IR group (P  less than  0.01) via the suppression of MMP-2 and MMP-9, respectively. Our study provides direct evidence that HBO decreases the permeability of the BBB by reducing the enzymatic activity of MMPs and augmenting the expression of claudins at different stages in cerebral IR injury.\n","denotations":[{"id":"T1","span":{"begin":11,"end":28},"obj":"Material"},{"id":"T2","span":{"begin":108,"end":138},"obj":"Process"},{"id":"T3","span":{"begin":153,"end":170},"obj":"Material"},{"id":"T4","span":{"begin":178,"end":197},"obj":"Material"},{"id":"T5","span":{"begin":199,"end":202},"obj":"Process"},{"id":"T6","span":{"begin":240,"end":269},"obj":"Process"},{"id":"T7","span":{"begin":271,"end":273},"obj":"Process"},{"id":"T8","span":{"begin":293,"end":317},"obj":"Material"},{"id":"T9","span":{"begin":386,"end":389},"obj":"Material"},{"id":"T10","span":{"begin":448,"end":470},"obj":"Process"},{"id":"T11","span":{"begin":472,"end":475},"obj":"Process"},{"id":"T12","span":{"begin":480,"end":502},"obj":"Material"},{"id":"T13","span":{"begin":507,"end":528},"obj":"Process"},{"id":"T14","span":{"begin":590,"end":593},"obj":"Material"},{"id":"T15","span":{"begin":631,"end":634},"obj":"Material"},{"id":"T16","span":{"begin":675,"end":678},"obj":"Material"},{"id":"T17","span":{"begin":698,"end":731},"obj":"Task"},{"id":"T18","span":{"begin":775,"end":778},"obj":"Material"},{"id":"T19","span":{"begin":793,"end":825},"obj":"Process"},{"id":"T20","span":{"begin":827,"end":830},"obj":"Process"},{"id":"T21","span":{"begin":873,"end":891},"obj":"Process"},{"id":"T22","span":{"begin":905,"end":932},"obj":"Task"},{"id":"T23","span":{"begin":933,"end":936},"obj":"Material"},{"id":"T24","span":{"begin":1001,"end":1026},"obj":"Material"},{"id":"T25","span":{"begin":1037,"end":1066},"obj":"Material"},{"id":"T26","span":{"begin":1130,"end":1155},"obj":"Process"},{"id":"T27","span":{"begin":1163,"end":1166},"obj":"Material"},{"id":"T28","span":{"begin":1170,"end":1184},"obj":"Process"},{"id":"T29","span":{"begin":1227,"end":1245},"obj":"Material"},{"id":"T30","span":{"begin":1355,"end":1363},"obj":"Process"},{"id":"T31","span":{"begin":1458,"end":1461},"obj":"Material"},{"id":"T32","span":{"begin":1483,"end":1497},"obj":"Process"},{"id":"T33","span":{"begin":1542,"end":1547},"obj":"Material"},{"id":"T34","span":{"begin":1552,"end":1557},"obj":"Material"},{"id":"T35","span":{"begin":1613,"end":1616},"obj":"Material"},{"id":"T36","span":{"begin":1651,"end":1654},"obj":"Material"},{"id":"T37","span":{"begin":1658,"end":1739},"obj":"Process"},{"id":"T38","span":{"begin":1772,"end":1781},"obj":"Process"}],"relations":[]}