{"text":"Effect of baicalin on matrix metalloproteinase-9 expression and blood-brain barrier permeability following focal cerebral ischemia in rats.\nFocal cerebral ischemia results in an increased expression of matrix metalloproteinase-9 (MMP-9), which induces vasogenic brain edema via disrupting the blood-brain barrier (BBB) integrity. Recent studies from our laboratory showed that baicalin reduces ischemic brain damage by inhibiting inflammatory reaction and neuronal apoptosis in a rat model of focal cerebral ischemia. In the present study, we first explored the effect of baicalin on the neuronal damage, brain edema and BBB permeability, then further investigated its potential mechanisms. Sprague-Dawley rats underwent permanent middle cerebral artery occlusion (MCAO). Baicalin was administrated by intraperitoneally injected twice at 2 and 12 h after the onset of MCAO. Neuronal damage, brain edema and BBB permeability were measured 24 h following MCAO. Expression of MMP-9 protein and mRNA were determined by western blot and RT-PCR, respectively. Expression of tight junction protein (TJP) occludin was detected by western blot. Neuronal damage, brain edema and BBB permeability were significantly reduced by baicalin administration following focal cerebral ischemia. Elevated expression of MMP-9 protein and mRNA were significantly down-regulated by baicalin administration. In addition, MCAO caused the decreased expression of occludin, which was significantly up-regulated by baicalin administration. Our study suggested that baicalin reduces MCAO-induced neuronal damage, brain edema and BBB permeability, which might be associated with the inhibition of MMP-9 expression and MMP-9-mediated occludin degradation.\n","denotations":[{"id":"T1","span":{"begin":0,"end":130},"obj":"Task"},{"id":"T2","span":{"begin":202,"end":228},"obj":"Material"},{"id":"T3","span":{"begin":230,"end":237},"obj":"Material"},{"id":"T4","span":{"begin":252,"end":273},"obj":"Process"},{"id":"T5","span":{"begin":278,"end":312},"obj":"Process"},{"id":"T6","span":{"begin":314,"end":317},"obj":"Process"},{"id":"T7","span":{"begin":430,"end":451},"obj":"Process"},{"id":"T8","span":{"begin":456,"end":516},"obj":"Task"},{"id":"T9","span":{"begin":621,"end":637},"obj":"Process"},{"id":"T10","span":{"begin":765,"end":769},"obj":"Process"},{"id":"T11","span":{"begin":868,"end":872},"obj":"Material"},{"id":"T12","span":{"begin":907,"end":923},"obj":"Material"},{"id":"T13","span":{"begin":953,"end":957},"obj":"Material"},{"id":"T14","span":{"begin":973,"end":986},"obj":"Material"},{"id":"T15","span":{"begin":1074,"end":1090},"obj":"Process"},{"id":"T16","span":{"begin":1092,"end":1095},"obj":"Process"},{"id":"T17","span":{"begin":1169,"end":1185},"obj":"Material"},{"id":"T18","span":{"begin":1298,"end":1311},"obj":"Material"},{"id":"T19","span":{"begin":1358,"end":1381},"obj":"Process"},{"id":"T20","span":{"begin":1396,"end":1400},"obj":"Material"},{"id":"T21","span":{"begin":1486,"end":1509},"obj":"Process"},{"id":"T22","span":{"begin":1553,"end":1581},"obj":"Process"},{"id":"T23","span":{"begin":1599,"end":1615},"obj":"Process"},{"id":"T24","span":{"begin":1666,"end":1682},"obj":"Material"},{"id":"T25","span":{"begin":1687,"end":1722},"obj":"Material"}],"relations":[]}