{"text":"MMP-mediated disruption of claudin-5 in the blood-brain barrier of rat brain after cerebral ischemia.\nThe blood-brain barrier (BBB) has become a major focus of attention in cerebral pathophysiology and disease progression in the central nervous system. Endothelial tight junctions, the basal lamina, and perivascular astrocytes are jointly referred to as BBB or neurovascular unit. Around the cerebral endothelial cells is the basal lamina composed primarily of laminin, fibronectin, and heparan sulfate. The basal lamina provides a structural barrier to extravasation of cellular blood elements and anchors endothelial cells to astrocytes. Barriers limiting transport into and out of the brain are found at the tight junction proteins and at the basal lamina. The relative contribution of these two sites has not been studied, but it is likely that both are disrupted to some extent in various injury scenarios. We have shown that activation of matrix metalloproteinases (MMPs) opens the BBB by degrading tight junction proteins (claudin-5 and occludin) and increases BBB permeability after stroke, and that an MMP inhibitor prevents degradation of tight junction proteins and attenuates BBB disruption.\n","denotations":[{"id":"T1","span":{"begin":0,"end":23},"obj":"Process"},{"id":"T2","span":{"begin":67,"end":76},"obj":"Process"},{"id":"T3","span":{"begin":106,"end":125},"obj":"Material"},{"id":"T4","span":{"begin":127,"end":130},"obj":"Process"},{"id":"T5","span":{"begin":286,"end":298},"obj":"Material"},{"id":"T6","span":{"begin":355,"end":358},"obj":"Material"},{"id":"T7","span":{"begin":393,"end":419},"obj":"Material"},{"id":"T8","span":{"begin":488,"end":503},"obj":"Process"},{"id":"T9","span":{"begin":509,"end":521},"obj":"Material"},{"id":"T10","span":{"begin":572,"end":595},"obj":"Material"},{"id":"T11","span":{"begin":600,"end":625},"obj":"Material"},{"id":"T12","span":{"begin":946,"end":971},"obj":"Material"},{"id":"T13","span":{"begin":973,"end":977},"obj":"Material"},{"id":"T14","span":{"begin":989,"end":992},"obj":"Material"},{"id":"T15","span":{"begin":996,"end":1029},"obj":"Process"},{"id":"T16","span":{"begin":1069,"end":1085},"obj":"Process"},{"id":"T17","span":{"begin":1112,"end":1134},"obj":"Material"},{"id":"T18","span":{"begin":1189,"end":1203},"obj":"Process"}],"relations":[]}