{"text":"Dysregulated LRRK2 signaling in response to endoplasmic reticulum stress leads to dopaminergic neuron degeneration in C. elegans.\nMutation of leucine-rich repeat kinase 2 (LRRK2) is the leading genetic cause of Parkinson's Disease (PD), manifested as age-dependent dopaminergic neurodegeneration, but the underlying molecular mechanisms remain unclear. Multiple roles of LRRK2 may contribute to dopaminergic neurodegeneration. Endoplasmic reticulum (ER) stress has also been linked to PD pathogenesis, but its interactive mechanism with PD genetic factors is largely unknown. Here, we used C. elegans, human neuroblastoma cells and murine cortical neurons to determine the role of LRRK2 in maintaining dopaminergic neuron viability. We found that LRRK2 acts to protect neuroblastoma cells and C. elegans dopaminergic neurons from the toxicity of 6-hydroxydopamine and/or human α-synuclein, possibly through the p38 pathway, by supporting upregulation of GRP78, a key cell survival molecule during ER stress. A pathogenic LRRK2 mutant (G2019S), however, caused chronic p38 activation that led to death of murine neurons and age-related dopaminergic-specific neurodegeneration in nematodes. These observations establish a critical functional link between LRRK2 and ER stress.\n","denotations":[{"id":"T1","span":{"begin":44,"end":72},"obj":"Process"},{"id":"T2","span":{"begin":95,"end":114},"obj":"Process"},{"id":"T3","span":{"begin":172,"end":177},"obj":"Process"},{"id":"T4","span":{"begin":232,"end":234},"obj":"Material"},{"id":"T5","span":{"begin":371,"end":376},"obj":"Material"},{"id":"T6","span":{"begin":395,"end":425},"obj":"Process"},{"id":"T7","span":{"begin":427,"end":448},"obj":"Process"},{"id":"T8","span":{"begin":450,"end":452},"obj":"Process"},{"id":"T9","span":{"begin":485,"end":487},"obj":"Material"},{"id":"T10","span":{"begin":537,"end":555},"obj":"Material"},{"id":"T11","span":{"begin":590,"end":591},"obj":"Material"},{"id":"T12","span":{"begin":602,"end":627},"obj":"Material"},{"id":"T13","span":{"begin":632,"end":655},"obj":"Material"},{"id":"T14","span":{"begin":659,"end":731},"obj":"Task"},{"id":"T15","span":{"begin":747,"end":752},"obj":"Process"},{"id":"T16","span":{"begin":769,"end":788},"obj":"Material"},{"id":"T17","span":{"begin":793,"end":825},"obj":"Material"},{"id":"T18","span":{"begin":848,"end":888},"obj":"Material"},{"id":"T19","span":{"begin":927,"end":959},"obj":"Process"},{"id":"T20","span":{"begin":997,"end":1006},"obj":"Process"},{"id":"T21","span":{"begin":1010,"end":1033},"obj":"Material"},{"id":"T22","span":{"begin":1035,"end":1041},"obj":"Process"},{"id":"T23","span":{"begin":1060,"end":1082},"obj":"Process"},{"id":"T24","span":{"begin":1104,"end":1118},"obj":"Material"},{"id":"T25","span":{"begin":1263,"end":1272},"obj":"Process"}],"relations":[]}