{"text":"Pathogenic mechanisms in Huntington's disease.\nHuntington's disease (HD) is an autosomal dominant, progressive neurodegenerative disorder presenting in midlife. Multiple pathogenic mechanisms which hypothesise how the expanded CAG repeat causes manifest disease have been suggested since the mutation was first detected. These mechanisms include events that operate at both the gene and protein levels. It has been proposed that somatic instability of the CAG repeat could underlie the striatal-specific pathology observed in HD, although how this occurs and what consequences this has in the disease state remain unknown. The form in which the Htt protein exists within the cell has been extensively studied in terms of both its role in aggregate formation and its cellular processing. Protein-protein interactions, post-translational modifications and protein cleavage have all been suggested to contribute to HD pathogenesis. The potential downstream effects of the mutant Htt protein are also noted here. In particular, the adverse effect of the mutant Htt protein on cellular protein degradation, subcellular transport and transcription are explored, and its role in energy metabolism and excitotoxicity investigated. Elucidating the mechanisms at work in HD pathogenesis and determining when they occur in relation to disease is an important step in the pathway to therapeutic interventions.\n","denotations":[{"id":"T1","span":{"begin":47,"end":68},"obj":"Process"},{"id":"T2","span":{"begin":69,"end":71},"obj":"Process"},{"id":"T3","span":{"begin":161,"end":191},"obj":"Process"},{"id":"T4","span":{"begin":227,"end":237},"obj":"Material"},{"id":"T5","span":{"begin":378,"end":382},"obj":"Material"},{"id":"T6","span":{"begin":429,"end":448},"obj":"Process"},{"id":"T7","span":{"begin":456,"end":466},"obj":"Material"},{"id":"T8","span":{"begin":526,"end":528},"obj":"Material"},{"id":"T9","span":{"begin":738,"end":757},"obj":"Process"},{"id":"T10","span":{"begin":787,"end":815},"obj":"Process"},{"id":"T11","span":{"begin":912,"end":927},"obj":"Process"},{"id":"T12","span":{"begin":933,"end":961},"obj":"Process"},{"id":"T13","span":{"begin":1072,"end":1100},"obj":"Process"},{"id":"T14","span":{"begin":1102,"end":1141},"obj":"Process"},{"id":"T15","span":{"begin":1172,"end":1189},"obj":"Process"},{"id":"T16","span":{"begin":1239,"end":1249},"obj":"Process"},{"id":"T17","span":{"begin":1261,"end":1292},"obj":"Process"}],"relations":[]}