{"text":"Caveolin-1 regulates nitric oxide-mediated matrix metalloproteinases activity and blood-brain barrier permeability in focal cerebral ischemia and reperfusion injury.\nThe roles of caveolin-1 (cav-1) in regulating blood-brain barrier (BBB) permeability are unclear yet. We previously reported that cav-1 was down-regulated and the production of nitric oxide (NO) induced the loss of cav-1 in focal cerebral ischemia and reperfusion injury. The present study aims to address whether the loss of cav-1 impacts on BBB permeability and matrix metalloproteinases (MMPs) activity during cerebral ischemia-reperfusion injury. We found that focal cerebral ischemia-reperfusion down-regulated the expression of cav-1 in isolated cortex microvessels, hippocampus, and cortex of ischemic brain. The down-regulation of cav-1 was correlated with the increased MMP-2 and -9 activities, decreased tight junction (TJ) protein zonula occludens (ZO)-1 expression and enhanced BBB permeability. Treatment of N(G) -nitro-L-arginine methyl ester (L-NAME, a non-selective nitric oxide synthase (NOS) inhibitor) reserved the expression of cav-1, inhibited MMPs activity, and reduced BBB permeability. To elucidate the roles of cav-1 in regulating MMPs and BBB permeability, we used two approaches including cav-1 knockdown in cultured brain microvascular endothelial cells (BMECs) in vitro and cav-1 knockout (KO) mice in vivo. Cav-1 knockdown remarkably increased MMPs activity in BMECs. Meanwhile, with focal cerebral ischemia-reperfusion, cav-1 deficiency mice displayed higher MMPs activities and BBB permeability than wild-type mice. Interestingly, the effects of L-NAME on MMPs activity and BBB permeability was partly reversed in cav-1 deficiency mice. These results, when taken together, suggest that cav-1 plays important roles in regulating MMPs activity and BBB permeability in focal cerebral ischemia and reperfusion injury. The effects of L-NAME on MMPs activity and BBB permeability are partly mediated by preservation of cav-1.\n","denotations":[{"id":"T1","span":{"begin":0,"end":68},"obj":"Material"},{"id":"T2","span":{"begin":212,"end":231},"obj":"Material"},{"id":"T3","span":{"begin":233,"end":236},"obj":"Process"},{"id":"T4","span":{"begin":343,"end":355},"obj":"Material"},{"id":"T5","span":{"begin":357,"end":359},"obj":"Material"},{"id":"T6","span":{"begin":509,"end":525},"obj":"Process"},{"id":"T7","span":{"begin":530,"end":555},"obj":"Material"},{"id":"T8","span":{"begin":579,"end":615},"obj":"Process"},{"id":"T9","span":{"begin":709,"end":737},"obj":"Material"},{"id":"T10","span":{"begin":845,"end":850},"obj":"Material"},{"id":"T11","span":{"begin":886,"end":894},"obj":"Process"},{"id":"T12","span":{"begin":896,"end":925},"obj":"Process"},{"id":"T13","span":{"begin":926,"end":928},"obj":"Material"},{"id":"T14","span":{"begin":956,"end":972},"obj":"Process"},{"id":"T15","span":{"begin":987,"end":988},"obj":"Material"},{"id":"T16","span":{"begin":989,"end":1024},"obj":"Material"},{"id":"T17","span":{"begin":1034,"end":1069},"obj":"Material"},{"id":"T18","span":{"begin":1071,"end":1074},"obj":"Process"},{"id":"T19","span":{"begin":1158,"end":1174},"obj":"Process"},{"id":"T20","span":{"begin":1211,"end":1247},"obj":"Task"},{"id":"T21","span":{"begin":1301,"end":1347},"obj":"Material"},{"id":"T22","span":{"begin":1385,"end":1387},"obj":"Process"},{"id":"T23","span":{"begin":1672,"end":1688},"obj":"Material"},{"id":"T24","span":{"begin":1844,"end":1860},"obj":"Process"},{"id":"T25","span":{"begin":1955,"end":1971},"obj":"Process"}],"relations":[]}