{"text":"(Effects of aromatic resuscitation drugs on blood brain barrier in cerebral ischemia-reperfusion injury model rats).\nTo research the effects of moschus, borneol, styrax and benzoinum on the structure and function of blood brain barrier in cerebral ischemia-reperfusion injury model rats. Focal middle cerebral artery occlusion (MCAO) was introduced as an in vivo ischemic model in rats. After 2 h MCAO, nylon suture was pulled up 1 cm to give blood reperfusion. After 22 h reperfusion, all animals were decapitated. The ultramicrostructure of blood brain barrier of ischemia hemisphere side in fronto-parietal cortex region by transmission electron microscope, and the content of VEGF and MMP-9 in ischemia side brain tissue were measured by ELISA. In model and solvent group rats, the capillary endothelium cells, astro-glial cells and nerve cells in ischemia hemisphere side in fronto-parietal region were emerged in different degree compared with sham-operated groups, which exhibited tight junction between endothelial cells being opened, basal lamina being dissolved, and permeability increasing, and cellularedema. In borneol (0.2 g x kg(-1)) group rats, the structure of three kinds of cells were nearly normal, which tight junction structure was clear, rough endoplasmic reticulum and polyribosome could be found in cytoplasm. In moschus (66.6 mg x kg(-1)) group rats, the structure of capillary endothelium cells and astrocytes were nearly normal as well as the basal lamina, but the electrons in neurons was maldistribution. In styrax (1.332 g x kg(-1)) group rats, astrocytes were nearly normal, while capillary endothelial cells and neurons exhibited oedema in different degrees. And the basal lamina was discontinuous, augmentation of cell spaces in endothelial cells increased the permeability, some endoplasmic reticulum broadened and ribosome ablated. In benzoinum (1.0 g x kg(-1)) group rats, oedema of capillary endothelial cells and astrocytes was significant, basal lamina broke. Meanwhile endoplasmic reticulum broadened as vacuole, the number of ribosome in rough endoplasmic reticulum decreased, crista mitochondriales in some neurons disappeared as vacuole which hint oedema happened. Results also showed that borneol decrease the level of VEGF in ischemia side brain tissue significantly, while has little influence on the level of MMP-9. Moschus showed the tendency to decrease the level of VEGF and MMP-9 in ischemia side brain tissue. Aromatic resuscitation drugs showed the protection effect on blood brain barrier in cerebral ischemia-reperfusion injury rats, which the protection effect of moschus and borneol were better than that of styrax and benzoinum. The mechanism of protection effect maybe related to decrease the level of VEGF and MMP-9.\n","denotations":[{"id":"T1","span":{"begin":1,"end":40},"obj":"Process"},{"id":"T2","span":{"begin":67,"end":114},"obj":"Process"},{"id":"T3","span":{"begin":239,"end":286},"obj":"Process"},{"id":"T4","span":{"begin":288,"end":326},"obj":"Process"},{"id":"T5","span":{"begin":328,"end":332},"obj":"Process"},{"id":"T6","span":{"begin":363,"end":377},"obj":"Process"},{"id":"T7","span":{"begin":627,"end":659},"obj":"Process"},{"id":"T8","span":{"begin":680,"end":684},"obj":"Material"},{"id":"T9","span":{"begin":689,"end":692},"obj":"Material"},{"id":"T10","span":{"begin":742,"end":747},"obj":"Process"},{"id":"T11","span":{"begin":786,"end":813},"obj":"Material"},{"id":"T12","span":{"begin":821,"end":832},"obj":"Material"},{"id":"T13","span":{"begin":837,"end":848},"obj":"Material"},{"id":"T14","span":{"begin":950,"end":970},"obj":"Process"},{"id":"T15","span":{"begin":1011,"end":1028},"obj":"Material"},{"id":"T16","span":{"begin":1043,"end":1055},"obj":"Material"},{"id":"T17","span":{"begin":1077,"end":1100},"obj":"Process"},{"id":"T18","span":{"begin":1193,"end":1198},"obj":"Material"},{"id":"T19","span":{"begin":1231,"end":1249},"obj":"Process"},{"id":"T20","span":{"begin":1267,"end":1305},"obj":"Material"},{"id":"T21","span":{"begin":1394,"end":1421},"obj":"Material"},{"id":"T22","span":{"begin":1506,"end":1513},"obj":"Material"},{"id":"T23","span":{"begin":1613,"end":1640},"obj":"Material"},{"id":"T24","span":{"begin":1700,"end":1712},"obj":"Material"},{"id":"T25","span":{"begin":1732,"end":1807},"obj":"Task"},{"id":"T26","span":{"begin":1920,"end":1947},"obj":"Material"},{"id":"T27","span":{"begin":2119,"end":2141},"obj":"Material"},{"id":"T28","span":{"begin":2150,"end":2157},"obj":"Material"},{"id":"T29","span":{"begin":2264,"end":2268},"obj":"Material"},{"id":"T30","span":{"begin":2357,"end":2360},"obj":"Material"},{"id":"T31","span":{"begin":2417,"end":2421},"obj":"Material"},{"id":"T32","span":{"begin":2426,"end":2429},"obj":"Material"},{"id":"T33","span":{"begin":2463,"end":2491},"obj":"Process"},{"id":"T34","span":{"begin":2547,"end":2588},"obj":"Process"},{"id":"T35","span":{"begin":2692,"end":2722},"obj":"Task"},{"id":"T36","span":{"begin":2762,"end":2766},"obj":"Material"},{"id":"T37","span":{"begin":2771,"end":2776},"obj":"Material"}],"relations":[]}