{"text":"GTPase activity and neuronal toxicity of Parkinson's disease-associated LRRK2 is regulated by ArfGAP1.\nMutations in the leucine-rich repeat kinase 2 (LRRK2) gene are the most common cause of autosomal dominant familial Parkinson's disease (PD) and also contribute to idiopathic PD. LRRK2 encodes a large multi-domain protein with GTPase and kinase activity. Initial data indicates that an intact functional GTPase domain is critically required for LRRK2 kinase activity. PD-associated mutations in LRRK2, including the most common G2019S variant, have variable effects on enzymatic activity but commonly alter neuronal process morphology. The mechanisms underlying the intrinsic and extrinsic regulation of LRRK2 GTPase and kinase activity, and the pathogenic effects of familial mutations, are incompletely understood. Here, we identify a novel functional interaction between LRRK2 and ADP-ribosylation factor GTPase-activating protein 1 (ArfGAP1). LRRK2 and ArfGAP1 interact in vitro in mammalian cells and in vivo in brain, and co-localize in the cytoplasm and at Golgi membranes. PD-associated and functional mutations that alter the GTPase activity of LRRK2 modulate the interaction with ArfGAP1. The GTP hydrolysis activity of LRRK2 is markedly enhanced by ArfGAP1 supporting a role for ArfGAP1 as a GTPase-activating protein for LRRK2. Unexpectedly, ArfGAP1 promotes the kinase activity of LRRK2 suggesting a potential role for GTP hydrolysis in kinase activation. Furthermore, LRRK2 robustly and directly phosphorylates ArfGAP1 in vitro. Silencing of ArfGAP1 expression in primary cortical neurons rescues the neurite shortening phenotype induced by G2019S LRRK2 overexpression, whereas the co-expression of ArfGAP1 and LRRK2 synergistically promotes neurite shortening in a manner dependent upon LRRK2 GTPase activity. Neurite shortening induced by ArfGAP1 overexpression is also attenuated by silencing of LRRK2. Our data reveal a novel role for ArfGAP1 in regulating the GTPase activity and neuronal toxicity of LRRK2; reciprocally, LRRK2 phosphorylates ArfGAP1 and is required for ArfGAP1 neuronal toxicity. ArfGAP1 may represent a promising target for interfering with LRRK2-dependent neurodegeneration in familial and sporadic PD.\n","denotations":[{"id":"T1","span":{"begin":41,"end":78},"obj":"Material"},{"id":"T2","span":{"begin":150,"end":155},"obj":"Process"},{"id":"T3","span":{"begin":240,"end":242},"obj":"Material"},{"id":"T4","span":{"begin":278,"end":280},"obj":"Material"},{"id":"T5","span":{"begin":358,"end":370},"obj":"Material"},{"id":"T6","span":{"begin":448,"end":469},"obj":"Process"},{"id":"T7","span":{"begin":471,"end":503},"obj":"Process"},{"id":"T8","span":{"begin":531,"end":537},"obj":"Process"},{"id":"T9","span":{"begin":749,"end":789},"obj":"Process"},{"id":"T10","span":{"begin":877,"end":882},"obj":"Material"},{"id":"T11","span":{"begin":887,"end":938},"obj":"Process"},{"id":"T12","span":{"begin":989,"end":1004},"obj":"Material"},{"id":"T13","span":{"begin":1050,"end":1059},"obj":"Material"},{"id":"T14","span":{"begin":1084,"end":1086},"obj":"Material"},{"id":"T15","span":{"begin":1206,"end":1220},"obj":"Material"},{"id":"T16","span":{"begin":1233,"end":1238},"obj":"Material"},{"id":"T17","span":{"begin":1336,"end":1341},"obj":"Material"},{"id":"T18","span":{"begin":1397,"end":1402},"obj":"Material"},{"id":"T19","span":{"begin":1435,"end":1449},"obj":"Material"},{"id":"T20","span":{"begin":1485,"end":1490},"obj":"Material"},{"id":"T21","span":{"begin":1581,"end":1685},"obj":"Process"},{"id":"T22","span":{"begin":1728,"end":1777},"obj":"Process"},{"id":"T23","span":{"begin":1828,"end":1881},"obj":"Process"},{"id":"T24","span":{"begin":1903,"end":1921},"obj":"Process"},{"id":"T25","span":{"begin":2023,"end":2028},"obj":"Material"},{"id":"T26","span":{"begin":2044,"end":2049},"obj":"Material"},{"id":"T27","span":{"begin":2182,"end":2215},"obj":"Process"},{"id":"T28","span":{"begin":2241,"end":2243},"obj":"Material"}],"relations":[]}