{"text":"Effects of memantine, an N-methyl-D-aspartate receptor antagonist, on fatigue and neuronal brain damage in a rat model of combined (physical and mental) fatigue.\nMost of the fatigue in everyday life is a combination of physical and mental fatigue. Recently, an animal model of combined fatigue was designed by housing rats in a cage filled with water. We have previously hypothesized that mental fatigue is caused partly by neuronal brain damage through the activation of N-methyl-D-aspartate (NMDA) receptors by quinolinic acid (QUIN), a metabolite of tryptophan (TRP). Therefore, we investigated whether the same mechanism also participates in combined fatigue. Rats were housed for 5 d under water-immersed conditions, and the extent of fatigue was evaluated by a weight-loaded forced swimming test. The swimming time of the water-immersed group was shorter than that of the control group, indicating that rats were fatigued by water-immersion. However, unexpectedly, the blood and brain levels of QUIN in the water-immersed group were lower than those of the control group. QUIN levels in both the blood and brains of a food-restricted nonimmersed group, where body weight was matched with the water-immersed group, were also decreased, suggesting that decreased QUIN in the water-immersed group originated from a reduced intake of TRP-containing food. On the other hand, hippocampal neuronal damage was shown in the water-immersed group, similar to that seen in other fatigue models where QUIN increased. Memantine, an NMDA receptor antagonist, inhibited not only the reduction in swimming times but also the neuronal damage induced by water-immersion. These results suggest that neuronal brain damage by an endogenous NMDA receptor agonist other than QUIN participates in combined fatigue by water immersion.\n","denotations":[{"id":"T1","span":{"begin":0,"end":20},"obj":"Process"},{"id":"T2","span":{"begin":25,"end":65},"obj":"Material"},{"id":"T3","span":{"begin":82,"end":103},"obj":"Process"},{"id":"T4","span":{"begin":261,"end":293},"obj":"Process"},{"id":"T5","span":{"begin":310,"end":322},"obj":"Process"},{"id":"T6","span":{"begin":345,"end":350},"obj":"Material"},{"id":"T7","span":{"begin":424,"end":445},"obj":"Process"},{"id":"T8","span":{"begin":472,"end":492},"obj":"Material"},{"id":"T9","span":{"begin":494,"end":498},"obj":"Process"},{"id":"T10","span":{"begin":513,"end":528},"obj":"Process"},{"id":"T11","span":{"begin":530,"end":534},"obj":"Process"},{"id":"T12","span":{"begin":539,"end":563},"obj":"Process"},{"id":"T13","span":{"begin":565,"end":568},"obj":"Process"},{"id":"T14","span":{"begin":767,"end":801},"obj":"Process"},{"id":"T15","span":{"begin":828,"end":833},"obj":"Material"},{"id":"T16","span":{"begin":931,"end":946},"obj":"Material"},{"id":"T17","span":{"begin":1001,"end":1005},"obj":"Material"},{"id":"T18","span":{"begin":1013,"end":1033},"obj":"Material"},{"id":"T19","span":{"begin":1078,"end":1089},"obj":"Process"},{"id":"T20","span":{"begin":1198,"end":1203},"obj":"Material"},{"id":"T21","span":{"begin":1279,"end":1284},"obj":"Material"},{"id":"T22","span":{"begin":1376,"end":1403},"obj":"Process"},{"id":"T23","span":{"begin":1421,"end":1426},"obj":"Material"},{"id":"T24","span":{"begin":1524,"end":1548},"obj":"Material"},{"id":"T25","span":{"begin":1614,"end":1656},"obj":"Process"},{"id":"T26","span":{"begin":1685,"end":1706},"obj":"Process"},{"id":"T27","span":{"begin":1757,"end":1774},"obj":"Material"},{"id":"T28","span":{"begin":1798,"end":1813},"obj":"Process"}],"relations":[]}