{"text":"(G2019S) LRRK2 activates MKK4-JNK pathway and causes degeneration of SN dopaminergic neurons in a transgenic mouse model of PD.\n(G2019S) mutation of leucine-rich repeat kinase 2 (LRRK2) is the most common genetic cause of both familial and sporadic Parkinson's disease (PD) cases. Twelve- to sixteen-month-old (G2019S) LRRK2 transgenic mice prepared by us displayed progressive degeneration of substantia nigra pars compacta (SNpc) dopaminergic neurons and parkinsonism phenotypes of motor dysfunction. LRRK2 is a member of mixed lineage kinase subfamily of mitogen-activated protein kinase kinase kinases (MAPKKKs). We hypothesized that (G2019S) mutation augmented LRRK2 kinase activity, leading to overphosphorylation of downstream MAPK kinase (MKK) and resulting in activation of neuronal death signal pathway. Consistent with our hypothesis, (G2019S) LRRK2 expressed in HEK 293 cells exhibited an augmented kinase activity of phosphorylating MAPK kinase 4 (MKK4) at Ser(257), and protein expression of active phospho-MKK4(Ser257) was upregulated in the SN of (G2019S) LRRK2 transgenic mice. Protein level of active phospho-JNK(Thr183/Tyr185) and phospho-c-Jun(Ser63), downstream targets of phospho-MKK4(Ser257), was increased in the SN of (G2019S) LRRK2 mice. Upregulated mRNA expression of pro-apoptotic Bim and FasL, target genes of phospho-c-Jun(Ser63), and formation of active caspase-9, caspase-8 and caspase-3 were also observed in the SN of (G2019S) LRRK2 transgenic mice. Our results suggest that mutant (G2019S) LRRK2 activates MKK4-JNK-c-Jun pathway in the SN and causes the resulting degeneration of SNpc dopaminergic neurons in PD transgenic mice.\n","denotations":[{"id":"T1","span":{"begin":1,"end":7},"obj":"Process"},{"id":"T2","span":{"begin":69,"end":92},"obj":"Material"},{"id":"T3","span":{"begin":98,"end":120},"obj":"Process"},{"id":"T4","span":{"begin":124,"end":126},"obj":"Material"},{"id":"T5","span":{"begin":129,"end":135},"obj":"Process"},{"id":"T6","span":{"begin":179,"end":184},"obj":"Process"},{"id":"T7","span":{"begin":270,"end":272},"obj":"Material"},{"id":"T8","span":{"begin":311,"end":317},"obj":"Process"},{"id":"T9","span":{"begin":319,"end":340},"obj":"Material"},{"id":"T10","span":{"begin":394,"end":415},"obj":"Material"},{"id":"T11","span":{"begin":426,"end":453},"obj":"Material"},{"id":"T12","span":{"begin":457,"end":501},"obj":"Task"},{"id":"T13","span":{"begin":503,"end":508},"obj":"Process"},{"id":"T14","span":{"begin":524,"end":605},"obj":"Process"},{"id":"T15","span":{"begin":639,"end":645},"obj":"Process"},{"id":"T16","span":{"begin":700,"end":745},"obj":"Process"},{"id":"T17","span":{"begin":747,"end":750},"obj":"Process"},{"id":"T18","span":{"begin":847,"end":853},"obj":"Process"},{"id":"T19","span":{"begin":874,"end":887},"obj":"Material"},{"id":"T20","span":{"begin":946,"end":966},"obj":"Process"},{"id":"T21","span":{"begin":984,"end":1025},"obj":"Process"},{"id":"T22","span":{"begin":1057,"end":1059},"obj":"Material"},{"id":"T23","span":{"begin":1064,"end":1094},"obj":"Material"},{"id":"T24","span":{"begin":1095,"end":1130},"obj":"Process"},{"id":"T25","span":{"begin":1172,"end":1206},"obj":"Process"},{"id":"T26","span":{"begin":1237,"end":1239},"obj":"Material"},{"id":"T27","span":{"begin":1244,"end":1250},"obj":"Process"},{"id":"T28","span":{"begin":1252,"end":1262},"obj":"Material"},{"id":"T29","span":{"begin":1277,"end":1312},"obj":"Process"},{"id":"T30","span":{"begin":1365,"end":1392},"obj":"Process"},{"id":"T31","span":{"begin":1446,"end":1448},"obj":"Material"},{"id":"T32","span":{"begin":1453,"end":1483},"obj":"Material"},{"id":"T33","span":{"begin":1517,"end":1523},"obj":"Process"},{"id":"T34","span":{"begin":1525,"end":1549},"obj":"Material"},{"id":"T35","span":{"begin":1615,"end":1640},"obj":"Material"},{"id":"T36","span":{"begin":1644,"end":1662},"obj":"Material"}],"relations":[]}