{"text":"Reconstruction of movement-related intracortical activity from micro-electrocorticogram array signals in monkey primary motor cortex.\nSubdural electrode arrays provide stable, less invasive electrocorticogram (ECoG) recordings of neural signals than multichannel needle electrodes. Accurate reconstruction of intracortical local field potentials (LFPs) from ECoG signals would provide a critical step for the development of a less invasive, high-performance brain-machine interface; however, neural signals from individual ECoG channels are generally coarse and have limitations in estimating deep layer LFPs. Here, we developed a high-density, 32-channel, micro-ECoG array and applied a sparse linear regression algorithm to reconstruct the LFPs at various depths of primary motor cortex (M1) in a monkey performing a reach-and-grasp task. At 0.2 mm beneath the cortical surface, the real and estimated LFPs were significantly correlated (correlation coefficient (r); 0.66 ± 0.11), and the r at 3.2 mm was still as high as 0.55 ± 0.04. A time-frequency analysis of the reconstructed LFP showed clear transition between resting and movements by the monkey. These methods would be a powerful tool with wide-ranging applicability in neuroscience studies.\n","denotations":[{"id":"T1","span":{"begin":0,"end":101},"obj":"Task"},{"id":"T2","span":{"begin":134,"end":159},"obj":"Material"},{"id":"T3","span":{"begin":190,"end":208},"obj":"Material"},{"id":"T4","span":{"begin":282,"end":345},"obj":"Process"},{"id":"T5","span":{"begin":347,"end":351},"obj":"Material"},{"id":"T6","span":{"begin":358,"end":371},"obj":"Material"},{"id":"T7","span":{"begin":492,"end":506},"obj":"Material"},{"id":"T8","span":{"begin":523,"end":537},"obj":"Material"},{"id":"T9","span":{"begin":582,"end":608},"obj":"Material"},{"id":"T10","span":{"begin":657,"end":674},"obj":"Material"},{"id":"T11","span":{"begin":688,"end":722},"obj":"Process"},{"id":"T12","span":{"begin":768,"end":788},"obj":"Material"},{"id":"T13","span":{"begin":790,"end":792},"obj":"Process"},{"id":"T14","span":{"begin":863,"end":879},"obj":"Material"},{"id":"T15","span":{"begin":928,"end":964},"obj":"Process"}],"relations":[]}