{"text":"Apocynum venetum leaf extract attenuates disruption of the blood-brain barrier and upregulation of matrix metalloproteinase-9/-2 in a rat model of cerebral ischemia-reperfusion injury.\nWe investigated the neuroprotective effects of Apocynum venetum leaf extract (AVLE) on a rat model of cerebral ischemia-reperfusion injury and explored the underlying mechanisms. Rats were randomly divided into five groups: sham, ischemia-reperfusion, AVLE125, AVLE250, and AVLE500. Cerebral ischemia was induced by 1.5 h of occlusion of the middle cerebral artery. Cerebral infarct area was measured by tetrazolium staining at 24 and 72 h after reperfusion, and neurological function was evaluated at 24, 48 and 72 h after reperfusion. Pathological changes on the ultrastructure of the blood-brain barrier (BBB) were observed by transmission electron microscopy. BBB permeability was assessed by detecting leakage of Evan's blue (EB) dye in brain tissue. The expression and activities of matrix metalloproteinase (MMP)-9/-2 were measured by western blot analyses and gelatin zymography at 24 h after reperfusion. AVLE (500 mg/kg/day) significantly reduced cerebral infarct area, improved recovery of neurological function, relieved morphological damage to the BBB, reduced water content and EB leakage in the brain, and downregulated the expression and activities of MMP-9/-2. These findings suggest that AVLE protects against cerebral ischemia-reperfusion-induced injury by alleviating BBB disruption. This action may be due to its inhibitory effects on the expression and activities of MMP-9/-2.\n","denotations":[{"id":"T1","span":{"begin":0,"end":183},"obj":"Task"},{"id":"T2","span":{"begin":205,"end":261},"obj":"Process"},{"id":"T3","span":{"begin":263,"end":267},"obj":"Process"},{"id":"T4","span":{"begin":274,"end":283},"obj":"Process"},{"id":"T5","span":{"begin":437,"end":444},"obj":"Material"},{"id":"T6","span":{"begin":446,"end":453},"obj":"Material"},{"id":"T7","span":{"begin":459,"end":466},"obj":"Material"},{"id":"T8","span":{"begin":468,"end":485},"obj":"Material"},{"id":"T9","span":{"begin":589,"end":609},"obj":"Process"},{"id":"T10","span":{"begin":648,"end":669},"obj":"Process"},{"id":"T11","span":{"begin":772,"end":791},"obj":"Material"},{"id":"T12","span":{"begin":793,"end":796},"obj":"Process"},{"id":"T13","span":{"begin":815,"end":847},"obj":"Process"},{"id":"T14","span":{"begin":849,"end":865},"obj":"Process"},{"id":"T15","span":{"begin":882,"end":915},"obj":"Process"},{"id":"T16","span":{"begin":916,"end":918},"obj":"Process"},{"id":"T17","span":{"begin":974,"end":998},"obj":"Material"},{"id":"T18","span":{"begin":1000,"end":1003},"obj":"Process"},{"id":"T19","span":{"begin":1053,"end":1071},"obj":"Process"},{"id":"T20","span":{"begin":1186,"end":1207},"obj":"Process"},{"id":"T21","span":{"begin":1246,"end":1249},"obj":"Material"},{"id":"T22","span":{"begin":1259,"end":1264},"obj":"Material"},{"id":"T23","span":{"begin":1277,"end":1287},"obj":"Process"},{"id":"T24","span":{"begin":1353,"end":1361},"obj":"Material"},{"id":"T25","span":{"begin":1391,"end":1395},"obj":"Material"},{"id":"T26","span":{"begin":1413,"end":1442},"obj":"Process"},{"id":"T27","span":{"begin":1473,"end":1487},"obj":"Process"},{"id":"T28","span":{"begin":1574,"end":1582},"obj":"Material"}],"relations":[]}