{"text":"LRRK2 knockout mice have an intact dopaminergic system but display alterations in exploratory and motor co-ordination behaviors.\nMutations in the LRRK2 gene are the most common cause of genetic Parkinson's disease. Although the mechanisms behind the pathogenic effects of LRRK2 mutations are still not clear, data emerging from in vitro and in vivo models suggests roles in regulating neuronal polarity, neurotransmission, membrane and cytoskeletal dynamics and protein degradation.We created mice lacking exon 41 that encodes the activation hinge of the kinase domain of LRRK2. We have performed a comprehensive analysis of these mice up to 20 months of age, including evaluation of dopamine storage, release, uptake and synthesis, behavioral testing, dendritic spine and proliferation/neurogenesis analysis.Our results show that the dopaminergic system was not functionally comprised in LRRK2 knockout mice. However, LRRK2 knockout mice displayed abnormal exploratory activity in the open-field test. Moreover, LRRK2 knockout mice stayed longer than their wild type littermates on the accelerated rod during rotarod testing. Finally, we confirm that loss of LRRK2 caused degeneration in the kidney, accompanied by a progressive enhancement of autophagic activity and accumulation of autofluorescent material, but without evidence of biphasic changes.\n","denotations":[{"id":"T1","span":{"begin":0,"end":19},"obj":"Process"},{"id":"T2","span":{"begin":98,"end":127},"obj":"Process"},{"id":"T3","span":{"begin":146,"end":156},"obj":"Material"},{"id":"T4","span":{"begin":272,"end":287},"obj":"Material"},{"id":"T5","span":{"begin":385,"end":402},"obj":"Process"},{"id":"T6","span":{"begin":423,"end":481},"obj":"Process"},{"id":"T7","span":{"begin":572,"end":577},"obj":"Material"},{"id":"T8","span":{"begin":670,"end":700},"obj":"Task"},{"id":"T9","span":{"begin":753,"end":768},"obj":"Material"},{"id":"T10","span":{"begin":773,"end":808},"obj":"Process"},{"id":"T11","span":{"begin":835,"end":854},"obj":"Material"},{"id":"T12","span":{"begin":919,"end":938},"obj":"Process"}],"relations":[]}