{"text":"Disrupted autophagy leads to dopaminergic axon and dendrite degeneration and promotes presynaptic accumulation of α-synuclein and LRRK2 in the brain.\nParkinson's disease (PD) is characterized pathologically by the formation of ubiquitin and α-synuclein (α-syn)-containing inclusions (Lewy bodies), dystrophic dopamine (DA) terminals, and degeneration of midbrain DA neurons. The precise molecular mechanisms underlying these pathological features remain elusive. Accumulating evidence has implicated dysfunctional autophagy, the cell self-digestion and neuroprotective pathway, as one of the pathogenic systems contributing to the development of idiopathic PD. Here we characterize autophagy-deficient mouse models and provide in vivo evidence for the potential role that impaired autophagy plays in pathogenesis associated with PD. Cell-specific deletion of essential autophagy gene Atg7 in midbrain DA neurons causes delayed neurodegeneration, accompanied by late-onset locomotor deficits. In contrast, Atg7-deficient DA neurons in the midbrain exhibit early dendritic and axonal dystrophy, reduced striatal dopamine content, and the formation of somatic and dendritic ubiquitinated inclusions in DA neurons. Furthermore, whole-brain-specific loss of Atg7 leads to presynaptic accumulation of α-syn and LRRK2 proteins, which are encoded by two autosomal dominantly inherited PD-related genes. Our results suggest that disrupted autophagy may be associated with enhanced levels of endogenous α-syn and LRRK2 proteins in vivo. Our findings implicate dysfunctional autophagy as one of the failing cellular mechanisms involved in the pathogenesis of idiopathic PD.\n","denotations":[{"id":"T1","span":{"begin":0,"end":25},"obj":"Process"},{"id":"T2","span":{"begin":51,"end":72},"obj":"Process"},{"id":"T3","span":{"begin":130,"end":135},"obj":"Material"},{"id":"T4","span":{"begin":171,"end":173},"obj":"Material"},{"id":"T5","span":{"begin":214,"end":252},"obj":"Process"},{"id":"T6","span":{"begin":254,"end":284},"obj":"Process"},{"id":"T7","span":{"begin":298,"end":317},"obj":"Material"},{"id":"T8","span":{"begin":319,"end":321},"obj":"Process"},{"id":"T9","span":{"begin":354,"end":373},"obj":"Material"},{"id":"T10","span":{"begin":646,"end":659},"obj":"Material"},{"id":"T11","span":{"begin":682,"end":714},"obj":"Process"},{"id":"T12","span":{"begin":829,"end":831},"obj":"Material"},{"id":"T13","span":{"begin":892,"end":911},"obj":"Material"},{"id":"T14","span":{"begin":919,"end":944},"obj":"Process"},{"id":"T15","span":{"begin":1005,"end":1030},"obj":"Process"},{"id":"T16","span":{"begin":1199,"end":1209},"obj":"Material"},{"id":"T17","span":{"begin":1305,"end":1319},"obj":"Material"},{"id":"T18","span":{"begin":1377,"end":1393},"obj":"Material"},{"id":"T19","span":{"begin":1503,"end":1517},"obj":"Material"},{"id":"T20","span":{"begin":1588,"end":1615},"obj":"Process"},{"id":"T21","span":{"begin":1659,"end":1661},"obj":"Material"}],"relations":[]}