{"text":"Cullin-3 protein expression levels correlate with breast cancer progression.\nCullin-3 is a component of the Cullin-Ring ubiquitin ligase (CRL) family that plays an important role in mediating protein degradation. Deregulation of Cullin-3 expression has been observed in human cancers; however, a role for Cullin-3 in tumor progression has not been previously recognized. Using the MCF10DCIS.com human breast cancer xenograft model, we show that Cullin-3 is increasingly expressed during progression from comedo ductal carcinoma in situ (DCIS) to invasive carcinomas. Cullin-3 protein is not detected in early lesions but is noticeably increased in DCIS tumors and significantly overexpressed in invasive cancers. In experimental metastasis assays, high expression of Cullin-3 was observed in the lung site. Importantly, Cullin-3 staining is detected in human breast cancer tissues, not in normal breast tissues and its expression level positively correlates with tumor stage. These data suggest that Cullin-3 may play an important role in tumor progression from DCIS to invasive cancer and may serve as a biomarker for the diagnosis of aggressive breast cancer.\n","denotations":[{"id":"T1","span":{"begin":0,"end":34},"obj":"Process"},{"id":"T2","span":{"begin":108,"end":136},"obj":"Process"},{"id":"T3","span":{"begin":138,"end":141},"obj":"Process"},{"id":"T4","span":{"begin":182,"end":211},"obj":"Process"},{"id":"T5","span":{"begin":381,"end":430},"obj":"Process"},{"id":"T6","span":{"begin":504,"end":527},"obj":"Material"},{"id":"T7","span":{"begin":537,"end":541},"obj":"Process"},{"id":"T8","span":{"begin":648,"end":659},"obj":"Material"},{"id":"T9","span":{"begin":820,"end":837},"obj":"Material"},{"id":"T10","span":{"begin":963,"end":974},"obj":"Process"},{"id":"T11","span":{"begin":1062,"end":1066},"obj":"Material"},{"id":"T12","span":{"begin":1123,"end":1160},"obj":"Task"}],"relations":[]}