{"text":"Tissue plasminogen activator prevents restoration of tight junction proteins through upregulation of angiopoietin-2.\nWe examined the temporal profiles of changes in the expressions of tight junction proteins (TJPs; namely, claudin-5, occludin, and ZO-1) after focal cerebral ischemia/reperfusion in mice. We also examined the effects of delayed treatment with tissue plasminogen activator (tPA) on the expressions of TJPs and angiopoietin (Ang) -1/2/Tie2. Mice subjected to a 6-h filamental middle cerebral artery (MCA) occlusion were treated with tPA (10 mg/kg, intravenously, just after the start of reperfusion) or vehicle. The expressions of TJPs were significantly decreased in the early phase of ischemia/reperfusion, and then gradually recovered. A delayed treatment with tPA decreased the expressions of TJPs when examined at 42 h after reperfusion. In contrast, delayed tPA treatment markedly increased Ang-2, but not Ang-1 expression, when examined at 30 h after reperfusion. Treatment with tPA at 300 μg/ml also significantly decreased Ang- 2, but not Tie2 expression, in an in vitro monolayer model generated using human brain microvascular endothelial cells subjected to serum-deprivation. These findings suggest that delayed tPA treatment prevents recovery of TJPs following focal cerebral ischemia/reperfusion, partially via upregulation of Ang-2.\n","denotations":[{"id":"T1","span":{"begin":0,"end":37},"obj":"Material"},{"id":"T2","span":{"begin":38,"end":76},"obj":"Process"},{"id":"T3","span":{"begin":85,"end":115},"obj":"Process"},{"id":"T4","span":{"begin":190,"end":207},"obj":"Process"},{"id":"T5","span":{"begin":248,"end":250},"obj":"Material"},{"id":"T6","span":{"begin":337,"end":354},"obj":"Process"},{"id":"T7","span":{"begin":360,"end":388},"obj":"Material"},{"id":"T8","span":{"begin":391,"end":393},"obj":"Material"},{"id":"T9","span":{"begin":417,"end":438},"obj":"Material"},{"id":"T10","span":{"begin":515,"end":518},"obj":"Process"},{"id":"T11","span":{"begin":549,"end":551},"obj":"Material"},{"id":"T12","span":{"begin":646,"end":650},"obj":"Material"},{"id":"T13","span":{"begin":780,"end":782},"obj":"Material"},{"id":"T14","span":{"begin":1002,"end":1004},"obj":"Material"},{"id":"T15","span":{"begin":1063,"end":1078},"obj":"Process"},{"id":"T16","span":{"begin":1127,"end":1170},"obj":"Material"},{"id":"T17","span":{"begin":1184,"end":1201},"obj":"Process"},{"id":"T18","span":{"begin":1231,"end":1325},"obj":"Process"},{"id":"T19","span":{"begin":1340,"end":1361},"obj":"Process"}],"relations":[]}