{"text":"Decoding wrist kinematics from local field potentials of the ipsilateral primary motor and dorsal premotor cortices.\nLocal field potentials (LFP) are valuable signals for decoding motor kinematics in brain machine interfaces (BMIs). To take full advantage of LFPs, however, more systematic investigation of the relationship between LFPs and ipsilateral limb movement is required. In this paper we investigated the decoding power of LFPs for the ipsilateral wrist movement from two monkeys performing a 2D center-out task. The results show that LFPs could predict the ipsilateral wrist position and velocity with high accuracy, which is comparable to the accuracy of decoding the contralateral kinematics. Furthermore, similar to contralateral decoding, the low (0.3-5 Hz, 5-15 Hz) and high (100-200 Hz, 200-400 Hz) frequency bands resulted in significantly better decoding performance than the medium frequency bands. These results suggest that ipsilateral LFPs could be used to build better BMIs in similar ways of using contralateral LFPs.\n","denotations":[{"id":"T1","span":{"begin":0,"end":115},"obj":"Task"},{"id":"T2","span":{"begin":117,"end":139},"obj":"Process"},{"id":"T3","span":{"begin":141,"end":144},"obj":"Process"},{"id":"T4","span":{"begin":171,"end":196},"obj":"Task"},{"id":"T5","span":{"begin":200,"end":224},"obj":"Material"},{"id":"T6","span":{"begin":226,"end":230},"obj":"Material"},{"id":"T7","span":{"begin":762,"end":770},"obj":"Material"},{"id":"T8","span":{"begin":772,"end":779},"obj":"Material"},{"id":"T9","span":{"begin":785,"end":802},"obj":"Material"},{"id":"T10","span":{"begin":803,"end":813},"obj":"Material"},{"id":"T11","span":{"begin":894,"end":916},"obj":"Material"}],"relations":[]}