{"text":"Early inhibition of MMP activity in ischemic rat brain promotes expression of tight junction proteins and angiogenesis during recovery.\nIn cerebral ischemia, matrix metalloproteinases (MMPs) have a dual role by acutely disrupting tight junction proteins (TJPs) in the blood-brain barrier (BBB) and chronically promoting angiogenesis. Since TJP remodeling of the neurovascular unit (NVU) is important in recovery and early inhibition of MMPs is neuroprotective, we hypothesized that short-term MMP inhibition would reduce infarct size and promote angiogenesis after ischemia. Adult spontaneously hypertensive rats had a transient middle cerebral artery occlusion with reperfusion. At the onset of ischemia, they received a single dose of the MMP inhibitor, GM6001. They were studied at multiple times up to 4 weeks with immunohistochemistry, biochemistry, and magnetic resonance imaging (MRI). We observed newly formed vessels in peri-infarct regions at 3 weeks after reperfusion. Dynamic contrast-enhanced MRI showed BBB opening in new vessels. Along with the new vessels, pericytes expressed zonula occludens-1 (ZO-1) and MMP-3, astrocytes expressed ZO-1, occludin, and MMP-2, while endothelial cells expressed claudin-5. The GM6001, which reduced tissue loss at 3 to 4 weeks, significantly increased new vessel formation with expression of TJPs and MMPs. Our results show that pericytes and astrocytes act spatiotemporally, contributing to extraendothelial TJP formation, and that MMPs are involved in BBB restoration during recovery. Early MMP inhibition benefits neurovascular remodeling after stroke.\n","denotations":[{"id":"T1","span":{"begin":20,"end":23},"obj":"Material"},{"id":"T2","span":{"begin":84,"end":101},"obj":"Process"},{"id":"T3","span":{"begin":158,"end":183},"obj":"Material"},{"id":"T4","span":{"begin":185,"end":189},"obj":"Material"},{"id":"T5","span":{"begin":236,"end":253},"obj":"Process"},{"id":"T6","span":{"begin":268,"end":287},"obj":"Material"},{"id":"T7","span":{"begin":289,"end":292},"obj":"Process"},{"id":"T8","span":{"begin":340,"end":380},"obj":"Process"},{"id":"T9","span":{"begin":382,"end":385},"obj":"Process"},{"id":"T10","span":{"begin":436,"end":440},"obj":"Material"},{"id":"T11","span":{"begin":482,"end":507},"obj":"Process"},{"id":"T12","span":{"begin":538,"end":558},"obj":"Process"},{"id":"T13","span":{"begin":575,"end":661},"obj":"Process"},{"id":"T14","span":{"begin":741,"end":754},"obj":"Material"},{"id":"T15","span":{"begin":756,"end":762},"obj":"Material"},{"id":"T16","span":{"begin":859,"end":885},"obj":"Process"},{"id":"T17","span":{"begin":887,"end":890},"obj":"Process"},{"id":"T18","span":{"begin":1113,"end":1115},"obj":"Material"},{"id":"T19","span":{"begin":1123,"end":1126},"obj":"Material"},{"id":"T20","span":{"begin":1151,"end":1155},"obj":"Material"},{"id":"T21","span":{"begin":1171,"end":1176},"obj":"Material"},{"id":"T22","span":{"begin":1184,"end":1201},"obj":"Material"},{"id":"T23","span":{"begin":1302,"end":1322},"obj":"Process"},{"id":"T24","span":{"begin":1459,"end":1472},"obj":"Process"},{"id":"T25","span":{"begin":1483,"end":1487},"obj":"Material"},{"id":"T26","span":{"begin":1504,"end":1535},"obj":"Process"},{"id":"T27","span":{"begin":1537,"end":1591},"obj":"Process"}],"relations":[]}