{"text":"Diapocynin prevents early Parkinson's disease symptoms in the leucine-rich repeat kinase 2 (LRRK2R¹⁴⁴¹G) transgenic mouse.\nThe most prominent mechanism proposed for death of dopaminergic neurons in Parkinson's disease (PD) is elevated generation of reactive oxygen/nitrogen species (ROS/RNS). Recent studies suggest that ROS produced during PD pathogenesis may contribute to cytotoxicity in cell culture models of PD. We hypothesized that inhibition of ROS production would prevent PD symptoms in the LRRK2(R1441G) transgenic (tg) mouse model of PD. These mice overexpress a mutant form of leucine-rich repeat kinase 2 (LRRK2) and are reported to develop PD-like symptoms at approximately 10 months of age. Despite similar expression of the transgene, our colony did not recapitulate the same type of motor dysfunction originally reported. However, tests of motor coordination (pole test, Rotor-Rod) revealed a significant defect in LRRK2(R1441G) mice by 16 months of age. LRRK2(R1441G) tg mice, or wild type littermates, were given diapocynin (200mg/kg, a proposed NADPH oxidase inhibitor) three times per week by oral gavage starting at 12 weeks of age. Decreased performance on the pole test and Rotor-Rod in the LRRK2(R1441G) mice was prevented with diapocynin treatment. No loss in open field movement or rearing was found. As expected, tyrosine hydroxylase staining was similar in both the substantia nigra and striatum in all treatment groups. Together these data demonstrate that diapocynin is a viable agent for protection of neurobehavioral function.\n","denotations":[{"id":"T1","span":{"begin":92,"end":122},"obj":"Process"},{"id":"T2","span":{"begin":165,"end":194},"obj":"Task"},{"id":"T3","span":{"begin":198,"end":218},"obj":"Material"},{"id":"T4","span":{"begin":219,"end":221},"obj":"Material"},{"id":"T5","span":{"begin":226,"end":281},"obj":"Process"},{"id":"T6","span":{"begin":283,"end":290},"obj":"Material"},{"id":"T7","span":{"begin":321,"end":324},"obj":"Material"},{"id":"T8","span":{"begin":341,"end":343},"obj":"Material"},{"id":"T9","span":{"begin":375,"end":410},"obj":"Process"},{"id":"T10","span":{"begin":414,"end":416},"obj":"Material"},{"id":"T11","span":{"begin":439,"end":467},"obj":"Process"},{"id":"T12","span":{"begin":482,"end":493},"obj":"Material"},{"id":"T13","span":{"begin":501,"end":506},"obj":"Process"},{"id":"T14","span":{"begin":507,"end":545},"obj":"Process"},{"id":"T15","span":{"begin":546,"end":548},"obj":"Material"},{"id":"T16","span":{"begin":620,"end":625},"obj":"Process"},{"id":"T17","span":{"begin":655,"end":657},"obj":"Material"},{"id":"T18","span":{"begin":801,"end":818},"obj":"Process"},{"id":"T19","span":{"begin":849,"end":876},"obj":"Process"},{"id":"T20","span":{"begin":889,"end":898},"obj":"Material"},{"id":"T21","span":{"begin":933,"end":938},"obj":"Process"},{"id":"T22","span":{"begin":939,"end":945},"obj":"Process"},{"id":"T23","span":{"begin":973,"end":978},"obj":"Process"},{"id":"T24","span":{"begin":979,"end":985},"obj":"Process"},{"id":"T25","span":{"begin":999,"end":1020},"obj":"Material"},{"id":"T26","span":{"begin":1066,"end":1089},"obj":"Material"},{"id":"T27","span":{"begin":1216,"end":1221},"obj":"Process"},{"id":"T28","span":{"begin":1222,"end":1228},"obj":"Process"},{"id":"T29","span":{"begin":1351,"end":1371},"obj":"Process"},{"id":"T30","span":{"begin":1396,"end":1412},"obj":"Material"},{"id":"T31","span":{"begin":1521,"end":1559},"obj":"Process"}],"relations":[]}