{"text":"The Saccharomyces cerevisiae Mlh1-Mlh3 heterodimer is an endonuclease that preferentially binds to Holliday junctions.\nMutLγ, a heterodimer of the MutL homologues Mlh1 and Mlh3, plays a critical role during meiotic homologous recombination. The meiotic function of Mlh3 is fully dependent on the integrity of a putative nuclease motif DQHAX2EX4E, inferring that the anticipated nuclease activity of Mlh1-Mlh3 is involved in the processing of joint molecules to generate crossover recombination products. Although a vast body of genetic and cell biological data regarding Mlh1-Mlh3 is available, mechanistic insights into its function have been lacking due to the unavailability of the recombinant protein complex. Here we expressed the yeast Mlh1-Mlh3 heterodimer and purified it into near homogeneity. We show that recombinant MutLγ is a nuclease that nicks double-stranded DNA. We demonstrate that MutLγ binds DNA with a high affinity and shows a marked preference for Holliday junctions. We also expressed the human MLH1-MLH3 complex and show that preferential binding to Holliday junctions is a conserved capacity of eukaryotic MutLγ complexes. Specific DNA recognition has never been observed with any other eukaryotic MutL homologue. MutLγ thus represents a new paradigm for the function of the eukaryotic MutL protein family. We provide insights into the mode of Holliday junction recognition and show that Mlh1-Mlh3 prefers to bind the open unstacked Holliday junction form. This further supports the model where MutLγ is part of a complex acting on joint molecules to generate crossovers in meiosis.\n","denotations":[{"id":"T1","span":{"begin":4,"end":50},"obj":"Material"},{"id":"T2","span":{"begin":99,"end":117},"obj":"Process"},{"id":"T3","span":{"begin":207,"end":239},"obj":"Process"},{"id":"T4","span":{"begin":265,"end":269},"obj":"Material"},{"id":"T5","span":{"begin":428,"end":457},"obj":"Process"},{"id":"T6","span":{"begin":461,"end":502},"obj":"Task"},{"id":"T7","span":{"begin":528,"end":580},"obj":"Material"},{"id":"T8","span":{"begin":736,"end":763},"obj":"Material"},{"id":"T9","span":{"begin":785,"end":801},"obj":"Process"},{"id":"T10","span":{"begin":816,"end":834},"obj":"Process"},{"id":"T11","span":{"begin":900,"end":916},"obj":"Material"},{"id":"T12","span":{"begin":1075,"end":1093},"obj":"Process"},{"id":"T13","span":{"begin":1121,"end":1148},"obj":"Material"},{"id":"T14","span":{"begin":1158,"end":1173},"obj":"Process"},{"id":"T15","span":{"begin":1370,"end":1399},"obj":"Process"},{"id":"T16","span":{"begin":1414,"end":1431},"obj":"Material"},{"id":"T17","span":{"begin":1449,"end":1481},"obj":"Process"}],"relations":[]}