{"text":"Thiol peroxidases ameliorate LRRK2 mutant-induced mitochondrial and dopaminergic neuronal degeneration in Drosophila.\nMutations in leucine-rich repeat kinase 2 (LRRK2) are common causes of familial Parkinson's disease (PD). LRRK2 has been shown to bind peroxiredoxin-3 (PRDX3), the most important scavenger of hydrogen peroxide in the mitochondria, in vitro. Here, we examined the interactions of LRRK2 and PRDX3 in Drosophila models by crossing transgenic LRRK2 and PRDX3 flies. As proof of principle experiments, we subsequently challenged LRRK2 and LRRK2/PRDX3 flies with a peroxidase mimic, Ebselen. We demonstrated that co-expression of PRDX3 with the LRRK2 kinase mutant G2019S in bigenic Drosophila ameliorated the G2019S mutant-induced reduction in peroxidase capacity, loss of dopaminergic neurons, shortened lifespan and mitochondrial defects of flight muscles in monogenic flies expressing the G2019S alone. Challenges with Ebselen recapitulated similar rescue of these phenotypic features in mutant-expressing Drosophila. The peroxidase mimic preserved neuronal and mitochondrial and neuronal integrity and improved mobility and survival in mutant-expressing Drosophila. Taken together, our study provides the first in vivo evidence to suggest that phosphoinhibition of endogenous peroxidases could be a mechanism in LRRK2-induced oxidant-mediated neurotoxicity. Our therapeutic experiments also highlight the potential of thiol peroxidases as neuroprotective agents in PD patients carrying LRRK2 mutations.\n","denotations":[{"id":"T1","span":{"begin":161,"end":166},"obj":"Process"},{"id":"T2","span":{"begin":198,"end":218},"obj":"Material"},{"id":"T3","span":{"begin":219,"end":221},"obj":"Material"},{"id":"T4","span":{"begin":270,"end":275},"obj":"Material"},{"id":"T5","span":{"begin":310,"end":327},"obj":"Material"},{"id":"T6","span":{"begin":381,"end":402},"obj":"Process"},{"id":"T7","span":{"begin":407,"end":412},"obj":"Material"},{"id":"T8","span":{"begin":437,"end":462},"obj":"Process"},{"id":"T9","span":{"begin":467,"end":478},"obj":"Material"},{"id":"T10","span":{"begin":552,"end":569},"obj":"Material"},{"id":"T11","span":{"begin":577,"end":593},"obj":"Material"},{"id":"T12","span":{"begin":642,"end":647},"obj":"Material"},{"id":"T13","span":{"begin":657,"end":683},"obj":"Process"},{"id":"T14","span":{"begin":722,"end":776},"obj":"Process"},{"id":"T15","span":{"begin":786,"end":806},"obj":"Material"},{"id":"T16","span":{"begin":831,"end":870},"obj":"Process"},{"id":"T17","span":{"begin":874,"end":889},"obj":"Material"},{"id":"T18","span":{"begin":905,"end":911},"obj":"Process"},{"id":"T19","span":{"begin":1316,"end":1373},"obj":"Process"},{"id":"T20","span":{"begin":1482,"end":1493},"obj":"Material"},{"id":"T21","span":{"begin":1503,"end":1518},"obj":"Process"}],"relations":[]}