{"text":"Mispair-specific recruitment of the Mlh1-Pms1 complex identifies repair substrates of the Saccharomyces cerevisiae Msh2-Msh3 complex.\nDNA mismatch repair is initiated by either the Msh2-Msh6 or the Msh2-Msh3 mispair recognition heterodimer. Here we optimized the expression and purification of Saccharomyces cerevisiae Msh2-Msh3 and performed a comparative study of Msh2-Msh3 and Msh2-Msh6 for mispair binding, sliding clamp formation, and Mlh1-Pms1 recruitment. Msh2-Msh3 formed sliding clamps and recruited Mlh1-Pms1 on +1, +2, +3, and +4 insertion/deletions and CC, AA, and possibly GG mispairs, whereas Msh2-Msh6 formed mispair-dependent sliding clamps and recruited Mlh1-Pms1 on 7 of the 8 possible base:base mispairs, the +1 insertion/deletion mispair, and to a low level on the +2 but not the +3 or +4 insertion/deletion mispairs and not on the CC mispair. The mispair specificity of sliding clamp formation and Mlh1-Pms1 recruitment but not mispair binding alone correlated best with genetic data on the mispair specificity of Msh2-Msh3- and Msh2-Msh6-dependent mismatch repair in vivo. Analysis of an Msh2-Msh6/Msh3 chimeric protein and mutant Msh2-Msh3 complexes showed that the nucleotide binding domain and communicating regions but not the mispair binding domain of Msh2-Msh3 are responsible for the extremely rapid dissociation of Msh2-Msh3 sliding clamps from DNA relative to that seen for Msh2-Msh6, and that amino acid residues predicted to stabilize Msh2-Msh3 interactions with bent, strand-separated mispair-containing DNA are more critical for the recognition of small +1 insertion/deletions than larger +4 insertion/deletions.\n","denotations":[{"id":"T1","span":{"begin":0,"end":35},"obj":"Task"},{"id":"T2","span":{"begin":36,"end":82},"obj":"Material"},{"id":"T3","span":{"begin":90,"end":132},"obj":"Material"},{"id":"T4","span":{"begin":134,"end":153},"obj":"Process"},{"id":"T5","span":{"begin":181,"end":190},"obj":"Material"},{"id":"T6","span":{"begin":198,"end":239},"obj":"Process"},{"id":"T7","span":{"begin":263,"end":273},"obj":"Process"},{"id":"T8","span":{"begin":294,"end":328},"obj":"Material"},{"id":"T9","span":{"begin":345,"end":409},"obj":"Task"},{"id":"T10","span":{"begin":565,"end":567},"obj":"Material"},{"id":"T11","span":{"begin":569,"end":571},"obj":"Material"},{"id":"T12","span":{"begin":586,"end":597},"obj":"Material"},{"id":"T13","span":{"begin":806,"end":837},"obj":"Process"},{"id":"T14","span":{"begin":852,"end":862},"obj":"Material"},{"id":"T15","span":{"begin":949,"end":1004},"obj":"Process"},{"id":"T16","span":{"begin":1110,"end":1141},"obj":"Material"},{"id":"T17","span":{"begin":1146,"end":1172},"obj":"Material"},{"id":"T18","span":{"begin":1279,"end":1288},"obj":"Material"},{"id":"T19","span":{"begin":1345,"end":1369},"obj":"Material"},{"id":"T20","span":{"begin":1375,"end":1387},"obj":"Material"},{"id":"T21","span":{"begin":1425,"end":1444},"obj":"Material"},{"id":"T22","span":{"begin":1458,"end":1490},"obj":"Task"},{"id":"T23","span":{"begin":1538,"end":1541},"obj":"Material"},{"id":"T24","span":{"begin":1568,"end":1590},"obj":"Process"}],"relations":[]}