{"text":"Inhibition of the transition of ductal carcinoma in situ to invasive ductal carcinoma by a Gemini vitamin D analog.\nDuctal carcinoma in situ (DCIS) is a nonmalignant lesion of the breast with the potential to progress to invasive ductal carcinoma (IDC). The disappearance and breakdown of the myoepithelial cell layer and basement membrane in DCIS have been identified as major events in the development of breast cancer. The MCF10DCIS.com cell line is a well-established model, which recapitulates the progression of breast cancer from DCIS to IDC. We have previously reported that a novel Gemini vitamin D analog, 1α,25-dihydroxy-20R-21(3-hydroxy-3-deuteromethyl-4,4,4-trideuterobutyl)-23-yne-26,27-hexafluoro-cholecalciferol (BXL0124) is a potent inhibitor of the growth of MCF10DCIS.com xenografted tumors without hypercalcemic toxicity. In this study, we utilized the MCF10DCIS.com in vivo model to assess the effects of BXL0124 on breast cancer progression from weeks 1 to 4. Upon DCIS progression to IDC from weeks 3 to 4, tumors lost the myoepithelial cell layer and basement membrane as shown by immunofluorescence staining with smooth muscle actin and laminin 5, respectively. Administration of BXL0124 maintained the critical myoepithelial cell layer as well as basement membrane, and animals treated with BXL0124 showed a 43% reduction in tumor volume by week 4. BXL0124 treatment decreased cell proliferation and maintained vitamin D receptor levels in tumors. In addition, the BXL0124 treatment reduced the mRNA levels of matrix metalloproteinases starting at week 3, contributing to the inhibition of invasive transition. Our results suggest that the maintenance of DCIS plays a significant role in the cancer preventive action of the Gemini vitamin D BXL0124 during the progression of breast lesions.\n","denotations":[{"id":"T1","span":{"begin":0,"end":48},"obj":"Task"},{"id":"T2","span":{"begin":69,"end":85},"obj":"Material"},{"id":"T3","span":{"begin":91,"end":114},"obj":"Process"},{"id":"T4","span":{"begin":142,"end":146},"obj":"Process"},{"id":"T5","span":{"begin":230,"end":246},"obj":"Material"},{"id":"T6","span":{"begin":248,"end":251},"obj":"Process"},{"id":"T7","span":{"begin":293,"end":317},"obj":"Material"},{"id":"T8","span":{"begin":322,"end":339},"obj":"Material"},{"id":"T9","span":{"begin":343,"end":347},"obj":"Material"},{"id":"T10","span":{"begin":392,"end":420},"obj":"Task"},{"id":"T11","span":{"begin":426,"end":449},"obj":"Task"},{"id":"T12","span":{"begin":460,"end":477},"obj":"Process"},{"id":"T13","span":{"begin":537,"end":541},"obj":"Material"},{"id":"T14","span":{"begin":545,"end":548},"obj":"Process"},{"id":"T15","span":{"begin":641,"end":729},"obj":"Material"},{"id":"T16","span":{"begin":729,"end":736},"obj":"Process"},{"id":"T17","span":{"begin":873,"end":886},"obj":"Process"},{"id":"T18","span":{"begin":904,"end":962},"obj":"Process"},{"id":"T19","span":{"begin":987,"end":1003},"obj":"Process"},{"id":"T20","span":{"begin":1007,"end":1010},"obj":"Process"},{"id":"T21","span":{"begin":1046,"end":1070},"obj":"Material"},{"id":"T22","span":{"begin":1075,"end":1092},"obj":"Material"},{"id":"T23","span":{"begin":1228,"end":1261},"obj":"Material"},{"id":"T24","span":{"begin":1273,"end":1290},"obj":"Material"},{"id":"T25","span":{"begin":1317,"end":1324},"obj":"Material"},{"id":"T26","span":{"begin":1375,"end":1421},"obj":"Process"},{"id":"T27","span":{"begin":1491,"end":1533},"obj":"Process"},{"id":"T28","span":{"begin":1536,"end":1561},"obj":"Material"},{"id":"T29","span":{"begin":1602,"end":1635},"obj":"Process"},{"id":"T30","span":{"begin":1681,"end":1685},"obj":"Material"},{"id":"T31","span":{"begin":1750,"end":1774},"obj":"Material"}],"relations":[]}