{"text":"MAP1B rescues LRRK2 mutant-mediated cytotoxicity.\nLeucine-rich repeat kinase 2 (LRRK2) mutations are the most common cause of dominant and sporadic Parkinson's disease (PD), a common neurodegenerative disorder. Yeast-two-hybrid screening using human LRRK2 kinase domain as bait identified microtubule associated protein 1B (MAP1B) as a LRRK2 interactor. The interacting domains were LRRK2 kinase and the light chain portion of MAP1B (LC1). LRRK2 + LC1 interaction resulted in LRRK2 kinase inhibition. LRRK2 mutants (R1441C, G2019S and I2020T) exhibited decreased endogenous LC1 expression and its co-expression with LC1 rescued LRRK2 mutant-mediated toxicity. This study presented the first data on the effects of LRRK2 + LC1 interaction and also suggested that LCI possibly rescued LRRK2 mutant-induced cytotoxicity by inhibiting LRRK2 kinase activity. Compounds that upregulate LC1 expression may therefore hold therapeutic potential for LRRK2-linked diseases.\n","denotations":[{"id":"T1","span":{"begin":0,"end":5},"obj":"Material"},{"id":"T2","span":{"begin":80,"end":85},"obj":"Process"},{"id":"T3","span":{"begin":169,"end":171},"obj":"Material"},{"id":"T4","span":{"begin":221,"end":269},"obj":"Process"},{"id":"T5","span":{"begin":273,"end":322},"obj":"Material"},{"id":"T6","span":{"begin":324,"end":329},"obj":"Process"},{"id":"T7","span":{"begin":336,"end":352},"obj":"Material"},{"id":"T8","span":{"begin":383,"end":395},"obj":"Process"},{"id":"T9","span":{"begin":427,"end":432},"obj":"Material"},{"id":"T10","span":{"begin":476,"end":499},"obj":"Process"},{"id":"T11","span":{"begin":501,"end":514},"obj":"Material"},{"id":"T12","span":{"begin":516,"end":522},"obj":"Material"},{"id":"T13","span":{"begin":524,"end":541},"obj":"Material"},{"id":"T14","span":{"begin":574,"end":588},"obj":"Process"},{"id":"T15","span":{"begin":714,"end":737},"obj":"Material"},{"id":"T16","span":{"begin":831,"end":852},"obj":"Process"},{"id":"T17","span":{"begin":880,"end":894},"obj":"Process"},{"id":"T18","span":{"begin":940,"end":961},"obj":"Material"}],"relations":[]}