{"text":"(G2019S) LRRK2 causes early-phase dysfunction of SNpc dopaminergic neurons and impairment of corticostriatal long-term depression in the PD transgenic mouse.\nTwelve- to sixteen-month-old (G2019S) LRRK2 transgenic mice prepared by us displayed progressive neuronal death of substantia nigra pars compacta (SNpc) dopaminergic cells. In the present study, we hypothesized that prior to a late-phase death of SNpc dopaminergic neurons, (G2019S) LRRK2 also causes an early-phase neuronal dysfunction of SNpc dopaminergic cells in the (G2019S) LRRK2 mouse. Eight to nine-month-old (G2019S) LRRK2 transgenic mice exhibited the symptom of hypoactivity in the absence of the degeneration of SNpc dopaminergic neurons or nigrostriatal dopaminergic terminals. Whole-cell current-clamp recordings of SNpc dopaminergic cells in brain slices demonstrated a significant decrease in spontaneous firing frequency of SNpc dopaminergic neurons of 8-month-old (G2019S) LRRK2 mice. Carbon fiber electrode amperometry recording using striatal slices showed that (G2019S) LRRK2 transgenic mice at the age of 8 to 9months display an impaired evoked dopamine release in the dorsolateral striatum. Normal nigrostriatal dopaminergic transmission is required for the induction of long-term synaptic plasticity expressed at corticostriatal glutamatergic synapses of striatal medium spiny neurons. Whole-cell voltage-clamp recordings showed that in contrast to medium spiny neurons of 8 to 9-month-old wild-type mice, high-frequency stimulation of corticostriatal afferents failed to induce long-term depression (LTD) of corticostriatal EPSCs in medium spiny neurons of (G2019S) LRRK2 mice at the same age. Our study provides the evidence that mutant (G2019S) LRRK2 causes early-phase dysfunctions of SNpc dopaminergic neurons, including a decrease in spontaneous firing rate and a reduction in evoked dopamine release, and impairment of corticostriatal LTD in the (G2019S) LRRK2 transgenic mouse.\n","denotations":[{"id":"T1","span":{"begin":1,"end":7},"obj":"Process"},{"id":"T2","span":{"begin":49,"end":74},"obj":"Material"},{"id":"T3","span":{"begin":137,"end":156},"obj":"Material"},{"id":"T4","span":{"begin":188,"end":194},"obj":"Process"},{"id":"T5","span":{"begin":196,"end":217},"obj":"Material"},{"id":"T6","span":{"begin":273,"end":294},"obj":"Material"},{"id":"T7","span":{"begin":305,"end":330},"obj":"Material"},{"id":"T8","span":{"begin":405,"end":430},"obj":"Material"},{"id":"T9","span":{"begin":433,"end":439},"obj":"Process"},{"id":"T10","span":{"begin":498,"end":521},"obj":"Material"},{"id":"T11","span":{"begin":530,"end":536},"obj":"Process"},{"id":"T12","span":{"begin":576,"end":582},"obj":"Process"},{"id":"T13","span":{"begin":584,"end":605},"obj":"Material"},{"id":"T14","span":{"begin":682,"end":707},"obj":"Material"},{"id":"T15","span":{"begin":711,"end":747},"obj":"Material"},{"id":"T16","span":{"begin":788,"end":811},"obj":"Material"},{"id":"T17","span":{"begin":899,"end":924},"obj":"Material"},{"id":"T18","span":{"begin":941,"end":947},"obj":"Process"},{"id":"T19","span":{"begin":949,"end":959},"obj":"Material"},{"id":"T20","span":{"begin":961,"end":983},"obj":"Material"},{"id":"T21","span":{"begin":1012,"end":1027},"obj":"Material"},{"id":"T22","span":{"begin":1041,"end":1071},"obj":"Material"},{"id":"T23","span":{"begin":1172,"end":1218},"obj":"Task"},{"id":"T24","span":{"begin":1239,"end":1281},"obj":"Process"},{"id":"T25","span":{"begin":1337,"end":1366},"obj":"Material"},{"id":"T26","span":{"begin":1368,"end":1403},"obj":"Process"},{"id":"T27","span":{"begin":1431,"end":1451},"obj":"Material"},{"id":"T28","span":{"begin":1488,"end":1514},"obj":"Process"},{"id":"T29","span":{"begin":1554,"end":1581},"obj":"Process"},{"id":"T30","span":{"begin":1583,"end":1586},"obj":"Process"},{"id":"T31","span":{"begin":1591,"end":1612},"obj":"Material"},{"id":"T32","span":{"begin":1616,"end":1648},"obj":"Process"},{"id":"T33","span":{"begin":1649,"end":1659},"obj":"Material"},{"id":"T34","span":{"begin":1722,"end":1728},"obj":"Process"},{"id":"T35","span":{"begin":1771,"end":1796},"obj":"Material"},{"id":"T36","span":{"begin":1852,"end":1888},"obj":"Process"},{"id":"T37","span":{"begin":1908,"end":1927},"obj":"Material"},{"id":"T38","span":{"begin":1936,"end":1942},"obj":"Process"},{"id":"T39","span":{"begin":1944,"end":1966},"obj":"Material"}],"relations":[]}