{"text":"Assessing how reduced expression levels of the mismatch repair genes MLH1, MSH2, and MSH6 affect repair efficiency.\nLynch syndrome (LS), the most common familial colon cancer, is associated with mismatch repair (MMR) malfunction. As mutation carriers inherit one normal and one defected MMR gene allele, cancer risk can be considered as limited amount of normal MMR gene product. How reductions in different MMR gene expressions affect MMR capability is, however, not known. The in vitro MMR assay is a method for the pathogenicity assessment of MMR gene variants causing functional or expressional defects and thus also suitable to evaluate the effects of reduced expression of normal mRNA. Here, the assay was applied to quantify repair efficiencies of human cells retaining varying expression levels (25%/50%/75%) of the main LS susceptibility genes MLH1, MSH2, or MSH6. Compared with the shRNA knockdown control, already a 50% reduction in mRNA levels could be detected as decreased MMR function although without statistical significance in MLH1. In MSH2 and MLH1, total loss of MMR was achieved with 25% expression, whereas in MSH6 and MSH2, the repair capability decreased significantly already with 75% expression. Our results provide a preliminary indication of relative expressions required for wild-type function and suggest that the in vitro MMR assay could be used to recognize expression levels indicative of LS.\n","denotations":[{"id":"T1","span":{"begin":0,"end":39},"obj":"Process"},{"id":"T2","span":{"begin":75,"end":79},"obj":"Material"},{"id":"T3","span":{"begin":85,"end":114},"obj":"Material"},{"id":"T4","span":{"begin":132,"end":134},"obj":"Process"},{"id":"T5","span":{"begin":195,"end":210},"obj":"Process"},{"id":"T6","span":{"begin":212,"end":215},"obj":"Process"},{"id":"T7","span":{"begin":287,"end":302},"obj":"Material"},{"id":"T8","span":{"begin":355,"end":378},"obj":"Task"},{"id":"T9","span":{"begin":408,"end":428},"obj":"Process"},{"id":"T10","span":{"begin":436,"end":450},"obj":"Process"},{"id":"T11","span":{"begin":488,"end":497},"obj":"Process"},{"id":"T12","span":{"begin":546,"end":563},"obj":"Material"},{"id":"T13","span":{"begin":657,"end":675},"obj":"Process"},{"id":"T14","span":{"begin":755,"end":802},"obj":"Process"},{"id":"T15","span":{"begin":859,"end":863},"obj":"Material"},{"id":"T16","span":{"begin":868,"end":872},"obj":"Material"},{"id":"T17","span":{"begin":987,"end":999},"obj":"Process"},{"id":"T18","span":{"begin":1063,"end":1067},"obj":"Material"},{"id":"T19","span":{"begin":1083,"end":1086},"obj":"Material"},{"id":"T20","span":{"begin":1132,"end":1136},"obj":"Material"},{"id":"T21","span":{"begin":1141,"end":1145},"obj":"Material"},{"id":"T22","span":{"begin":1244,"end":1290},"obj":"Process"},{"id":"T23","span":{"begin":1304,"end":1322},"obj":"Process"},{"id":"T24","span":{"begin":1353,"end":1362},"obj":"Material"},{"id":"T25","span":{"begin":1380,"end":1407},"obj":"Process"},{"id":"T26","span":{"begin":1422,"end":1424},"obj":"Material"}],"relations":[]}