{"text":"Conditional expression of Parkinson's disease-related R1441C LRRK2 in midbrain dopaminergic neurons of mice causes nuclear abnormalities without neurodegeneration.\nMutations in the leucine-rich repeat kinase 2 (LRRK2) gene cause late-onset, autosomal dominant Parkinson's disease (PD). The clinical and neurochemical features of LRRK2-linked PD are similar to idiopathic disease although neuropathology is somewhat heterogeneous. Dominant mutations in LRRK2 precipitate neurodegeneration through a toxic gain-of-function mechanism which can be modeled in transgenic mice overexpressing human LRRK2 variants. A number of LRRK2 transgenic mouse models have been developed that display abnormalities in dopaminergic neurotransmission and alterations in tau metabolism yet without consistently inducing dopaminergic neurodegeneration. To directly explore the impact of mutant LRRK2 on the nigrostriatal dopaminergic pathway, we developed conditional transgenic mice that selectively express human R1441C LRRK2 in dopaminergic neurons from the endogenous murine ROSA26 promoter. The expression of R1441C LRRK2 does not induce the degeneration of substantia nigra dopaminergic neurons or striatal dopamine deficits in mice up to 2years of age, and fails to precipitate abnormal protein inclusions containing alpha-synuclein, tau, ubiquitin or autophagy markers (LC3 and p62). Furthermore, mice expressing R1441C LRRK2 exhibit normal motor activity and olfactory function with increasing age. Intriguingly, the expression of R1441C LRRK2 induces age-dependent abnormalities of the nuclear envelope in nigral dopaminergic neurons including reduced nuclear circularity and increased invaginations of the nuclear envelope. In addition, R1441C LRRK2 mice display increased neurite complexity of cultured midbrain dopaminergic neurons. Collectively, these novel R1441C LRRK2 conditional transgenic mice reveal altered dopaminergic neuronal morphology with advancing age, and provide a useful tool for exploring the pathogenic mechanisms underlying the R1441C LRRK2 mutation in PD.\n","denotations":[{"id":"T1","span":{"begin":26,"end":67},"obj":"Material"},{"id":"T2","span":{"begin":70,"end":99},"obj":"Material"},{"id":"T3","span":{"begin":145,"end":162},"obj":"Process"},{"id":"T4","span":{"begin":211,"end":216},"obj":"Process"},{"id":"T5","span":{"begin":241,"end":280},"obj":"Material"},{"id":"T6","span":{"begin":281,"end":283},"obj":"Material"},{"id":"T7","span":{"begin":329,"end":344},"obj":"Material"},{"id":"T8","span":{"begin":452,"end":487},"obj":"Process"},{"id":"T9","span":{"begin":498,"end":530},"obj":"Process"},{"id":"T10","span":{"begin":555,"end":606},"obj":"Task"},{"id":"T11","span":{"begin":620,"end":649},"obj":"Process"},{"id":"T12","span":{"begin":750,"end":764},"obj":"Process"},{"id":"T13","span":{"begin":799,"end":829},"obj":"Process"},{"id":"T14","span":{"begin":855,"end":919},"obj":"Task"},{"id":"T15","span":{"begin":934,"end":961},"obj":"Material"},{"id":"T16","span":{"begin":1009,"end":1029},"obj":"Material"},{"id":"T17","span":{"begin":1092,"end":1104},"obj":"Material"},{"id":"T18","span":{"begin":1141,"end":1178},"obj":"Material"},{"id":"T19","span":{"begin":1302,"end":1317},"obj":"Material"},{"id":"T20","span":{"begin":1324,"end":1354},"obj":"Process"},{"id":"T21","span":{"begin":1356,"end":1367},"obj":"Material"},{"id":"T22","span":{"begin":1518,"end":1530},"obj":"Material"},{"id":"T23","span":{"begin":1574,"end":1711},"obj":"Task"},{"id":"T24","span":{"begin":1726,"end":1751},"obj":"Material"},{"id":"T25","span":{"begin":1784,"end":1822},"obj":"Material"},{"id":"T26","span":{"begin":1850,"end":1957},"obj":"Task"},{"id":"T27","span":{"begin":2040,"end":2061},"obj":"Process"},{"id":"T28","span":{"begin":2065,"end":2067},"obj":"Material"}],"relations":[]}