{"text":"Colon and endometrial cancers with mismatch repair deficiency can arise from somatic, rather than germline, mutations.\nPatients with Lynch syndrome carry germline mutations in single alleles of genes encoding the mismatch repair (MMR) proteins MLH1, MSH2, MSH6, and PMS2; when the second allele becomes mutated, cancer can develop. Increased screening for Lynch syndrome has identified patients with tumors that have deficiency in MMR, but no germline mutations in genes encoding MMR proteins. We investigated whether tumors with deficient MMR had acquired somatic mutations in patients without germline mutations in MMR genes using next-generation sequencing. We analyzed blood and tumor samples from 32 patients with colorectal or endometrial cancer who participated in Lynch syndrome screening studies in Ohio and were found to have tumors with MMR deficiency (based on microsatellite instability and/or absence of MMR proteins in immunohistochemical analysis, without hypermethylation of MLH1), but no germline mutations in MMR genes. Tumor DNA was sequenced for MLH1, MSH2, MSH6, PMS2, EPCAM, POLE, and POLD1 with ColoSeq and mutation frequencies were established. Twenty-two of 32 patients (69%) were found to have 2 somatic (tumor) mutations in MMR genes encoding proteins that were lost from tumor samples, based on immunohistochemistry. Of the 10 remaining tumors 3 had one somatic mutation in a MMR gene, with possible loss of heterozygosity that could lead to MMR deficiency, 6 were found to be false-positive results (19%), and 1 had only one mutation in a MMR gene and remained unexplained. All of the tumors found to have somatic MMR mutations were of the hypermutated phenotype ( greater than 12 mutations/megabase); 6 had mutation frequencies  greater than 200/megabase, and 5 of these had somatic mutations in POLE, which encodes a DNA polymerase. Some patients are found to have tumors with MMR defects during screening for Lynch syndrome, yet have no identifiable germline mutations in MMR genes. We found that almost 70% of these patients acquire somatic mutations in MMR genes, leading to a hypermutated phenotype of tumor cells. Patients with colon or endometrial cancers with MMR deficiency not explained by germline mutations might undergo analysis for tumor mutations in MMR genes to guide future surveillance guidelines.\n","denotations":[{"id":"T1","span":{"begin":213,"end":228},"obj":"Material"},{"id":"T2","span":{"begin":230,"end":233},"obj":"Process"},{"id":"T3","span":{"begin":250,"end":254},"obj":"Material"},{"id":"T4","span":{"begin":256,"end":260},"obj":"Material"},{"id":"T5","span":{"begin":266,"end":270},"obj":"Material"},{"id":"T6","span":{"begin":480,"end":492},"obj":"Process"},{"id":"T7","span":{"begin":540,"end":574},"obj":"Process"},{"id":"T8","span":{"begin":617,"end":626},"obj":"Material"},{"id":"T9","span":{"begin":633,"end":659},"obj":"Process"},{"id":"T10","span":{"begin":683,"end":696},"obj":"Material"},{"id":"T11","span":{"begin":848,"end":862},"obj":"Process"},{"id":"T12","span":{"begin":918,"end":930},"obj":"Material"},{"id":"T13","span":{"begin":934,"end":962},"obj":"Process"},{"id":"T14","span":{"begin":992,"end":996},"obj":"Material"},{"id":"T15","span":{"begin":1028,"end":1037},"obj":"Material"},{"id":"T16","span":{"begin":1067,"end":1071},"obj":"Material"},{"id":"T17","span":{"begin":1073,"end":1077},"obj":"Material"},{"id":"T18","span":{"begin":1079,"end":1083},"obj":"Material"},{"id":"T19","span":{"begin":1085,"end":1089},"obj":"Material"},{"id":"T20","span":{"begin":1091,"end":1096},"obj":"Process"},{"id":"T21","span":{"begin":1098,"end":1102},"obj":"Material"},{"id":"T22","span":{"begin":1108,"end":1113},"obj":"Material"},{"id":"T23","span":{"begin":1252,"end":1261},"obj":"Material"},{"id":"T24","span":{"begin":1300,"end":1313},"obj":"Material"},{"id":"T25","span":{"begin":1405,"end":1413},"obj":"Process"},{"id":"T26","span":{"begin":1471,"end":1485},"obj":"Process"},{"id":"T27","span":{"begin":1569,"end":1577},"obj":"Material"},{"id":"T28","span":{"begin":1636,"end":1657},"obj":"Process"},{"id":"T29","span":{"begin":1827,"end":1831},"obj":"Material"},{"id":"T30","span":{"begin":1849,"end":1863},"obj":"Material"},{"id":"T31","span":{"begin":1909,"end":1920},"obj":"Material"},{"id":"T32","span":{"begin":2005,"end":2014},"obj":"Material"},{"id":"T33","span":{"begin":2138,"end":2149},"obj":"Material"},{"id":"T34","span":{"begin":2165,"end":2170},"obj":"Material"},{"id":"T35","span":{"begin":2199,"end":2213},"obj":"Process"},{"id":"T36","span":{"begin":2296,"end":2305},"obj":"Material"}],"relations":[]}