{"text":"Intra-artery infusion of recombinant human erythropoietin reduces blood-brain barrier disruption in rats following cerebral ischemia and reperfusion.\nIntra-artery infusion of recombinant human erythropoietin (rhEPO) has recently been reported to confer neuroprotection against cerebral ischemia-reperfusion injury in animal models; however, the molecular mechanisms are still under investigation. The present study focused on the specific mechanism involved in blood-brain barrier (BBB) disruption. Thirty-six male and nine female Sprague Dawley rats were subjected to middle cerebral artery (MCA) occlusion to induce focal cerebral ischemia, and administrated rhEPO at a dose of 800 U/kg through MCA infusion at the beginning of reperfusion. Neurobehavioral deficits, brain edema, and infarct volume were evaluated after 2 h of ischemia and 24 h of reperfusion. BBB permeability was assessed by quantifying the extravasation of Evans blue (EB) dye. The expression of tight junction proteins and matrix metalloproteinases (MMPs) (Claudin-5, Occludin, MMP-2, and MMP-9) in microvessels were detected by immunofluorescence and western blot. The activities of MMPs in the cerebral microvessels were determined by gelatin zymography. Treatment with rhEPO through the MCA strongly alleviated infarct volume, brain edema, and improved neurobehavioral outcomes in male and female rats. In addition, rhEPO remarkably suppressed the EB extravasation induced by brain ischemia. Furthermore, rhEPO prevented degradation of Claudin-5 and Occludin, and reduced the expression and activity of MMP-2 and MMP-9 in isolated brain microvessels. Treatment with rhEPO through MCA infusion prevented brain edema formation and infarction through inhibition of MMP-mediated BBB disruption in acute ischemic stroke.\n","denotations":[{"id":"T1","span":{"begin":0,"end":96},"obj":"Task"},{"id":"T2","span":{"begin":150,"end":207},"obj":"Process"},{"id":"T3","span":{"begin":209,"end":215},"obj":"Material"},{"id":"T4","span":{"begin":277,"end":330},"obj":"Process"},{"id":"T5","span":{"begin":461,"end":480},"obj":"Material"},{"id":"T6","span":{"begin":482,"end":485},"obj":"Process"},{"id":"T7","span":{"begin":593,"end":596},"obj":"Process"},{"id":"T8","span":{"begin":611,"end":641},"obj":"Task"},{"id":"T9","span":{"begin":647,"end":667},"obj":"Process"},{"id":"T10","span":{"begin":697,"end":709},"obj":"Process"},{"id":"T11","span":{"begin":863,"end":879},"obj":"Process"},{"id":"T12","span":{"begin":896,"end":939},"obj":"Process"},{"id":"T13","span":{"begin":941,"end":943},"obj":"Process"},{"id":"T14","span":{"begin":974,"end":991},"obj":"Process"},{"id":"T15","span":{"begin":996,"end":1021},"obj":"Material"},{"id":"T16","span":{"begin":1023,"end":1027},"obj":"Material"},{"id":"T17","span":{"begin":1051,"end":1056},"obj":"Material"},{"id":"T18","span":{"begin":1062,"end":1065},"obj":"Process"},{"id":"T19","span":{"begin":1072,"end":1084},"obj":"Material"},{"id":"T20","span":{"begin":1157,"end":1161},"obj":"Material"},{"id":"T21","span":{"begin":1169,"end":1190},"obj":"Material"},{"id":"T22","span":{"begin":1210,"end":1228},"obj":"Process"},{"id":"T23","span":{"begin":1245,"end":1251},"obj":"Material"},{"id":"T24","span":{"begin":1263,"end":1266},"obj":"Material"},{"id":"T25","span":{"begin":1424,"end":1466},"obj":"Process"},{"id":"T26","span":{"begin":1579,"end":1582},"obj":"Material"},{"id":"T27","span":{"begin":1598,"end":1625},"obj":"Material"},{"id":"T28","span":{"begin":1642,"end":1648},"obj":"Material"},{"id":"T29","span":{"begin":1656,"end":1700},"obj":"Process"},{"id":"T30","span":{"begin":1705,"end":1715},"obj":"Process"},{"id":"T31","span":{"begin":1724,"end":1765},"obj":"Process"}],"relations":[]}