{"text":"Characterization of ductal carcinoma in situ cell lines established from breast tumor of a Singapore Chinese patient.\nFive cell lines were established from a Singaporean patient of Chinese origin with breast ductal carcinoma in situ (DCIS). These five cell lines express exogenous human telomerase reverse transcriptase (hTERT) which confers the ability to proliferate indefinitely. Cells were isolated from the DCIS excision and transfected with a plasmid expressing hTERT, a catalytic subunit of telomerase. Five immortalized colonies were propagated and characterized by karyotyping, array comparative genomic hybridization (CGH), immunostaining and Western blots for biomarkers, in vitro anchorage independent growth, in vivo mouse tumorigenicity, drug sensitivity, species authentication and virology safety testing. Array CGH analysis showed that the cell lines harbored different specific genetic aberrations. Common mutations observed in most breast cancer cell lines such as the general loss of heterozygosity (LOH) throughout chromosome X and chromosome 17 are also observed in our cell lines. The cell lines were further characterized as human breast cells that are estrogen- and progesterone-receptor positive, and sensitive to tamoxifen. The cell lines showed anchorage-independent growth in the soft agar assay and can grow in common culture medium without supplementation with growth factor, therefore demonstrating transformed characteristics. Four of the cell lines can engraft and form measureable tumors after 50 days when injected subcutaneously into immune-deficient (SCID) mice. The weak tumorigenicity of these cell lines corresponded well with their non-malignant growth origin. The cell lines were authenticated to be of human origin based on DNA fingerprint of the cells. The cell lines were free from contamination of 20 viruses and mycoplasma in the virological safety test panel. Unlike most available breast cell lines, our cell lines are derived from primary breast cancer tissues that represent earlier grades or tumor progression stages. They would be useful as study models for basic and clinical research programs directed at early diagnosis and intervention.\n","denotations":[{"id":"T1","span":{"begin":0,"end":55},"obj":"Task"},{"id":"T2","span":{"begin":234,"end":238},"obj":"Process"},{"id":"T3","span":{"begin":281,"end":319},"obj":"Process"},{"id":"T4","span":{"begin":321,"end":327},"obj":"Process"},{"id":"T5","span":{"begin":383,"end":388},"obj":"Material"},{"id":"T6","span":{"begin":412,"end":441},"obj":"Process"},{"id":"T7","span":{"begin":574,"end":627},"obj":"Process"},{"id":"T8","span":{"begin":628,"end":631},"obj":"Process"},{"id":"T9","span":{"begin":686,"end":751},"obj":"Process"},{"id":"T10","span":{"begin":770,"end":820},"obj":"Task"},{"id":"T11","span":{"begin":857,"end":915},"obj":"Task"},{"id":"T12","span":{"begin":1020,"end":1023},"obj":"Process"},{"id":"T13","span":{"begin":1036,"end":1048},"obj":"Material"},{"id":"T14","span":{"begin":1149,"end":1167},"obj":"Process"},{"id":"T15","span":{"begin":1273,"end":1324},"obj":"Process"},{"id":"T16","span":{"begin":1589,"end":1593},"obj":"Process"},{"id":"T17","span":{"begin":1791,"end":1796},"obj":"Material"},{"id":"T18","span":{"begin":1954,"end":1964},"obj":"Material"},{"id":"T19","span":{"begin":2045,"end":2069},"obj":"Material"},{"id":"T20","span":{"begin":2112,"end":2139},"obj":"Task"}],"relations":[]}