{"text":"Heterogeneity of intraductal carcinoma of the breast.\nFifty-one women (29 to 75 years of age) with 55 cancers (ductal carcinoma in situ (DCIS) or ductal carcinoma in situ with microinvasion (DCISM) were studied by comparing biopsy specimens with mastectomy specimens. Presentation, histologic type, nuclear grade, microscopic duct counts, multicentricity, and microinvasion were correlated. Forty-seven percent of the cancers (26 of 55) were detected by mammography, 18% (ten of 55) were incidental to benign disease, and 35% (19 of 55) were palpable or exhibited nipple abnormality. Incidental tumors were all DCIS, averaged seven ducts, and showed no residual tumor during mastectomy. Mammographic lesions averaged 117 ducts (31% (eight of 26) were DCISM and 42% (11 of 26) were multicentric). Most comedocarcinomas that showed a high incidence of microinvasion were in this group. Clinical lesions averaged 110 ducts (42% (eight of 19) were DCISM and 68% (13 of 19) were multicentric). Three had nodal metastases. Mammographic and clinical tumors in the quantitative range of the incidental group (50 ducts) showed significant differences from it for all variables studied. Histologic and quantitative study of these tumors is necessary to best guide treatment. Incidental tumors, however, may only need observation.\n","denotations":[{"id":"T1","span":{"begin":0,"end":38},"obj":"Task"},{"id":"T2","span":{"begin":111,"end":127},"obj":"Material"},{"id":"T3","span":{"begin":137,"end":141},"obj":"Process"},{"id":"T4","span":{"begin":146,"end":162},"obj":"Material"},{"id":"T5","span":{"begin":176,"end":189},"obj":"Process"},{"id":"T6","span":{"begin":191,"end":196},"obj":"Process"},{"id":"T7","span":{"begin":214,"end":240},"obj":"Process"},{"id":"T8","span":{"begin":314,"end":337},"obj":"Material"},{"id":"T9","span":{"begin":360,"end":373},"obj":"Material"},{"id":"T10","span":{"begin":611,"end":615},"obj":"Process"},{"id":"T11","span":{"begin":687,"end":716},"obj":"Process"},{"id":"T12","span":{"begin":717,"end":726},"obj":"Material"},{"id":"T13","span":{"begin":751,"end":756},"obj":"Process"},{"id":"T14","span":{"begin":850,"end":863},"obj":"Material"},{"id":"T15","span":{"begin":884,"end":909},"obj":"Process"},{"id":"T16","span":{"begin":910,"end":919},"obj":"Material"},{"id":"T17","span":{"begin":944,"end":949},"obj":"Process"},{"id":"T18","span":{"begin":1101,"end":1109},"obj":"Material"},{"id":"T19","span":{"begin":1243,"end":1263},"obj":"Task"}],"relations":[]}