{"text":"Human mammary microenvironment better regulates the biology of human breast cancer in humanized mouse model.\nDuring the past decades, many efforts have been made in mimicking the clinical progress of human cancer in mouse models. Previously, we developed a human breast tissue-derived (HB) mouse model. Theoretically, it may mimic the interactions between 'species-specific' mammary microenvironment of human origin and human breast cancer cells. However, detailed evidences are absent. The present study (in vivo, cellular, and molecular experiments) was designed to explore the regulatory role of human mammary microenvironment in the progress of human breast cancer cells. Subcutaneous (SUB), mammary fat pad (MFP), and HB mouse models were developed for in vivo comparisons. Then, the orthotopic tumor masses from three different mouse models were collected for primary culture. Finally, the biology of primary cultured human breast cancer cells was compared by cellular and molecular experiments. Results of in vivo mouse models indicated that human breast cancer cells grew better in human mammary microenvironment. Cellular and molecular experiments confirmed that primary cultured human breast cancer cells from HB mouse model showed a better proliferative and anti-apoptotic biology than those from SUB to MFP mouse models. Meanwhile, primary cultured human breast cancer cells from HB mouse model also obtained the migratory and invasive biology for 'species-specific' tissue metastasis to human tissues. Comprehensive analyses suggest that 'species-specific' mammary microenvironment of human origin better regulates the biology of human breast cancer cells in our humanized mouse model of breast cancer, which is more consistent with the clinical progress of human breast cancer.\n","denotations":[{"id":"T1","span":{"begin":86,"end":107},"obj":"Process"},{"id":"T2","span":{"begin":165,"end":228},"obj":"Task"},{"id":"T3","span":{"begin":257,"end":303},"obj":"Process"},{"id":"T4","span":{"begin":529,"end":550},"obj":"Process"},{"id":"T5","span":{"begin":568,"end":674},"obj":"Task"},{"id":"T6","span":{"begin":690,"end":693},"obj":"Process"},{"id":"T7","span":{"begin":696,"end":711},"obj":"Process"},{"id":"T8","span":{"begin":713,"end":716},"obj":"Process"},{"id":"T9","span":{"begin":723,"end":738},"obj":"Process"},{"id":"T10","span":{"begin":761,"end":777},"obj":"Process"},{"id":"T11","span":{"begin":789,"end":812},"obj":"Task"},{"id":"T12","span":{"begin":834,"end":846},"obj":"Process"},{"id":"T13","span":{"begin":896,"end":949},"obj":"Task"},{"id":"T14","span":{"begin":1016,"end":1033},"obj":"Process"},{"id":"T15","span":{"begin":1172,"end":1234},"obj":"Process"},{"id":"T16","span":{"begin":1315,"end":1331},"obj":"Process"},{"id":"T17","span":{"begin":1344,"end":1406},"obj":"Process"},{"id":"T18","span":{"begin":1676,"end":1697},"obj":"Process"}],"relations":[]}