{"text":"Selective expression of Parkinson's disease-related Leucine-rich repeat kinase 2 G2019S missense mutation in midbrain dopaminergic neurons impairs dopamine release and dopaminergic gene expression.\nPreferential dysfunction/degeneration of midbrain substantia nigra pars compacta (SNpc) dopaminergic (DA) neurons contributes to the main movement symptoms manifested in Parkinson's disease (PD). Although the Leucine-rich repeat kinase 2 (LRRK2) G2019S missense mutation (LRRK2 G2019S) is the most common causative genetic factor linked to PD, the effects of LRRK2 G2019S on the function and survival of SNpc DA neurons are poorly understood. Using a binary gene expression system, we generated transgenic mice expressing either wild-type human LRRK2 (WT mice) or the LRRK2 G2019S mutation (G2019S mice) selectively in the midbrain DA neurons. Here we show that overexpression of LRRK2 G2019S did not induce overt motor abnormalities or substantial SNpc DA neuron loss. However, the LRRK2 G2019S mutation impaired dopamine homeostasis and release in aged mice. This reduction in dopamine content/release coincided with the degeneration of DA axon terminals and decreased expression of DA neuron-enriched genes tyrosine hydroxylase (TH), vesicular monoamine transporter 2, dopamine transporter and aldehyde dehydrogenase 1. These factors are responsible for dopamine synthesis, transport and degradation, and their expression is regulated by transcription factor paired-like homeodomain 3 (PITX3). Levels of Pitx3 mRNA and protein were similarly decreased in the SNpc DA neurons of aged G2019S mice. Together, these findings suggest that PITX3-dependent transcription regulation could be one of the many potential mechanisms by which LRRK2 G2019S acts in SNpc DA neurons, resulting in downregulation of its downstream target genes critical for dopamine homeostasis and release.\n","denotations":[{"id":"T1","span":{"begin":24,"end":60},"obj":"Material"},{"id":"T2","span":{"begin":81,"end":105},"obj":"Process"},{"id":"T3","span":{"begin":109,"end":138},"obj":"Material"},{"id":"T4","span":{"begin":168,"end":196},"obj":"Process"},{"id":"T5","span":{"begin":239,"end":269},"obj":"Material"},{"id":"T6","span":{"begin":300,"end":302},"obj":"Process"},{"id":"T7","span":{"begin":368,"end":388},"obj":"Material"},{"id":"T8","span":{"begin":389,"end":391},"obj":"Material"},{"id":"T9","span":{"begin":437,"end":442},"obj":"Process"},{"id":"T10","span":{"begin":444,"end":468},"obj":"Process"},{"id":"T11","span":{"begin":470,"end":482},"obj":"Material"},{"id":"T12","span":{"begin":538,"end":540},"obj":"Material"},{"id":"T13","span":{"begin":557,"end":569},"obj":"Material"},{"id":"T14","span":{"begin":602,"end":617},"obj":"Material"},{"id":"T15","span":{"begin":649,"end":678},"obj":"Process"},{"id":"T16","span":{"begin":693,"end":748},"obj":"Material"},{"id":"T17","span":{"begin":750,"end":757},"obj":"Material"},{"id":"T18","span":{"begin":766,"end":787},"obj":"Process"},{"id":"T19","span":{"begin":789,"end":800},"obj":"Material"},{"id":"T20","span":{"begin":821,"end":840},"obj":"Material"},{"id":"T21","span":{"begin":935,"end":961},"obj":"Material"},{"id":"T22","span":{"begin":981,"end":1002},"obj":"Process"},{"id":"T23","span":{"begin":1137,"end":1154},"obj":"Material"},{"id":"T24","span":{"begin":1183,"end":1228},"obj":"Material"},{"id":"T25","span":{"begin":1230,"end":1232},"obj":"Process"},{"id":"T26","span":{"begin":1235,"end":1268},"obj":"Material"},{"id":"T27","span":{"begin":1270,"end":1290},"obj":"Material"},{"id":"T28","span":{"begin":1439,"end":1459},"obj":"Process"},{"id":"T29","span":{"begin":1487,"end":1492},"obj":"Material"},{"id":"T30","span":{"begin":1560,"end":1575},"obj":"Material"},{"id":"T31","span":{"begin":1584,"end":1595},"obj":"Material"},{"id":"T32","span":{"begin":1635,"end":1675},"obj":"Process"},{"id":"T33","span":{"begin":1731,"end":1743},"obj":"Process"},{"id":"T34","span":{"begin":1752,"end":1767},"obj":"Material"},{"id":"T35","span":{"begin":1841,"end":1861},"obj":"Material"}],"relations":[]}