{"text":"G2019S LRRK2 and aging confer susceptibility to proteasome inhibitor-induced neurotoxicity in nigrostriatal dopaminergic system.\nThe leucine-rich repeat kinase 2 (LRRK2) mutation G2019S is one of the most common genetic causes in Parkinson's disease (PD). The penetrance of G2019S LRRK2 is incomplete and is age-dependent, therefore, it has been speculated that environmental toxins and aging could contribute to G2019S LRRK2-related PD pathogenesis. To prove this speculation, we performed a longitudinal investigation in mice bearing G2019S LRRK2 mutation. BAC G2019S LRRK2 transgenic (Tg) mice and their wildtype (Wt) littermates were treated with lactacystin, a specific proteasome inhibitor. The susceptibilities of mice to lactacystin-induced nigrostriatal dopaminergic (DAergic) degeneration were evaluated, at 5 and 12 months of age. We found that lactacystin treatment caused a greater decline of striatal DA content in the Tg mice at either 5 or 12 months of age than their age-matched Wt littermates. Moreover, the lactacystin-treated Tg or Wt mice at 12 months of age lose much more nigral tyrosine hydroxylase (TH)-positive neurons than the mice at 5 months of age, indicating an age-associated DAergic neurotoxicity. Additionally, stereotactic injection of lactacystin induced a dramatic increase of activated microglia in substantia nigra of mice at 12 months of age, compared with mice at 5 months of age. In summary, our study suggests that expression of the G2019S mutation in the mouse LRRK2 gene confers an age-associated high susceptibility to proteasome inhibition-induced nigrostriatal DAergic degeneration.\n","denotations":[{"id":"T1","span":{"begin":0,"end":12},"obj":"Material"},{"id":"T2","span":{"begin":94,"end":127},"obj":"Material"},{"id":"T3","span":{"begin":163,"end":186},"obj":"Process"},{"id":"T4","span":{"begin":230,"end":250},"obj":"Material"},{"id":"T5","span":{"begin":251,"end":253},"obj":"Material"},{"id":"T6","span":{"begin":274,"end":286},"obj":"Material"},{"id":"T7","span":{"begin":413,"end":449},"obj":"Material"},{"id":"T8","span":{"begin":493,"end":557},"obj":"Task"},{"id":"T9","span":{"begin":559,"end":586},"obj":"Material"},{"id":"T10","span":{"begin":749,"end":775},"obj":"Material"},{"id":"T11","span":{"begin":933,"end":940},"obj":"Material"},{"id":"T12","span":{"begin":1052,"end":1059},"obj":"Material"},{"id":"T13","span":{"begin":1095,"end":1122},"obj":"Material"},{"id":"T14","span":{"begin":1124,"end":1126},"obj":"Process"},{"id":"T15","span":{"begin":1245,"end":1282},"obj":"Process"},{"id":"T16","span":{"begin":1314,"end":1333},"obj":"Material"},{"id":"T17","span":{"begin":1476,"end":1491},"obj":"Process"},{"id":"T18","span":{"begin":1499,"end":1523},"obj":"Material"},{"id":"T19","span":{"begin":1576,"end":1629},"obj":"Process"}],"relations":[]}