{"text":"14-3-3 Proteins regulate mutant LRRK2 kinase activity and neurite shortening.\nMutations in leucine-rich repeat kinase 2 (LRRK2) are the most common known cause of inherited Parkinson's disease (PD), and LRRK2 is a risk factor for idiopathic PD. How LRRK2 function is regulated is not well understood. Recently, the highly conserved 14-3-3 proteins, which play a key role in many cellular functions including cell death, have been shown to interact with LRRK2. In this study, we investigated whether 14-3-3s can regulate mutant LRRK2-induced neurite shortening and kinase activity. In the presence of 14-3-3θ overexpression, neurite length of primary neurons from BAC transgenic G2019S-LRRK2 mice returned back to wild-type levels. Similarly, 14-3-3θ overexpression reversed neurite shortening in neuronal cultures from BAC transgenic R1441G-LRRK2 mice. Conversely, inhibition of 14-3-3s by the pan-14-3-3 inhibitor difopein or dominant-negative 14-3-3θ further reduced neurite length in G2019S-LRRK2 cultures. Since G2019S-LRRK2 toxicity is likely mediated through increased kinase activity, we examined 14-3-3θ's effects on LRRK2 kinase activity. 14-3-3θ overexpression reduced the kinase activity of G2019S-LRRK2, while difopein promoted the kinase activity of G2019S-LRRK2. The ability of 14-3-3θ to reduce LRRK2 kinase activity required direct binding of 14-3-3θ with LRRK2. The potentiation of neurite shortening by difopein in G2019S-LRRK2 neurons was reversed by LRRK2 kinase inhibitors. Taken together, we conclude that 14-3-3θ can regulate LRRK2 and reduce the toxicity of mutant LRRK2 through a reduction of kinase activity.\n","denotations":[{"id":"T1","span":{"begin":0,"end":44},"obj":"Material"},{"id":"T2","span":{"begin":58,"end":76},"obj":"Process"},{"id":"T3","span":{"begin":121,"end":126},"obj":"Process"},{"id":"T4","span":{"begin":194,"end":196},"obj":"Material"},{"id":"T5","span":{"begin":203,"end":208},"obj":"Process"},{"id":"T6","span":{"begin":241,"end":243},"obj":"Material"},{"id":"T7","span":{"begin":315,"end":347},"obj":"Material"},{"id":"T8","span":{"begin":453,"end":458},"obj":"Material"},{"id":"T9","span":{"begin":527,"end":559},"obj":"Process"},{"id":"T10","span":{"begin":663,"end":695},"obj":"Material"},{"id":"T11","span":{"begin":742,"end":813},"obj":"Process"},{"id":"T12","span":{"begin":819,"end":851},"obj":"Material"},{"id":"T13","span":{"begin":894,"end":923},"obj":"Material"},{"id":"T14","span":{"begin":987,"end":1008},"obj":"Material"},{"id":"T15","span":{"begin":1125,"end":1146},"obj":"Process"},{"id":"T16","span":{"begin":1202,"end":1214},"obj":"Material"},{"id":"T17","span":{"begin":1263,"end":1275},"obj":"Material"},{"id":"T18","span":{"begin":1303,"end":1371},"obj":"Task"},{"id":"T19","span":{"begin":1372,"end":1377},"obj":"Material"},{"id":"T20","span":{"begin":1383,"end":1417},"obj":"Process"},{"id":"T21","span":{"begin":1433,"end":1453},"obj":"Material"},{"id":"T22","span":{"begin":1470,"end":1493},"obj":"Process"},{"id":"T23","span":{"begin":1549,"end":1554},"obj":"Material"},{"id":"T24","span":{"begin":1559,"end":1633},"obj":"Task"}],"relations":[]}