{"text":"Confocal fluorescence microscopy to evaluate changes in adipocytes in the tumor microenvironment associated with invasive ductal carcinoma and ductal carcinoma in situ.\nAdipose tissue is a dynamic organ that provides endocrine, inflammatory and angiogenic factors, which can assist breast carcinoma cells with invasion and metastasis. Previous studies have shown that adipocytes adjacent to carcinoma, known as cancer-associated adipocytes, undergo extensive changes that correspond to an 'activated phenotype,' such as reduced size relative to adipocytes in non-neoplastic breast tissue. Optical imaging provides a tool that can be used to characterize adipocyte morphology and other features of the tumor microenvironment. In this study, we used confocal fluorescence microscopy to acquire images of freshly excised breast tissue stained topically with proflavine. We developed a computerized algorithm to identify and quantitatively measure phenotypic properties of adipocytes located adjacent to and far from normal collagen, ductal carcinoma in situ and invasive ductal carcinoma. Adipocytes were measured in confocal fluorescence images of fresh breast tissue collected from 22 patients. Results show that adipocytes adjacent to neoplastic tissue margins have significantly smaller area compared to adipocytes far from the margins of neoplastic lesions and compared to adipocytes adjacent to non-neoplastic collagenous stroma. These findings suggest that confocal microscopic images can be utilized to evaluate phenotypic properties of adipocytes in breast stroma which may be useful in defining alterations in microenvironment that may aid in the development and progression of neoplastic lesions.\n","denotations":[{"id":"T1","span":{"begin":0,"end":32},"obj":"Task"},{"id":"T2","span":{"begin":74,"end":96},"obj":"Material"},{"id":"T3","span":{"begin":113,"end":138},"obj":"Material"},{"id":"T4","span":{"begin":143,"end":159},"obj":"Material"},{"id":"T5","span":{"begin":282,"end":304},"obj":"Material"},{"id":"T6","span":{"begin":310,"end":318},"obj":"Process"},{"id":"T7","span":{"begin":641,"end":674},"obj":"Task"},{"id":"T8","span":{"begin":701,"end":723},"obj":"Material"},{"id":"T9","span":{"begin":748,"end":780},"obj":"Process"},{"id":"T10","span":{"begin":784,"end":798},"obj":"Material"},{"id":"T11","span":{"begin":882,"end":904},"obj":"Process"},{"id":"T12","span":{"begin":908,"end":965},"obj":"Task"},{"id":"T13","span":{"begin":1030,"end":1046},"obj":"Material"},{"id":"T14","span":{"begin":1059,"end":1084},"obj":"Material"},{"id":"T15","span":{"begin":1114,"end":1142},"obj":"Material"},{"id":"T16","span":{"begin":1398,"end":1431},"obj":"Task"},{"id":"T17","span":{"begin":1461,"end":1488},"obj":"Material"},{"id":"T18","span":{"begin":1508,"end":1569},"obj":"Task"},{"id":"T19","span":{"begin":1654,"end":1703},"obj":"Task"}],"relations":[]}