{"text":"Mouse Mammary Intraductal (MIND) Method for Transplantation of Patient Derived Primary DCIS Cells and Cell Lines.\nThe MIND method involves intraductal injection of patient derived ductal carcinoma in situ (DCIS) cells and DCIS cell lines (MCF10DCIS.COM and SUM225) inside the mouse mammary ducts (Video 1 and Figure 1 in Behbod\n","denotations":[{"id":"T1","span":{"begin":0,"end":25},"obj":"Process"},{"id":"T2","span":{"begin":27,"end":31},"obj":"Process"},{"id":"T3","span":{"begin":63,"end":97},"obj":"Material"},{"id":"T4","span":{"begin":118,"end":129},"obj":"Process"},{"id":"T5","span":{"begin":164,"end":196},"obj":"Material"},{"id":"T6","span":{"begin":206,"end":210},"obj":"Process"},{"id":"T7","span":{"begin":222,"end":237},"obj":"Process"},{"id":"T8","span":{"begin":239,"end":252},"obj":"Process"},{"id":"T9","span":{"begin":257,"end":263},"obj":"Process"},{"id":"T10","span":{"begin":276,"end":295},"obj":"Material"}],"relations":[]}