{"text":"Down-regulation of gelsolin expression in human breast ductal carcinoma in situ with and without invasion.\nExpression of gelsolin, an actin filament regulatory protein, in human breast ductal carcinoma in situ (DCIS) was analyzed by immunohistochemistry using a monoclonal antibody. Formalin-fixed paraffin-embedded tissues from 59 pure DCIS specimens and 33 DCIS specimens with associated invasive components were evaluated for gelsolin reactivity and compared to eight normal breast cases and 76 invasive breast cancers. The proportion of cases exhibiting negative/low expression of gelsolin in the epithelium was as follows -- normal, 0%; pure DCIS, 56%; DCIS associated with invasion, 58% in the DCIS component and 66% in the invasive component; invasive carcinoma, 70%. These data demonstrate that down-regulation of gelsolin expression in breast epithelium frequently parallels progression to malignancy. Testing gelsolin expression (normal vs. negative/low levels) in the DCIS lesions for associations with patient age or any of the following histopathologic parameters revealed no significant (95% probability level) correlations -- tumor size; pathologic (Van Nuys system) grade; nuclear grade; necrosis; presence of histologic calcifications; presence or type of adjacent benign lesions; architectural histologic pattern; and mammographic extent. Gelsolin loss was more commonly associated with mammographic soft tissue lesions as compared to calcified lesions (P = 0.009). A positive trend of borderline significance (P = 0.06) found in the DCIS with invasion group was a correlation between down-regulated gelsolin expression in the DCIS component and size ( less than  versus  greater than  or = 15 mm) of the invasive tumor. In conclusion, reduced gelsolin protein is detectable in at least half of breast lesions which have progressed to DCIS. The trend between increasing gelsolin loss and malignant progression from normal epithelium to DCIS to invasive breast cancer (P  less than  0.0001) suggests additional investigation is needed to determine the potential of altered gelsolin expression as a marker for prognosis and for therapeutic interventions in breast cancer.\n","denotations":[{"id":"T1","span":{"begin":0,"end":106},"obj":"Background"},{"id":"T2","span":{"begin":107,"end":282},"obj":"Method"},{"id":"T3","span":{"begin":283,"end":522},"obj":"Method"},{"id":"T4","span":{"begin":523,"end":774},"obj":"Result"},{"id":"T5","span":{"begin":775,"end":910},"obj":"Result"},{"id":"T6","span":{"begin":911,"end":1356},"obj":"Result"},{"id":"T7","span":{"begin":1357,"end":1483},"obj":"Result"},{"id":"T8","span":{"begin":1484,"end":1738},"obj":"Result"},{"id":"T9","span":{"begin":1739,"end":1858},"obj":"Conclusion"},{"id":"T10","span":{"begin":1859,"end":2187},"obj":"Result"}],"relations":[]}