{"text":"MLH3: a DNA mismatch repair gene associated with mammalian microsatellite instability.\nDNA mismatch repair is important because of its role in maintaining genomic integrity and its association with hereditary non-polyposis colon cancer (HNPCC). To identify new human mismatch repair proteins, we probed nuclear extracts with the conserved carboxy-terminal MLH1 interaction domain. Here we describe the cloning and complete genomic sequence of MLH3, which encodes a new DNA mismatch repair protein that interacts with MLH1. MLH3 is more similar to mismatch repair proteins from yeast, plants, worms and bacteria than to any known mammalian protein, suggesting that its conserved sequence may confer unique functions in mice and humans. Cells in culture stably expressing a dominant-negative MLH3 protein exhibit microsatellite instability. Mlh3 is highly expressed in gastrointestinal epithelium and physically maps to the mouse complex trait locus colon cancer susceptibility I (Ccs1). Although we were unable to identify a mutation in the protein-coding region of Mlh3 in the susceptible mouse strain, colon tumours from congenic Ccs1 mice exhibit microsatellite instability. Functional redundancy among Mlh3, Pms1 and Pms2 may explain why neither Pms1 nor Pms2 mutant mice develop colon cancer, and why PMS1 and PMS2 mutations are only rarely found in HNPCC families.\n","denotations":[{"id":"T1","span":{"begin":0,"end":86},"obj":"Background"},{"id":"T2","span":{"begin":87,"end":244},"obj":"Background"},{"id":"T3","span":{"begin":245,"end":380},"obj":"Method"},{"id":"T4","span":{"begin":381,"end":522},"obj":"Method"},{"id":"T5","span":{"begin":523,"end":734},"obj":"Result"},{"id":"T6","span":{"begin":735,"end":838},"obj":"Result"},{"id":"T7","span":{"begin":839,"end":985},"obj":"Result"},{"id":"T8","span":{"begin":986,"end":1176},"obj":"Result"},{"id":"T9","span":{"begin":1177,"end":1369},"obj":"Conclusion"}],"relations":[]}