{"text":"Four new mutations in the DNA mismatch repair gene MLH1 in colorectal cancers with microsatellite instability. Mutations in brief no. 157. Online.\nHereditary nonpolyposis colorectal cancer (HNPCC) is frequently associated with inherited mutation in one of four DNA mismatch repair genes. Somatic mutations in the same genes are also found in a subset of sporadic colorectal cancers. A defect in DNA mismatch repair results in a RER (replication error) tumor phenotype. We screened 110 archival and 11 prospectively acquired colorectal cancers for the RER phenotype. A total of 22 cancers were RER-positive. RER-positive tumors were investigated for mutations in the DNA mismatch repair gene MLH1 using single-strand-conformation-polymorphism (SSCP) analysis. We identified four previously undescribed mutations in four different samples. Three mutations were exonic: a point mutation at codon 69 (AGG-- greater than AAG(arg-- greater than lys)); a single base pair deletion at codon 42/43 (GCAAAATCC-- greater than GCAAATCC) leading to a new stop codon downstream; and a point mutation at codon 757 (TAA-- greater than TAT (termination-- greater than tyr) which extend the MLH1 peptide by 36 ammino acids. The fourth mutation was a 1 base pair insertion six base pairs 5' to the start of exon 14 (tttgtttt-- greater than tttggtttt). The mutations were not seen in the patients' constitutional DNA. The somatic MLHI mutations identified appear to be causally associated with the RER phenotype.\n","denotations":[{"id":"T1","span":{"begin":0,"end":110},"obj":"Background"},{"id":"T2","span":{"begin":111,"end":133},"obj":"Background"},{"id":"T3","span":{"begin":134,"end":138},"obj":"Result"},{"id":"T4","span":{"begin":139,"end":146},"obj":"Result"},{"id":"T5","span":{"begin":147,"end":287},"obj":"Result"},{"id":"T6","span":{"begin":288,"end":382},"obj":"Result"},{"id":"T7","span":{"begin":383,"end":468},"obj":"Method"},{"id":"T8","span":{"begin":469,"end":565},"obj":"Method"},{"id":"T9","span":{"begin":566,"end":606},"obj":"Result"},{"id":"T10","span":{"begin":607,"end":758},"obj":"Method"},{"id":"T11","span":{"begin":759,"end":837},"obj":"Result"},{"id":"T12","span":{"begin":838,"end":1205},"obj":"Method"},{"id":"T13","span":{"begin":1206,"end":1332},"obj":"Result"},{"id":"T14","span":{"begin":1333,"end":1397},"obj":"Result"},{"id":"T15","span":{"begin":1398,"end":1492},"obj":"Result"}],"relations":[]}