{"text":"AgNOR analysis of atypical ductal hyperplasia and intraductal carcinoma of the breast.\nTo determine the diagnostic and prognostic value of argyrophilic nucleolar organizer regions (AgNORs) in atypical ductal hyperplasia (ADH), ductal carcinoma in situ (DCIS) and microinvasive ductal carcinoma (MDCA) of the breast. Image analysis of histologic sections from biopsies of 46 breast ADH and DCIS and 18 cases of MDCA. Determination of morphometric features of cell nuclei and nucleolar organizer regions by using AMBA software system. Data were compared with the estrogen receptor/progesterone receptor (ER/PR) content as well as with the growth fraction, determined immunohistochemically. AgNOR number and total AgNOR area increased from ADH to DCIS. The highest values were recorded in cases of DCIS with microinvasion. Differences between ADH and intraductal or microinvasive ductal carcinoma were statistically significant. Within the group of intraductal carcinomas, the lowest values were measured in the solid type and highest values in the comedo type. A correlation was found between AgNOR features and growth fraction but not between these features and ER/PR status. Selected AgNOR features are relevant for differentiation between ADH and DCIS as well as between low and high grade DCIS and microinvasive ductal carcinoma. Therefore, objective and reproducible data obtained by AgNOR analysis may allow better evaluation of the prognostic significance of these lesions.\n","denotations":[{"id":"T1","span":{"begin":0,"end":86},"obj":"Background"},{"id":"T2","span":{"begin":87,"end":315},"obj":"Background"},{"id":"T3","span":{"begin":316,"end":415},"obj":"Method"},{"id":"T4","span":{"begin":416,"end":532},"obj":"Method"},{"id":"T5","span":{"begin":533,"end":687},"obj":"Method"},{"id":"T6","span":{"begin":688,"end":749},"obj":"Result"},{"id":"T7","span":{"begin":750,"end":819},"obj":"Result"},{"id":"T8","span":{"begin":820,"end":925},"obj":"Result"},{"id":"T9","span":{"begin":926,"end":1058},"obj":"Method"},{"id":"T10","span":{"begin":1059,"end":1174},"obj":"Result"},{"id":"T11","span":{"begin":1175,"end":1331},"obj":"Result"},{"id":"T12","span":{"begin":1332,"end":1478},"obj":"Method"}],"relations":[]}