{"text":"Protective effect of gamma-glutamylethylamide (theanine) on ischemic delayed neuronal death in gerbils.\nWe examined the protective effect of gamma-glutamylethylamide (theanine) on ischemic delayed neuronal death in field CA1 of the gerbil hippocampus. One microliter of theanine from each three concentrations (50, 125 and 500 microM) was administered through the lateral ventricle 30 min before ischemia. Transient forebrain ischemia was induced by bilateral occlusion of the common carotid arteries for 3 min under careful control of brain temperature at approximately 37 degrees C. Seven days after ischemia, the number of intact CA1 neurons in the hippocampus was assessed. Ischemia-induced neuronal death in hippocampal CA1 region was significantly prevented in a dose-dependent manner in the theanine-pretreated groups. These findings indicate that theanine might be useful clinically for preventing ischemic neuronal damage.\n","denotations":[{"id":"T1","span":{"begin":0,"end":103},"obj":"Background"},{"id":"T2","span":{"begin":104,"end":251},"obj":"Method"},{"id":"T3","span":{"begin":252,"end":405},"obj":"Method"},{"id":"T4","span":{"begin":406,"end":677},"obj":"Method"},{"id":"T5","span":{"begin":678,"end":825},"obj":"Result"},{"id":"T6","span":{"begin":826,"end":931},"obj":"Conclusion"}],"relations":[]}