{"text":"Selective blockade of the mGluR1 receptor reduces traumatic neuronal injury in vitro and improvesoOutcome after brain trauma.\nThe effects of selective blockade of group I metabotropic glutamate receptor subtype 1 (mGluR1) on neuronal cell survival and post-traumatic recovery was examined using rat in vitro and in vivo trauma models. The selective mGluR1 antagonists (RS)-1-aminoindan-1,5-dicarboxylic acid (AIDA), 7-(hydroxyimino)cyclopropa(b)chromen-1a-carboxylate ethyl ester (CPCCOEt), and (S)-(+)-alpha-amino-4-carboxy-2-methylbezeneacetic acid (LY367385) provided significant neuroprotection in rat cortical neuronal cultures subjected to mechanical injury, in both pretreatment or posttreatment paradigms. Administration of the antagonists also attenuated glutamate-induced neuronal cell death in the cultures. Coapplication of these antagonists with the N-methyl-d-aspartate (NMDA) receptor antagonist (5R,10S)-(+)-5-methyl-10,11-dihydro-5H-dibenzo(a,d)cyclohepten-5,10-imine (MK-801) had additive neuroprotective effects in glutamate injured cultures. Intracerebroventricular administration of AIDA to rats markedly improved recovery from motor dysfunction after lateral fluid percussion induced traumatic brain injury (TBI). Treatment with mGluR1 antagonists also significantly reduced lesion volumes in rats after TBI, as evaluated by MRI. It appears that these compounds mediate their neuroprotective effect through an mGluR1 antagonist action, as demonstrated by inhibition of agonist induced phosphoinositide hydrolysis in our in vitro system. Moreover, AIDA, CPCCOEt, and LY367385, at concentrations shown to be neuroprotective, had no significant effects on the steady state NMDA evoked whole cell current. Taken together, these data suggest that modulation of mGluR1 activity may have substantial therapeutic potential in brain injury.\n","denotations":[{"id":"T1","span":{"begin":0,"end":125},"obj":"Background"},{"id":"T2","span":{"begin":126,"end":334},"obj":"Method"},{"id":"T3","span":{"begin":335,"end":713},"obj":"Result"},{"id":"T4","span":{"begin":714,"end":818},"obj":"Result"},{"id":"T5","span":{"begin":819,"end":1061},"obj":"Result"},{"id":"T6","span":{"begin":1062,"end":1235},"obj":"Result"},{"id":"T7","span":{"begin":1236,"end":1351},"obj":"Result"},{"id":"T8","span":{"begin":1352,"end":1558},"obj":"Result"},{"id":"T9","span":{"begin":1559,"end":1723},"obj":"Result"},{"id":"T10","span":{"begin":1724,"end":1853},"obj":"Conclusion"}],"relations":[]}