{"text":"Neural interactions between motor cortical hemispheres during bimanual and unimanual arm movements.\nCortico-cortical connections through the corpus callosum are a major candidate for mediating bimanual coordination. However, aside from the deficits observed after lesioning this connection, little positive evidence indicates its function in bimanual tasks. In order to address this issue, we simultaneously recorded neuronal activity at multiple sites within the arm area of motor cortex in both hemispheres of awake primates performing different bimanual and unimanual movements. By employing an adapted form of the joint peri-stimulus time histogram technique, we discovered rapid movement-related correlation changes between the local field potentials (LFPs) of the two hemispheres that escaped detection by time-averaged cross-correlation methods. The frequency and amplitude of dynamic modifications in correlations between the hemispheres were similar to those within the same hemisphere. As in previous EEG studies, we found that, on average, correlation decreased during movements. However, a subset of recording site pairs did show transiently increased correlations around movement onset (57% of all pairs and conditions in monkey G, 39% in monkey P). In interhemispheric pairs, these increases were consistently related to the mode of coupling between the two arms. Both the correlations between the movements themselves and the interhemispheric LFP correlation increases were strongest during bimanual symmetric movements, and weaker during bimanual asymmetric and unimanual movements. Increased correlations occurred mainly around movement onset, whilst decreases in correlation dominated during movement execution. The task-specific way in which interhemispheric correlations are modulated is compatible with the notion that interactions between the hemispheres contribute to behavioural coupling between the arms.\n","denotations":[{"id":"T1","span":{"begin":0,"end":99},"obj":"Background"},{"id":"T2","span":{"begin":100,"end":215},"obj":"Background"},{"id":"T3","span":{"begin":216,"end":357},"obj":"Result"},{"id":"T4","span":{"begin":358,"end":581},"obj":"Method"},{"id":"T5","span":{"begin":582,"end":852},"obj":"Method"},{"id":"T6","span":{"begin":853,"end":995},"obj":"Result"},{"id":"T7","span":{"begin":996,"end":1090},"obj":"Result"},{"id":"T8","span":{"begin":1091,"end":1262},"obj":"Result"},{"id":"T9","span":{"begin":1263,"end":1377},"obj":"Result"},{"id":"T10","span":{"begin":1378,"end":1598},"obj":"Result"},{"id":"T11","span":{"begin":1599,"end":1729},"obj":"Result"},{"id":"T12","span":{"begin":1730,"end":1929},"obj":"Conclusion"}],"relations":[]}