{"text":"Analysis of conditional mutations in the Saccharomyces cerevisiae MLH1 gene in mismatch repair and in meiotic crossing over.\nIn mismatch repair (MMR), members of the MLH gene family have been proposed to act as key molecular matchmakers to coordinate mismatch recognition with downstream repair functions that result in mispair excision. Two members of this gene family, MLH1 and MLH3, have also been implicated in meiotic crossing over. These diverse roles suggest that a mutational analysis of MLH genes could provide reagents required to identify interactions between gene products and to test whether the different roles ascribed to a subset of these genes can be separated. In this report we show that in Saccharomyces cerevisiae the mlh1Delta mutation confers inviability in pol3-01 strain backgrounds that are defective in the Poldelta proofreading exonuclease activity. This phenotype was exploited to identify four mlh1 alleles that each confer a temperature-sensitive phenotype for viability in pol3-01 strains. In three different mutator assays, strains bearing conditional mlh1 alleles displayed wild-type or nearly wild-type mutation rates at 26 degrees. At 35 degrees, these strains exhibited mutation rates that approached those observed in mlh1Delta mutants. The mutator phenotype exhibited in mlh1-I296S strains was partially suppressed at 35 degrees by EXO1 overexpression. The mlh1-F228S and -I296S mutations conferred a separation-of-function phenotype in meiosis; both mlh1-F228S and -I296S strains displayed strong defects in meiotic mismatch repair but showed nearly wild-type levels of crossing over, suggesting that the conditional mutations differentially affected MLH1 functions. These genetic studies suggest that the conditional mlh1 mutations can be used to separate the MMR and meiotic crossing-over functions of MLH1 and to identify interactions between MLH1 and downstream repair components.\n","denotations":[{"id":"T1","span":{"begin":0,"end":124},"obj":"Background"},{"id":"T2","span":{"begin":125,"end":337},"obj":"Background"},{"id":"T3","span":{"begin":338,"end":437},"obj":"Background"},{"id":"T4","span":{"begin":438,"end":678},"obj":"Method"},{"id":"T5","span":{"begin":679,"end":877},"obj":"Result"},{"id":"T6","span":{"begin":878,"end":1021},"obj":"Result"},{"id":"T7","span":{"begin":1022,"end":1167},"obj":"Result"},{"id":"T8","span":{"begin":1168,"end":1274},"obj":"Result"},{"id":"T9","span":{"begin":1275,"end":1391},"obj":"Result"},{"id":"T10","span":{"begin":1392,"end":1706},"obj":"Result"},{"id":"T11","span":{"begin":1707,"end":1924},"obj":"Method"}],"relations":[]}