{"text":"A gelatin in situ-overlay technique localizes brain matrix metalloproteinase activity in experimental focal cerebral ischemia.\nTo determine the activity of matrix metalloproteinases (MMP), especially MMP-2 and MMP-9, which play an important role in ischemic stroke and intracerebral hemorrhage, we adapted a simple and rapid method for localizing gelatinase activity to a gelatin film in situ-overlay technique previously used in cancer research. Ten micrometer cryosections of rat brain from controls and animals subjected to 3 h of ischemia and 48 h of reperfusion (suture model for transient cerebral ischemia) were used. After thawing, a gelatin film with a polyester base was put on the slide, incubated for 24 h at 37 degrees C, stained with Ponceau S, and then discolored in bi-distilled water. Non-staining areas on the film corresponded to lysis zones, caused by activated MMPs. This was proven by MMP incubation at various concentrations on the plain gelatin film and pretreatment with EDTA (an MMP inhibitor), which prevents lysis zones in normal and ischemic brains. As confirmatory tests, SDS-PAGE zymography was used to define MMP activity, and also MMP-2 immunohistochemistry to detect the possibly cellular origin of MMPs. Normal rat brain exhibited a low background activity, which was visible as a light halo-like lysis zone over and around the brain. Areas in normal brain with medium MMP activity were within the white matter (corpus callosum, anterior commissure, and cerebellum). Ischemic brain exhibited high activity lysis zones within the infarcted area (detected by microtubuli associated protein-2 staining). These zones consisted of microscopically small lysis holes with a diameter of about 10-20 microm. Immunohistochemistry showed that especially microvessels expressed MMP antigen. SDS-PAGE zymography differentiated between a high level of activated MMPs in the ischemic area and a low level in the non-ischemic basal ganglia. The gelatin film in situ-overlay technique is able to localize MMP activity in ischemic rat brain tissue on a microscopic level.\n","denotations":[{"id":"T1","span":{"begin":0,"end":126},"obj":"Background"},{"id":"T2","span":{"begin":127,"end":446},"obj":"Method"},{"id":"T3","span":{"begin":447,"end":624},"obj":"Result"},{"id":"T4","span":{"begin":625,"end":801},"obj":"Method"},{"id":"T5","span":{"begin":802,"end":887},"obj":"Result"},{"id":"T6","span":{"begin":888,"end":1078},"obj":"Method"},{"id":"T7","span":{"begin":1079,"end":1238},"obj":"Method"},{"id":"T8","span":{"begin":1239,"end":1369},"obj":"Result"},{"id":"T9","span":{"begin":1370,"end":1501},"obj":"Method"},{"id":"T10","span":{"begin":1502,"end":1635},"obj":"Result"},{"id":"T11","span":{"begin":1636,"end":1733},"obj":"Result"},{"id":"T12","span":{"begin":1734,"end":1813},"obj":"Result"},{"id":"T13","span":{"begin":1814,"end":1959},"obj":"Result"},{"id":"T14","span":{"begin":1960,"end":2088},"obj":"Result"}],"relations":[]}