{"text":"Meiotic arrest and aneuploidy in MLH3-deficient mice.\nMutL homolog 3 (Mlh3) is a member of a family of proteins conserved during evolution and having dual roles in DNA mismatch repair and meiosis. The pathway in eukaryotes consists of the DNA-binding components, which are the homologs of the bacterial MutS protein (MSH 2 6), and the MutL homologs, which bind to the MutS homologs and are essential for the repair process. Three of the six homologs of MutS that function in these processes, Msh2, Msh3 and Msh6, are involved in the mismatch repair of mutations, frameshifts and replication errors, and two others, Msh4 and Msh5, have specific roles in meiosis. Of the four MutL homologs, Mlh1, Mlh3, Pms1 and Pms2, three are involved in mismatch repair and at least two, Pms2 and Mlh1, are essential for meiotic progression in both yeast and mice. To assess the role of Mlh3 in mammalian meiosis, we have generated and characterized Mlh3(-/-) mice. Here we show that Mlh3(-/-) mice are viable but sterile. Mlh3 is required for Mlh1 binding to meiotic chromosomes and localizes to meiotic chromosomes from the mid pachynema stage of prophase I. Mlh3(-/-) spermatocytes reach metaphase before succumbing to apoptosis, but oocytes fail to complete meiosis I after fertilization. Our results show that Mlh3 has an essential and distinct role in mammalian meiosis.\n","denotations":[{"id":"T1","span":{"begin":0,"end":53},"obj":"Background"},{"id":"T2","span":{"begin":54,"end":196},"obj":"Background"},{"id":"T3","span":{"begin":197,"end":423},"obj":"Method"},{"id":"T4","span":{"begin":424,"end":661},"obj":"Method"},{"id":"T5","span":{"begin":662,"end":848},"obj":"Method"},{"id":"T6","span":{"begin":849,"end":949},"obj":"Method"},{"id":"T7","span":{"begin":950,"end":1006},"obj":"Result"},{"id":"T8","span":{"begin":1007,"end":1276},"obj":"Result"},{"id":"T9","span":{"begin":1277,"end":1360},"obj":"Result"}],"relations":[]}