{"text":"What do complex spikes signal about limb movements?\nDeciphering the information or signals carried by the complex spike discharge of Purkinje cells has proven to be problematic, primarily because of low frequency discharge and lack of adequate analytical techniques. This problem is particularly acute for studies of limb movements. To this end the relationship of cerebellar Purkinje cell complex spike discharge to direction and speed were studied in a manual-tracking task. Two monkeys were trained to pursue track targets moving in one of eight directions and at one of four speeds. An analysis based on Poisson regression modeling fitted the complex spike counts during single movement trials to target direction and/or speed. Using single trial data, the Poisson modeling demonstrated that the complex spike discharge for a majority of the Purkinje cells was significantly fit to tracking direction and speed. A second analysis based on the directional distribution of position and speed errors and a Poisson regression model of complex spike discharge to tracking position and speed errors found little relationship to movement error. Comparison of the preferred direction of the complex spike discharge with that of the simple spike activity revealed a reciprocal relationship for many cells. Thus, the complex spike discharge signals both tracking direction and speed but not movement errors. Furthermore, treating complex spike counts as a Poisson process provides a powerful tool for analyzing these events in single trials, without the need for extensive averaging.\n","denotations":[{"id":"T1","span":{"begin":0,"end":51},"obj":"Background"},{"id":"T2","span":{"begin":52,"end":266},"obj":"Background"},{"id":"T3","span":{"begin":267,"end":332},"obj":"Background"},{"id":"T4","span":{"begin":333,"end":476},"obj":"Method"},{"id":"T5","span":{"begin":477,"end":586},"obj":"Method"},{"id":"T6","span":{"begin":587,"end":731},"obj":"Method"},{"id":"T7","span":{"begin":732,"end":915},"obj":"Method"},{"id":"T8","span":{"begin":916,"end":1141},"obj":"Method"},{"id":"T9","span":{"begin":1142,"end":1300},"obj":"Result"},{"id":"T10","span":{"begin":1301,"end":1401},"obj":"Result"},{"id":"T11","span":{"begin":1402,"end":1577},"obj":"Method"}],"relations":[]}