{"text":"NMDA receptor regulation by amyloid-beta does not account for its inhibition of LTP in rat hippocampus.\nAccumulation of amyloid-beta peptide (Abeta) is widely believed to play a critical role in the pathogenesis of Alzheimer's disease. Although amyloid-containing plaques are a key neuropathological feature of AD, soluble forms of Abeta can interfere with synaptic plasticity in the brain, suggesting that this form of the peptide may be responsible for much of the memory deficit seen early in the disease. Here, we investigate the mechanism underlying the effects of Abeta on long-term potentiation (LTP) in area CA1 of rat hippocampus. Extracellular field recordings were made in area CA1 of hippocampal slices taken from young, adult male rats. A non-toxic concentration of Abeta (200 nM) produced a rapid inhibition of LTP induced by 100 Hz stimulation while having no long-term effect on normal synaptic transmission. The same dose of Abeta had no effect on long-term depression (LTD) induced by 1200 pulses at 1 or 3 Hz. Picrotoxin had no effect on the inhibition of LTP, suggesting Abeta does not act by enhancing GABAergic transmission. Since the LTP induction in this study was dependent on N-methyl-D-aspartate (NMDA) receptor activation, we looked at the effect of Abeta on isolated NMDA receptor-mediated field potentials. Abeta produced a small but significant inhibition of NMDA receptor-mediated synaptic potentials ( approximately 25%). However, a low dose of MK-801 (0.5 microM) that produced a similar inhibition of NMDA potentials had no effect on LTP induction but completely blocked LTD induction. These results suggest that Abeta does not inhibit LTP via effects on NMDA receptors, but rather interferes with a downstream pathway.\n","denotations":[{"id":"T1","span":{"begin":0,"end":103},"obj":"Background"},{"id":"T2","span":{"begin":104,"end":235},"obj":"Background"},{"id":"T3","span":{"begin":236,"end":508},"obj":"Result"},{"id":"T4","span":{"begin":509,"end":639},"obj":"Method"},{"id":"T5","span":{"begin":640,"end":749},"obj":"Method"},{"id":"T6","span":{"begin":750,"end":924},"obj":"Result"},{"id":"T7","span":{"begin":925,"end":1028},"obj":"Result"},{"id":"T8","span":{"begin":1029,"end":1146},"obj":"Result"},{"id":"T9","span":{"begin":1147,"end":1336},"obj":"Purpose"},{"id":"T10","span":{"begin":1337,"end":1454},"obj":"Result"},{"id":"T11","span":{"begin":1455,"end":1620},"obj":"Result"},{"id":"T12","span":{"begin":1621,"end":1754},"obj":"Conclusion"}],"relations":[]}