{"text":"In vivo neuroprotective role of NMDA receptors against kainate-induced excitotoxicity in murine hippocampal pyramidal neurons.\nActivation of NMDA receptors has been shown to induce either neuronal cell death or neuroprotection against excitotoxicity in cultured cerebellar granule neurons in vitro. We have investigated the effects of pretreatment with NMDA on kainate-induced neuronal cell death in mouse hippocampus in vivo. The systemic administration of kainate (30 mg/kg), but not NMDA (100 mg/kg), induced severe damage in pyramidal neurons of the hippocampal CA1 and CA3 subfields 3-7 days later, without affecting granule neurons in the dentate gyrus. An immunohistochemical study using an anti-single-stranded DNA antibody and TdT-mediated dUTP nick end labeling analysis both revealed that kainate, but not NMDA, induced DNA fragmentation in the CA1 and CA3 pyramidal neurons 1-3 days after administration. Kainate-induced neuronal loss was completely prevented by the systemic administration of NMDA (100 mg/kg) 1 h to 1 day previously. No pyramidal neuron was seen with fragmented DNA in the hippocampus of animals injected with kainate 1 day after NMDA treatment. The neuroprotection mediated by NMDA was prevented by the non-competitive NMDA receptor antagonist MK-801. Taken together these results indicate that in vivo activation of NMDA receptors is capable of protecting against kainate-induced neuronal damage through blockade of DNA fragmentation in murine hippocampus.\n","denotations":[{"id":"T1","span":{"begin":0,"end":126},"obj":"Background"},{"id":"T2","span":{"begin":127,"end":298},"obj":"Background"},{"id":"T3","span":{"begin":299,"end":426},"obj":"Method"},{"id":"T4","span":{"begin":427,"end":659},"obj":"Result"},{"id":"T5","span":{"begin":660,"end":916},"obj":"Method"},{"id":"T6","span":{"begin":917,"end":1047},"obj":"Result"},{"id":"T7","span":{"begin":1048,"end":1176},"obj":"Result"},{"id":"T8","span":{"begin":1177,"end":1283},"obj":"Conclusion"},{"id":"T9","span":{"begin":1284,"end":1489},"obj":"Conclusion"}],"relations":[]}