{"text":"Spike firing in the lateral cerebellar cortex correlated with movement and motor parameters irrespective of the effector limb.\nNeuronal signals in the lateral aspect of the macaque cerebellar cortex were studied during a visually guided reaching task. During the performance of this task, the firing rate of most neurons was significantly modulated when reaching with either the ipsilateral or the contralateral arm. In some of these reach-modulated cells, we found that spike firing was correlated with the direction and speed of the reach. These correlations with motor parameters were present during reaching with either the ipsilateral or the contralateral arm. Based on these observations we suggest that spike firing in the lateral cerebellum was correlated with movement and motor parameters irrespective of the effector limb.\n","denotations":[{"id":"T1","span":{"begin":0,"end":126},"obj":"Background"},{"id":"T2","span":{"begin":127,"end":251},"obj":"Method"},{"id":"T3","span":{"begin":252,"end":416},"obj":"Result"},{"id":"T4","span":{"begin":417,"end":541},"obj":"Result"},{"id":"T5","span":{"begin":542,"end":665},"obj":"Result"},{"id":"T6","span":{"begin":666,"end":833},"obj":"Method"}],"relations":[]}