{"text":"Beta-secretase processing of the Alzheimer's amyloid protein precursor (APP).\nAn integral membrane aspartyl protease, BACE, is responsible for beta-secretase processing of the beta-amyloid precursor protein (APP) to the large secreted sAPPbeta and membrane-bound CTFbeta of 99 residues. CTFbeta is subsequently cleaved within the membrane by gamma-secretase to the amyloid beta protein (Abeta) that is deposited in the Alzheimer's disease (AD) brain. In this manuscript, we argue that BACE is not limiting for Abeta production and report the existence of a high molecular weight complex of BACE that is more active than the monomer. We also present evidence that the BACE complex is enriched in lipid raft fractions prepared from brain membranes. These findings support the hypothesis that cleavage by BACE is limited by trafficking of APP ( less than 10%) to a lipid raft-derived compartment containing the BACE complex. In addition, the localization of the BACE complex to lipid rafts can explain previous findings that cholesterol and glycosylphosphatidylinositol (GPI)-anchored proteins are necessary for beta-secretase processing of APP. We propose that the BACE complex is a better drug target than the monomer for specific inhibition of Abeta biogenesis.\n","denotations":[{"id":"T1","span":{"begin":0,"end":77},"obj":"Background"},{"id":"T2","span":{"begin":78,"end":286},"obj":"Background"},{"id":"T3","span":{"begin":287,"end":450},"obj":"Result"},{"id":"T4","span":{"begin":451,"end":632},"obj":"Result"},{"id":"T5","span":{"begin":633,"end":746},"obj":"Method"},{"id":"T6","span":{"begin":747,"end":921},"obj":"Result"},{"id":"T7","span":{"begin":922,"end":1142},"obj":"Conclusion"},{"id":"T8","span":{"begin":1143,"end":1261},"obj":"Method"}],"relations":[]}