{"text":"Wavelet analysis can sensitively describe dynamics of ethanol evoked local field potentials of the slug (Limax marginatus) brain.\nOdorants evoke characteristic, but complex, local field potentials (LFPs) in the molluscan brain. Wavelet tools in combination with Fourier analysis can detect and characterize hitherto unknown discrete, slow potentials underlying the conspicuous oscillations. Ethanol was one of the odorants that we have extensively studied (J. Neurosci. Methods, 119 (2002) 89). To detect new features and to elucidate their functions, we tested the wavelet tools on the ethanol-evoked LFP responses of the slug (Limax) procerebrum. Recordings were made in vitro from the neuropile and the cell layer. The present study led to the following findings: (i) Mutual exclusion. Energy concentrated mainly in two ranges, (a) 0.1-0.4 Hz and (b) 1.56-12.5 Hz, and the sum of energy remained constant throughout experiments regardless of the condition. A redistribution of relative energy within this sum seemed to occur in the course of main, possible interactions between the two components excluding each other ('mutual exclusion'). (ii) Transient signal ordering and disordering. Ethanol stimulation alternatingly evoked periods of strongly time evolving oscillation dominated by the energy of 1.56-12.5 Hz (increase of entropy=disordered or complexly ordered state) and those of near-silence were predominated by the energy of 0.1-0.4 Hz (decrease of entropy=ordered state). (iii) About 0.1 Hz slow wave oscillation. It was robust. The dominant energy oscillation and the resulting large entropy fluctuation were negatively correlated to each other, and revealed strong frequency-tuning or synchronization at this frequency. Our findings suggest that discrete slow waves play functionally important roles in the invertebrate brain, as widely known in vertebrate EEG. Wavelet tools allow an easy interpretation of several minutes of frequency variations in a single display and give precise information on stimulus-evoked complex change of the neural system describing the new state 'more ordered' or 'non-ordered or more complexly ordered'.\n","denotations":[{"id":"T1","span":{"begin":0,"end":129},"obj":"Background"},{"id":"T2","span":{"begin":130,"end":227},"obj":"Background"},{"id":"T3","span":{"begin":228,"end":390},"obj":"Method"},{"id":"T4","span":{"begin":391,"end":459},"obj":"Method"},{"id":"T5","span":{"begin":460,"end":469},"obj":"Result"},{"id":"T6","span":{"begin":470,"end":494},"obj":"Result"},{"id":"T7","span":{"begin":495,"end":648},"obj":"Method"},{"id":"T8","span":{"begin":649,"end":717},"obj":"Method"},{"id":"T9","span":{"begin":718,"end":788},"obj":"Purpose"},{"id":"T10","span":{"begin":789,"end":842},"obj":"Result"},{"id":"T11","span":{"begin":843,"end":863},"obj":"Method"},{"id":"T12","span":{"begin":864,"end":959},"obj":"Result"},{"id":"T13","span":{"begin":960,"end":1142},"obj":"Result"},{"id":"T14","span":{"begin":1143,"end":1190},"obj":"Method"},{"id":"T15","span":{"begin":1191,"end":1314},"obj":"Result"},{"id":"T16","span":{"begin":1315,"end":1446},"obj":"Result"},{"id":"T17","span":{"begin":1447,"end":1486},"obj":"Result"},{"id":"T18","span":{"begin":1487,"end":1528},"obj":"Method"},{"id":"T19","span":{"begin":1529,"end":1543},"obj":"Result"},{"id":"T20","span":{"begin":1544,"end":1736},"obj":"Result"},{"id":"T21","span":{"begin":1737,"end":1878},"obj":"Conclusion"},{"id":"T22","span":{"begin":1879,"end":2152},"obj":"Method"}],"relations":[]}