{"text":"Preshaping and continuous evolution of motor cortical representations during movement preparation.\nWhile a goal-directed movement is prepared, motor cortical neurons selectively change their activity in relation to prior information about movement direction. Only little is known, however, about the neuronal representation of partial information about this parameter. We investigated this question by training monkeys in a multidirectional centre-out pointing task. A preparatory signal provided prior information about one, two or three possible adjacent targets, thus manipulating the level of certainty about movement direction. After a 1-s delay, the response signal specified one of the precued targets to indicate the actual movement to be performed. Based on the directional tuning curves of individual motor cortical neurons determined during the reaction time interval, we constructed distributions of the population activation (DPAs), which we were then able to estimate as well during the preparatory period. We found that these distributions were preshaped by prior information, with peaks of activation centred over the range of precued movement directions. These peaks sharpened as the response signal approached, and shifted to the specified movement direction subsequent to that signal. Wider ranges of precued movement directions were represented by broader DPAs. Trials in which monkeys produced short reaction times were characterized by narrower distributions than trials with long reaction times. Our study thus provides evidence for (i) a graded preshaping of the neuronal population representation of movement direction by partial information about this parameter, and (ii) the continuous evolution of the preshaped population representation during the preparatory period towards movement initiation.\n","denotations":[{"id":"T1","span":{"begin":0,"end":98},"obj":"Background"},{"id":"T2","span":{"begin":99,"end":258},"obj":"Method"},{"id":"T3","span":{"begin":259,"end":368},"obj":"Method"},{"id":"T4","span":{"begin":369,"end":466},"obj":"Method"},{"id":"T5","span":{"begin":467,"end":632},"obj":"Method"},{"id":"T6","span":{"begin":633,"end":757},"obj":"Result"},{"id":"T7","span":{"begin":758,"end":1020},"obj":"Method"},{"id":"T8","span":{"begin":1021,"end":1171},"obj":"Result"},{"id":"T9","span":{"begin":1172,"end":1303},"obj":"Result"},{"id":"T10","span":{"begin":1304,"end":1381},"obj":"Method"},{"id":"T11","span":{"begin":1382,"end":1518},"obj":"Result"},{"id":"T12","span":{"begin":1519,"end":1824},"obj":"Method"}],"relations":[]}