{"text":"Neutrophil infiltration increases matrix metalloproteinase-9 in the ischemic brain after occlusion/reperfusion of the middle cerebral artery in rats.\nMatrix metalloproteinase-9 (MMP-9) activity increases in the brain during the first day after focal ischemia and might be involved in the pathogenesis of tissue damage. We previously showed MMP-9 in the extracellular space of brain parenchyma along with neutrophil recruitment after ischemia. In the present study, we tested whether neutrophils were a direct source of enhanced MMP-9 in the ischemic brain. Neutrophil infiltration was prevented either by injecting an antibody against ICAM-1, which abrogates neutrophil adhesion to the endothelial vessel wall, or by inducing neutropenia. One-hour intraluminal middle cerebral artery occlusion with reperfusion was induced, and studies were performed at 24 hours. Circulating neutrophils expressed 95-kDa MMP-9 and dimers, and infiltrated neutrophils stained positive for MMP-9. The expression of MMP-9 (mainly 95-kDa proform and dimers and, to a lesser extent, 88-kDa form) increased in brain after ischemia/reperfusion. Treatments preventing neutrophil infiltration failed to preclude the ischemia-induced increase in 88-kDa MMP-9 form and gelatinase activity in neurons and blood vessels. However, these treatments prevented the major increase in 95-kDa MMP-9 form and dimers. We conclude that neutrophil infiltration highly contributes to enhanced MMP-9 in the ischemic brain by releasing MMP-9 proform, which might participate in the tissular inflammatory reaction.\n","denotations":[{"id":"T1","span":{"begin":0,"end":149},"obj":"Background"},{"id":"T2","span":{"begin":150,"end":318},"obj":"Background"},{"id":"T3","span":{"begin":319,"end":442},"obj":"Result"},{"id":"T4","span":{"begin":443,"end":556},"obj":"Method"},{"id":"T5","span":{"begin":557,"end":738},"obj":"Method"},{"id":"T6","span":{"begin":739,"end":863},"obj":"Method"},{"id":"T7","span":{"begin":864,"end":978},"obj":"Method"},{"id":"T8","span":{"begin":979,"end":1291},"obj":"Result"},{"id":"T9","span":{"begin":1292,"end":1379},"obj":"Result"},{"id":"T10","span":{"begin":1380,"end":1570},"obj":"Conclusion"}],"relations":[]}