{"text":"Acute ethanol intoxication in a model of traumatic brain injury: the protective role of moderate doses demonstrated by immunoreactivity of synaptophysin in hippocampal neurons.\nAlthough ethanol intoxication is reported to be a complicating factor in traumatic brain injury, some recent studies are indicating its possible protective role especially at lower doses. Ethanol inhibition of NMDA-mediated excitotoxicity which predominates at lower doses is believed to be responsible for this protection. The aim of this study was to demonstrate this neuroprotective role of alcohol using immunoreactivity for synaptophysin as an indirect marker for severity of injury. Acute ethanol intoxication at moderate doses was performed 2 h prior to trauma. Severe traumatic brain injury was administrated using an impact acceleration model in Sprague-Dawley rats. At post-traumatic 48th hour, immunorectivity for synapthophysin in the rat hippocampi was evaluated under light microscopy. According to our results there were slight increases in immunoreactivity for synaptophysin in the stratum oriens and striatum radiatum of CA1 subfield of hippocampus when ethanol was administered prior to trauma comparing to moderate increase in the trauma-only group. On the other hand vacuolar degeneration and red neuron formation was more prominent in the pyramidal cell layer of CA1 and CA3 when ethanol was not administered. Ethanol may have a neuroprotective role when administered at moderate doses prior to traumatic brain injury. This effect of ethanol may primarily be due to inhibition of NMDA receptors.\n","denotations":[{"id":"T1","span":{"begin":0,"end":176},"obj":"Background"},{"id":"T2","span":{"begin":177,"end":364},"obj":"Method"},{"id":"T3","span":{"begin":365,"end":500},"obj":"Result"},{"id":"T4","span":{"begin":501,"end":665},"obj":"Purpose"},{"id":"T5","span":{"begin":666,"end":745},"obj":"Method"},{"id":"T6","span":{"begin":746,"end":852},"obj":"Method"},{"id":"T7","span":{"begin":853,"end":976},"obj":"Method"},{"id":"T8","span":{"begin":977,"end":1245},"obj":"Result"},{"id":"T9","span":{"begin":1246,"end":1407},"obj":"Result"},{"id":"T10","span":{"begin":1408,"end":1516},"obj":"Conclusion"},{"id":"T11","span":{"begin":1517,"end":1593},"obj":"Conclusion"}],"relations":[]}