{"text":"Matrix metalloproteinases and their tissue inhibitors in the developing neonatal mouse uterus.\nPostnatal development of the mouse uterus involves differentiation and development of the endometrial glands as well as the myometrium. Matrix metalloproteinases (MMPs) and their tissue inhibitors (TIMPs) are involved in extracellular matrix breakdown and morphogenesis of many epitheliomesenchymal organs. As a first step to understanding their roles in postnatal mouse uterine development, MMPs and TIMPs found to be expressed in the neonatal mouse uterus by microarray analysis were localized by in situ hybridization. The MMP-2 mRNA was detected only in the uterine stroma, whereas the MMP-10 mRNA was present only in the uterine epithelium from Postnatal Day (PND) 3 to PND 9. All other MMPs (MMP-11, MMP-14, and MMP-23) as well as TIMP-1, TIMP-2, and TIMP-3 were detected in both epithelial and stromal cells of the endometrium, but not in the myometrium. Uterine extracts were then analyzed by gelatin and casein gel zymography to detect active gelatinases and stromelysins, respectively. Five major gelatinase bands of activity were detected and inhibited by the MMP inhibitors, EDTA or 1,10-phenanthroline, but not by PMSF, a serine protease inhibitor. Western blot analysis confirmed the presence of MMP-2 and MMP-9 proteins in the uterus. Immunoreactive MMP-9 protein was detected only in the endometrial stroma, whereas immunoreactive MMP-2 protein was detected in both the stroma and epithelium of the uterus. Casein zymography detected three major bands of activity ( approximately 54, 63, and 80 kDa) that were inhibited by the serine protease inhibitor, PMSF, but not by the MMP inhibitors, EDTA or 1,10-phenanthroline, suggesting that they were serine proteases. These results support the hypothesis that MMPs and TIMPs regulate postnatal development of the mouse uterus.\n","denotations":[{"id":"T1","span":{"begin":0,"end":94},"obj":"Background"},{"id":"T2","span":{"begin":95,"end":230},"obj":"Background"},{"id":"T3","span":{"begin":231,"end":401},"obj":"Method"},{"id":"T4","span":{"begin":402,"end":616},"obj":"Result"},{"id":"T5","span":{"begin":617,"end":776},"obj":"Result"},{"id":"T6","span":{"begin":777,"end":956},"obj":"Result"},{"id":"T7","span":{"begin":957,"end":1090},"obj":"Method"},{"id":"T8","span":{"begin":1091,"end":1256},"obj":"Result"},{"id":"T9","span":{"begin":1257,"end":1344},"obj":"Method"},{"id":"T10","span":{"begin":1345,"end":1517},"obj":"Result"},{"id":"T11","span":{"begin":1518,"end":1774},"obj":"Result"},{"id":"T12","span":{"begin":1775,"end":1883},"obj":"Conclusion"}],"relations":[]}