{"text":"Proteasome-mediated effects on amyloid precursor protein processing at the gamma-secretase site.\nAbeta (beta-amyloid) peptides are found aggregated in the cortical amyloid plaques associated with Alzheimer's disease neuropathology. Inhibition of the proteasome alters the amount of Abeta produced from APP (amyloid precursor protein) by various cell lines in vitro. Proteasome activity is altered during aging, a major risk factor for Alzheimer's disease. In the present study, a human neuroblastoma cell line expressing the C-terminal 100 residues of APP (SH-SY5Y-SPA4CT) was used to determine the effect of proteasome inhibition, by lactacystin and Bz-LLL-COCHO (benzoyl-Leu-Leu-Leu-glyoxal), on APP processing at the gamma-secretase site. Proteasome inhibition caused a significant increase in Abeta peptide levels in medium conditioned by SH-SY5Y-SPA4CT cells, and was also associated with increased cell death. APP is a substrate of the apoptosis-associated caspase 3 protease, and we therefore investigated whether the increased Abeta levels could reflect caspase activation. We report that caspase activation was not required for proteasome-inhibitor-mediated effects on APP (SPA4CT) processing. Cleavage of Ac-DEVD-AMC (N-acetyl-Asp-Glu-Val-Asp-7-amino-4-methylcoumarin), a caspase substrate, was reduced following exposure of SH-SY5Y-SPA4CT cells to lactacystin, and co-treatment of cells with lactacystin and a caspase inhibitor (Z-DEVD-FMK (benzyloxycarbonyl-Val-Ala-DL-Asp-fluoromethylketone)) resulted in higher Abeta levels in medium, augmenting those seen with lactacystin alone. This study indicated that proteasome inhibition could increase APP processing specifically at the gamma-secretase site, and increase release of Abeta, in the absence of caspase activation. This indicates that the decline in proteasome function associated with aging would contribute to increased Abeta levels.\n","denotations":[{"id":"T1","span":{"begin":0,"end":96},"obj":"Background"},{"id":"T2","span":{"begin":97,"end":231},"obj":"Result"},{"id":"T3","span":{"begin":232,"end":365},"obj":"Result"},{"id":"T4","span":{"begin":366,"end":455},"obj":"Result"},{"id":"T5","span":{"begin":456,"end":741},"obj":"Method"},{"id":"T6","span":{"begin":742,"end":915},"obj":"Result"},{"id":"T7","span":{"begin":916,"end":1081},"obj":"Method"},{"id":"T8","span":{"begin":1082,"end":1202},"obj":"Result"},{"id":"T9","span":{"begin":1203,"end":1594},"obj":"Method"},{"id":"T10","span":{"begin":1595,"end":1783},"obj":"Purpose"},{"id":"T11","span":{"begin":1784,"end":1904},"obj":"Result"}],"relations":[]}