{"text":"Reduced brain edema and matrix metalloproteinase (MMP) expression by pre-reperfusion infusion into ischemic territory in rat.\nThe aim in this study was to investigate whether our experimental model for stroke therapy, flushing the ischemic territory with saline prior to reperfusion, could ameliorate disruption of microvascular integrity by reducing matrix metalloproteinase (MMP) expression during reperfusion. Stroke in Sprague Dawley rats (n = 42) was induced by a 2-h right middle cerebral artery (MCA) occlusion using a novel intraluminal hollow filament. Prior to reperfusion, 24 of the ischemic rats received 6ml isotonic saline at 37 degrees C infused into the ischemic area through the filament. Brain edema was determined by comparing the percentage difference in brain volume between the right and left (contralateral to stroke site) hemispheres, while the expressions of MMP-2 and -9 mRNA were analyzed by real-time reverse transcriptase-polymerase chain reaction (real-time RT-PCR). A significant (p  less than  0.01) brain edema, determined by an increased brain volume of 19 +/- 4%, and overexpression of the mRNA encoding MMPs, determined by increased relative mRNA level ratio, were found in ischemic rats. The brain damage, in terms of brain edema (4 +/- 1%) and overexpression of MMPs, was significantly (p  less than  0.05) ameliorated as a result of saline flushing into the ischemic territory prior to reperfusion. This study has enhanced our understanding of the causal mechanisms by which the neuroprotective effect of ischemic area 'flushing' can be achieved.\n","denotations":[{"id":"T1","span":{"begin":0,"end":125},"obj":"Background"},{"id":"T2","span":{"begin":126,"end":412},"obj":"Purpose"},{"id":"T3","span":{"begin":413,"end":561},"obj":"Method"},{"id":"T4","span":{"begin":562,"end":705},"obj":"Method"},{"id":"T5","span":{"begin":706,"end":996},"obj":"Method"},{"id":"T6","span":{"begin":997,"end":1224},"obj":"Result"},{"id":"T7","span":{"begin":1225,"end":1437},"obj":"Result"},{"id":"T8","span":{"begin":1438,"end":1585},"obj":"Purpose"}],"relations":[]}