{"text":"Synaptic targeting by Alzheimer's-related amyloid beta oligomers.\nThe cognitive hallmark of early Alzheimer's disease (AD) is an extraordinary inability to form new memories. For many years, this dementia was attributed to nerve-cell death induced by deposits of fibrillar amyloid beta (Abeta). A newer hypothesis has emerged, however, in which early memory loss is considered a synapse failure caused by soluble Abeta oligomers. Such oligomers rapidly block long-term potentiation, a classic experimental paradigm for synaptic plasticity, and they are strikingly elevated in AD brain tissue and transgenic-mouse AD models. The current work characterizes the manner in which Abeta oligomers attack neurons. Antibodies raised against synthetic oligomers applied to AD brain sections were found to give diffuse stain around neuronal cell bodies, suggestive of a dendritic pattern, whereas soluble brain extracts showed robust AD-dependent reactivity in dot immunoblots. Antigens in unfractionated AD extracts attached with specificity to cultured rat hippocampal neurons, binding within dendritic arbors at discrete puncta. Crude fractionation showed ligand size to be between 10 and 100 kDa. Synthetic Abeta oligomers of the same size gave identical punctate binding, which was highly selective for particular neurons. Image analysis by confocal double-label immunofluorescence established that  greater than 90% of the punctate oligomer binding sites colocalized with the synaptic marker PSD-95 (postsynaptic density protein 95). Synaptic binding was accompanied by ectopic induction of Arc, a synaptic immediate-early gene, the overexpression of which has been linked to dysfunctional learning. Results suggest the hypothesis that targeting and functional disruption of particular synapses by Abeta oligomers may provide a molecular basis for the specific loss of memory function in early AD.\n","denotations":[{"id":"T1","span":{"begin":0,"end":65},"obj":"Background"},{"id":"T2","span":{"begin":66,"end":174},"obj":"Background"},{"id":"T3","span":{"begin":175,"end":294},"obj":"Method"},{"id":"T4","span":{"begin":295,"end":429},"obj":"Method"},{"id":"T5","span":{"begin":430,"end":623},"obj":"Result"},{"id":"T6","span":{"begin":624,"end":706},"obj":"Result"},{"id":"T7","span":{"begin":707,"end":967},"obj":"Result"},{"id":"T8","span":{"begin":968,"end":1121},"obj":"Method"},{"id":"T9","span":{"begin":1122,"end":1190},"obj":"Result"},{"id":"T10","span":{"begin":1191,"end":1317},"obj":"Result"},{"id":"T11","span":{"begin":1318,"end":1529},"obj":"Result"},{"id":"T12","span":{"begin":1530,"end":1695},"obj":"Result"},{"id":"T13","span":{"begin":1696,"end":1893},"obj":"Result"}],"relations":[]}