{"text":"Local field potential oscillations in primate cerebellar cortex: synchronization with cerebral cortex during active and passive expectancy.\nMany brain regions, such as the cerebellum, primary somatosensory cortex (SI), and primary motor cortex (MI), interact to produce coordinated actions. Synchronization of local field potentials (LFPs) in sensorimotor cerebral areas has been related to motor performance, often through 10- to 25-Hz oscillatory LFPs. The macaque cerebellar paramedian lobule (PM) also shows 10- to 25-Hz LFP oscillations, which are modulated in a stimulus-response lever press task to get reward (active condition), but also, albeit differently, in a similarly timed stimulus-reward relation (passive condition). This study focuses on simultaneous LFP activity in primate SI or MI and the PM cerebellum during the active (left- or right-hand lever presses) and passive conditions. Results show a similar modulation pattern of 10- to 25-Hz oscillations in the cerebellum, MI, and SI during the active condition (left or right hand), decreasing after stimulus onset, returning, and again decreasing after movement onset. In the passive condition, when the monkey did not move but got reward, all 3 areas show an oscillatory profile where oscillations increase after stimulus onset and last until reward, denoting a role for these oscillations in passive expectancy. However, synchronization between cerebellar LFPs and SI LFPs is higher during the active condition than during the passive condition, and highest for the interested hand. This greater PM-SI synchronization, when the monkey had to press the lever, could represent a form of cerebro-cerebellar communication, perhaps to serve somatosensory processing to accomplish the task; PM-MI synchronization was less selective for the hand used and might carry a more general type of information.\n","denotations":[{"id":"T1","span":{"begin":0,"end":139},"obj":"Background"},{"id":"T2","span":{"begin":140,"end":290},"obj":"Background"},{"id":"T3","span":{"begin":291,"end":454},"obj":"Result"},{"id":"T4","span":{"begin":455,"end":733},"obj":"Result"},{"id":"T5","span":{"begin":734,"end":901},"obj":"Purpose"},{"id":"T6","span":{"begin":902,"end":1139},"obj":"Result"},{"id":"T7","span":{"begin":1140,"end":1384},"obj":"Result"},{"id":"T8","span":{"begin":1385,"end":1555},"obj":"Result"},{"id":"T9","span":{"begin":1556,"end":1868},"obj":"Method"}],"relations":[]}