{"text":"Paradigm shift in NMDA receptor antagonist drug development: molecular mechanism of uncompetitive inhibition by memantine in the treatment of Alzheimer's disease and other neurologic disorders.\nAlzheimer's disease (AD) is the most common form of dementia, as least in western countries. It has been estimated that the cost to society for caring for AD patients will consume the entire gross national product of the U.S.A. by the middle of this century if left unabated. Until recently, the only available drugs for this condition were cholinergic treatments, which symptomatically enhance cognitive state to some degree, but they were not neuroprotective. In fact, many potential neuroprotective drugs tested in clinical trials failed because they were poorly tolerated. However, after our discovery of its clinically-tolerated mechanism of action, one neuroprotective drug, memantine, was recently approved by the European Union and the U.S. Food and Drug Administration (FDA) for the treatment of Alzheimer's disease. Recent phase 3 clinical trials have shown that memantine is effective in the treatment of moderate-to-severe Alzheimer's disease and possibly vascular dementia (multi-infarct dementia). Here we review the molecular mechanism of memantine's action and also the basis for the drug's use in these neurological diseases, which are mediated at least in part by excitotoxicity. Excitotoxicity is defined as excessive exposure to the neurotransmitter glutamate or overstimulation of its membrane receptors, leading to neuronal injury or death. Excitotoxic neuronal cell death is mediated in part by overactivation of N-methyl-d-aspartate (NMDA)-type glutamate receptors, which results in excessive Ca(2+) influx through the receptor's associated ion channel. Physiological NMDA receptor activity, however, is also essential for normal neuronal function. This means that potential neuroprotective agents that block virtually all NMDA receptor activity will very likely have unacceptable clinical side effects. For this reason many previous NMDA receptor antagonists have disappointingly failed advanced clinical trials for a number of neurodegenerative disorders. In contrast, studies in our laboratory have shown that the adamantane derivative, memantine, preferentially blocks excessive NMDA receptor activity without disrupting normal activity. Memantine does this through its action as an uncompetitive, low-affinity, open-channel blocker; it enters the receptor-associated ion channel preferentially when it is excessively open, and, most importantly, its off-rate is relatively fast so that it does not substantially accumulate in the channel to interfere with normal synaptic transmission. Clinical use has corroborated the prediction that memantine is thus well tolerated. Besides Alzheimer's disease, memantine is currently in trials for additional neurological disorders, including other forms of dementia, depression, glaucoma, and severe neuropathic pain. A series of second-generation memantine derivatives are currently in development and may prove to have even greater neuroprotective properties than memantine. These second-generation drugs take advantage of the fact that the NMDA receptor has other modulatory sites in addition to its ion channel that potentially could also be used for safe but effective clinical intervention.\n","denotations":[{"id":"T1","span":{"begin":0,"end":193},"obj":"Background"},{"id":"T2","span":{"begin":194,"end":286},"obj":"Background"},{"id":"T3","span":{"begin":287,"end":469},"obj":"Background"},{"id":"T4","span":{"begin":470,"end":655},"obj":"Result"},{"id":"T5","span":{"begin":656,"end":770},"obj":"Result"},{"id":"T6","span":{"begin":771,"end":1019},"obj":"Method"},{"id":"T7","span":{"begin":1020,"end":1205},"obj":"Result"},{"id":"T8","span":{"begin":1206,"end":1391},"obj":"Method"},{"id":"T9","span":{"begin":1392,"end":1556},"obj":"Method"},{"id":"T10","span":{"begin":1557,"end":1771},"obj":"Method"},{"id":"T11","span":{"begin":1772,"end":1866},"obj":"Result"},{"id":"T12","span":{"begin":1867,"end":2021},"obj":"Result"},{"id":"T13","span":{"begin":2022,"end":2175},"obj":"Background"},{"id":"T14","span":{"begin":2176,"end":2359},"obj":"Result"},{"id":"T15","span":{"begin":2360,"end":2708},"obj":"Result"},{"id":"T16","span":{"begin":2709,"end":2792},"obj":"Method"},{"id":"T17","span":{"begin":2793,"end":2979},"obj":"Result"},{"id":"T18","span":{"begin":2980,"end":3138},"obj":"Result"},{"id":"T19","span":{"begin":3139,"end":3358},"obj":"Conclusion"}],"relations":[]}