{"text":"Widespread gamma-secretase activity in the cell, but do we need it at the mitochondria?\ngamma-Secretase cleavage of the amyloid precursor protein already subjected to a prior beta-secretase cleavage generates beta-amyloid (Abeta) peptide fragments, which are major constituents of the amyloid plagues found in Alzheimer's disease brain tissues. gamma-Secretase activity and components of the gamma-secretase complex are found in the endoplasmic reticulum-Golgi intermediate compartment, the Golgi, the trans-Golgi network, the plasma membrane, the endosomal-lysosomal system and recently, the mitochondria. Abeta fragments have been shown to be neurotoxic, leading to mitochondrial dysfunction and enhanced apoptotic cell death. However, if Abeta fragments are indeed detrimental to neurons, the widespread presence of enzymatic activity that would result in their generation in the cell appears to make little sense. The presence of a gamma-secretase complex in the mitochondrion, an organelle that is particularly susceptible to Abeta toxicity, is even more puzzling. Emerging evidence suggests that both secreted and intracellular Abeta fragments have endogenous functions. Also, while the fibrillogenic Abeta1-42 is clearly neurotoxic, the more abundant and soluble Abeta1-40 is an antioxidant and could potentially be neuroprotective in several ways. A 'physiological' amount of Abeta1-40 production by cellular gamma-secretase activity may be part of the neuron's natural counter against oxidative damage, in addition to endogenous roles in neuronal survival and modulation of synaptic transmission. In any case, whether Abeta is produced locally in the mitochondria and the function for mitochondrial Abeta, if produced, is yet unclear.\n","denotations":[{"id":"T1","span":{"begin":0,"end":87},"obj":"Purpose"},{"id":"T2","span":{"begin":88,"end":344},"obj":"Background"},{"id":"T3","span":{"begin":345,"end":606},"obj":"Result"},{"id":"T4","span":{"begin":607,"end":728},"obj":"Result"},{"id":"T5","span":{"begin":729,"end":917},"obj":"Result"},{"id":"T6","span":{"begin":918,"end":1069},"obj":"Result"},{"id":"T7","span":{"begin":1070,"end":1176},"obj":"Result"},{"id":"T8","span":{"begin":1177,"end":1355},"obj":"Result"},{"id":"T9","span":{"begin":1356,"end":1605},"obj":"Conclusion"},{"id":"T10","span":{"begin":1606,"end":1743},"obj":"Result"}],"relations":[]}