{"text":"Basal ganglia local field potential activity: character and functional significance in the human.\nFunctional neurosurgery in patients with movement disorders has provided a unique opportunity to record directly form the human basal ganglia (BG) and to thereby further our understanding of these 'dark basements of the mind.' Two possibilities exist: either single unit and local field potential (LFP) recordings can be made intra-operatively through microelectrodes, or LFPs may be recorded directly from the deep brain stimulation electrode in the peri-operative period. The LFPs so recorded in the BG of patients are pleomorphic, oscillatory, focal and the product of synchronised current changes in local neuronal elements. They are presently most simply classified by frequency into activities at  less than 8, 8-30 and  greater than 60 Hz, although such a schema is unlikely to capture the full complexity of rhythmic synchronisation with respect to behavioural and disease dependency. The best characterised group of LFP oscillations is that at 8-30 Hz. This activity is prominent in the subthalamic nucleus and globus pallidus of Parkinsonian patients withdrawn from their dopaminergic medication. Dopaminergic treatments, behaviourally relevant stimuli and voluntary movement suppress it. The available evidence points to the 8-30 Hz activity being essentially antikinetic in character and inversely related to motor processing. Its exaggeration may therefore contribute to the bradykinesia of Parkinson's disease.\n","denotations":[{"id":"T1","span":{"begin":0,"end":97},"obj":"Background"},{"id":"T2","span":{"begin":98,"end":324},"obj":"Background"},{"id":"T3","span":{"begin":325,"end":571},"obj":"Method"},{"id":"T4","span":{"begin":572,"end":726},"obj":"Result"},{"id":"T5","span":{"begin":727,"end":990},"obj":"Result"},{"id":"T6","span":{"begin":991,"end":1059},"obj":"Result"},{"id":"T7","span":{"begin":1060,"end":1204},"obj":"Result"},{"id":"T8","span":{"begin":1205,"end":1296},"obj":"Result"},{"id":"T9","span":{"begin":1297,"end":1436},"obj":"Result"},{"id":"T10","span":{"begin":1437,"end":1522},"obj":"Conclusion"}],"relations":[]}