{"text":"Expression of Her2/neu, steroid receptors (ER and PR), Ki67 and p53 in invasive mammary ductal carcinoma associated with ductal carcinoma In Situ (DCIS) Versus invasive breast cancer alone.\n(a) To assess the expression patterns of HER2/neu, steroid receptors (ER and PR), Ki67 and p53 in invasive ductal cancer (IDC) and IDC associated with carcinoma in situ (IDC/DCIS) and (b) to determine if there is a differential expression of these molecular markers between IDC and IDC/DCIS. Paraffin-fixed breast cancer samples, diagnosed with only one histological invasive tumor (IDC (n=130), and IDC/DCIS (n=36) were analyzed by immunohistochemical means. The non-parametric Mann-Whitney and chi2 tests were used to evaluate any statistical differences between different groups. Significance was assumed at p less than 0.05. A significant increase of the tumor grading was observed between IDC and IDC/DCIS (p less than 0.05). Her2/neu amplification was demonstrated in 49.6% of IDC compared to 31% of IDC/DCIS (p less than 0.05). ER expression showed no statistical differences between IDC and IDC/DCIS. The PR expression was demonstrated in 71% of IDC with significantly lower intensity than IDC/DCIS (p less than 0.05). The Ki67 expression was significantly higher (p less than 0.05) in IDC cases (64%) versus IDC/DCIS (49.7%). No differences were observed between IDC and IDC/DCIS for p53 expression. We demonstrated significantly different expression patterns of Her2/neu, PR and Ki67 in IDC versus IDC/DCIS. Since these molecular markers play important roles in carcinogenesis and tumor progression, IDC/DCIS could be an important subtype of mammary invasive ductal cancer. Differences in expression of the evaluated markers might suggest a higher malignant potential of invasive carcinomas alone. The lower expression of Her2/neu and Ki67 in IDC/DCIS could implicate a less malignant behavior compared to a differentiated IDC. Additionally, these results might suggest that DCIS might be a malignant preform and the interaction with neoplastic tissue could result in an aggressive type of invasive tumor.\n","denotations":[{"id":"T1","span":{"begin":0,"end":189},"obj":"Background"},{"id":"T2","span":{"begin":190,"end":481},"obj":"Background"},{"id":"T3","span":{"begin":482,"end":649},"obj":"Method"},{"id":"T4","span":{"begin":650,"end":772},"obj":"Method"},{"id":"T5","span":{"begin":773,"end":818},"obj":"Result"},{"id":"T6","span":{"begin":819,"end":920},"obj":"Result"},{"id":"T7","span":{"begin":921,"end":1024},"obj":"Result"},{"id":"T8","span":{"begin":1025,"end":1098},"obj":"Result"},{"id":"T9","span":{"begin":1099,"end":1216},"obj":"Result"},{"id":"T10","span":{"begin":1217,"end":1324},"obj":"Result"},{"id":"T11","span":{"begin":1325,"end":1398},"obj":"Result"},{"id":"T12","span":{"begin":1399,"end":1507},"obj":"Result"},{"id":"T13","span":{"begin":1508,"end":1673},"obj":"Conclusion"},{"id":"T14","span":{"begin":1674,"end":1797},"obj":"Result"},{"id":"T15","span":{"begin":1798,"end":1927},"obj":"Conclusion"},{"id":"T16","span":{"begin":1928,"end":2105},"obj":"Conclusion"}],"relations":[]}