{"text":"Globular amyloid beta-peptide oligomer - a homogenous and stable neuropathological protein in Alzheimer's disease.\nAmyloid beta-peptide (Abeta)(1-42) oligomers have recently been discussed as intermediate toxic species in Alzheimer's disease (AD) pathology. Here we describe a new and highly stable Abeta(1-42) oligomer species which can easily be prepared in vitro and is present in the brains of patients with AD and Abeta(1-42)-overproducing transgenic mice. Physicochemical characterization reveals a pure, highly water-soluble globular 60-kDa oligomer which we named 'Abeta(1-42) globulomer'. Our data indicate that Abeta(1-42) globulomer is a persistent structural entity formed independently of the fibrillar aggregation pathway. It is a potent antigen in mice and rabbits eliciting generation of Abeta(1-42) globulomer-specific antibodies that do not cross-react with amyloid precursor protein, Abeta(1-40) and Abeta(1-42) monomers and Abeta fibrils. Abeta(1-42) globulomer binds specifically to dendritic processes of neurons but not glia in hippocampal cell cultures and completely blocks long-term potentiation in rat hippocampal slices. Our data suggest that Abeta(1-42) globulomer represents a basic pathogenic structural principle also present to a minor extent in previously described oligomer preparations and that its formation is an early pathological event in AD. Selective neutralization of the Abeta globulomer structure epitope is expected to have a high potential for treatment of AD.\n","denotations":[{"id":"T1","span":{"begin":0,"end":114},"obj":"Background"},{"id":"T2","span":{"begin":115,"end":257},"obj":"Background"},{"id":"T3","span":{"begin":258,"end":461},"obj":"Method"},{"id":"T4","span":{"begin":462,"end":597},"obj":"Result"},{"id":"T5","span":{"begin":598,"end":736},"obj":"Result"},{"id":"T6","span":{"begin":737,"end":958},"obj":"Result"},{"id":"T7","span":{"begin":959,"end":1148},"obj":"Result"},{"id":"T8","span":{"begin":1149,"end":1382},"obj":"Conclusion"},{"id":"T9","span":{"begin":1383,"end":1507},"obj":"Conclusion"}],"relations":[]}