{"text":"Atorvastatin downregulates tissue plasminogen activator-aggravated genes mediating coagulation and vascular permeability in single cerebral endothelial cells captured by laser microdissection.\nThe effects of statins on gene expression of cerebral endothelial cells (ECs) in vivo have not been investigated after stroke. We developed a rapid double immunofluorescent staining protocol with antibodies against von Willebrand factor (a marker for endothelium) and glial fibrillary acidic protein (a marker for astrocytes) for laser capture microdissection to isolate single ECs in brain tissue of the rat. Using this protocol in combination with real-time PCR, we found that stroke significantly increased mRNA levels of protease-activated receptor 1 (PAR-1) and tissue factor (TF) in ECs isolated from ischemic cerebral microvessels compared with nonischemic vessels. Treatment of embolic stroke with recombinant human tissue plasminogen activator (rht-PA) 4 h after stroke further elevated PAR-1 mRNA levels nearly 1000-fold in the core and 500-fold in the boundary above the nonstroke group 30 h after stroke, while TF mRNA levels were elevated approximately 10 fold above the nonstroke group. Furthermore, stroke significantly increased matrix metalloproteinase (MMP) 2 and 9 mRNA levels in the ischemic core and boundary regions 6 and 30 h after stroke. Treatment with rht-PA-upregulated MMP2 expression in the ischemic boundary and core. Atorvastatin completely blocked rht-PA upregulation of the above genes, when atorvastatin in combination with rht-PA was administered 4 h after stroke. Monotherapy of atorvastatin 4 h after stroke did not significantly reduce expression of genes examined in the present study. These data provide evidence that atorvastatin reduces exogenous tPA-aggravated cerebral endothelial genes that mediate thrombosis and blood-brain barrier permeability, which could contribute to the beneficial effects of statins on thrombolytic treatment of acute stroke.\n","denotations":[{"id":"T1","span":{"begin":0,"end":192},"obj":"Background"},{"id":"T2","span":{"begin":193,"end":319},"obj":"Background"},{"id":"T3","span":{"begin":320,"end":602},"obj":"Method"},{"id":"T4","span":{"begin":603,"end":865},"obj":"Method"},{"id":"T5","span":{"begin":866,"end":1193},"obj":"Result"},{"id":"T6","span":{"begin":1194,"end":1355},"obj":"Result"},{"id":"T7","span":{"begin":1356,"end":1440},"obj":"Result"},{"id":"T8","span":{"begin":1441,"end":1592},"obj":"Result"},{"id":"T9","span":{"begin":1593,"end":1717},"obj":"Result"},{"id":"T10","span":{"begin":1718,"end":1988},"obj":"Result"}],"relations":[]}