{"text":"Cortico-cerebellar coherence during a precision grip task in the monkey.\nWe studied the synchronization of single units in macaque deep cerebellar nuclei (DCN) with local field potentials (LFPs) in primary motor cortex (M1) bilaterally during performance of a precision grip task. Analysis was restricted to periods of steady holding, during which M1 oscillations are known to be strongest. Significant coherence between DCN units and M1 LFP oscillations bilaterally was seen at approximately 10-40 Hz (contralateral M1: 25/87 units; ipsilateral: 9/87 units). Averaged coherence between DCN units and contralateral M1 LFP showed a prominent approximately 17-Hz coherence peak and an average phase of approximately -pi/2 radians, implying that the DCN units fired around the time of maximal depolarization of M1 cells. The lack of a time delay between DCN and M1 activity suggests that the cerebellum and cortex may form a pair of phase coupled oscillators. Although coherence values were low (mean peak coherence, 0.018), we used a computational model to show that this probably resulted from the nonlinearity of spike generating mechanisms within the DCN. DCN unit discharge and DCN LFPs also showed significant coherence at approximately 10-40 Hz, with similarly low magnitude (mean peak coherence, 0.012). The average coherence phase was -2.5 radians for the 6- to 14-Hz range and -1.1 radians for the 17- to 41-Hz range, suggesting different frequency-specific underlying mechanisms. Finally, 4/40 pairs of simultaneously recorded DCN units showed a significant cross-correlation peak, and 16/40 pairs showed significant unit-unit coherence. The extensive oscillatory synchronization observed between cerebellum and motor cortex may have functional importance in sensorimotor processing.\n","denotations":[{"id":"T1","span":{"begin":0,"end":72},"obj":"Background"},{"id":"T2","span":{"begin":73,"end":280},"obj":"Method"},{"id":"T3","span":{"begin":281,"end":390},"obj":"Method"},{"id":"T4","span":{"begin":391,"end":559},"obj":"Result"},{"id":"T5","span":{"begin":560,"end":817},"obj":"Result"},{"id":"T6","span":{"begin":818,"end":956},"obj":"Result"},{"id":"T7","span":{"begin":957,"end":1156},"obj":"Method"},{"id":"T8","span":{"begin":1157,"end":1308},"obj":"Result"},{"id":"T9","span":{"begin":1309,"end":1487},"obj":"Result"},{"id":"T10","span":{"begin":1488,"end":1645},"obj":"Result"},{"id":"T11","span":{"begin":1646,"end":1791},"obj":"Result"}],"relations":[]}