{"text":"Reliability of signals from a chronically implanted, silicon-based electrode array in non-human primate primary motor cortex.\nMultiple-electrode arrays are valuable both as a research tool and as a sensor for neuromotor prosthetic devices, which could potentially restore voluntary motion and functional independence to paralyzed humans. Long-term array reliability is an important requirement for these applications. Here, we demonstrate the reliability of a regular array of 100 microelectrodes to obtain neural recordings from primary motor cortex (MI) of monkeys for at least three months and up to 1.5 years. We implanted Bionic (Cyberkinetics, Inc., Foxboro, MA) silicon probe arrays in MI of three Macaque monkeys. Neural signals were recorded during performance of an eight-direction, push-button task. Recording reliability was evaluated for 18, 35, or 51 sessions distributed over 83, 179, and 569 days after implantation, respectively, using qualitative and quantitative measures. A four-point signal quality scale was defined based on the waveform amplitude relative to noise. A single observer applied this scale to score signal quality for each electrode. A mean of 120 (+/- 17.6 SD), 146 (+/- 7.3), and 119 (+/- 16.9) neural-like waveforms were observed from 65-85 electrodes across subjects for all recording sessions of which over 80% were of high quality. Quantitative measures demonstrated that waveforms had signal-to-noise ratio (SNR) up to 20 with maximum peak-to-peak amplitude of over 1200 microv with a mean SNR of 4.8 for signals ranked as high quality. Mean signal quality did not change over the duration of the evaluation period (slope 0.001, 0.0068 and 0.03; NS). By contrast, neural waveform shape varied between, but not within days in all animals, suggesting a shifting population of recorded neurons over time. Arm-movement related modulation was common and 66% of all recorded neurons were tuned to reach direction. The ability for the array to record neural signals from parietal cortex was also established. These results demonstrate that neural recordings that can provide movement related signals for neural prostheses, as well as for fundamental research applications, can be reliably obtained for long time periods using a monolithic microelectrode array in primate MI and potentially from other cortical areas as well.\n","denotations":[{"id":"T1","span":{"begin":0,"end":125},"obj":"Background"},{"id":"T2","span":{"begin":126,"end":337},"obj":"Background"},{"id":"T3","span":{"begin":338,"end":417},"obj":"Background"},{"id":"T4","span":{"begin":418,"end":613},"obj":"Method"},{"id":"T5","span":{"begin":614,"end":721},"obj":"Method"},{"id":"T6","span":{"begin":722,"end":810},"obj":"Method"},{"id":"T7","span":{"begin":811,"end":991},"obj":"Method"},{"id":"T8","span":{"begin":992,"end":1088},"obj":"Method"},{"id":"T9","span":{"begin":1089,"end":1169},"obj":"Method"},{"id":"T10","span":{"begin":1170,"end":1373},"obj":"Result"},{"id":"T11","span":{"begin":1374,"end":1579},"obj":"Method"},{"id":"T12","span":{"begin":1580,"end":1693},"obj":"Result"},{"id":"T13","span":{"begin":1694,"end":1844},"obj":"Result"},{"id":"T14","span":{"begin":1845,"end":1950},"obj":"Result"},{"id":"T15","span":{"begin":1951,"end":2044},"obj":"Method"},{"id":"T16","span":{"begin":2045,"end":2360},"obj":"Conclusion"}],"relations":[]}