{"text":"In vivo characterization of Abeta(40) changes in brain and cerebrospinal fluid using the novel gamma-secretase inhibitor N-(cis-4-((4-chlorophenyl)sulfonyl)-4-(2,5-difluorophenyl)cyclohexyl)-1,1,1-trifluoromethanesulfonamide (MRK-560) in the rat.\nPlaques in the parenchyma of the brain containing Abeta peptides are one of the hallmarks of Alzheimer's disease. These Abeta peptides are produced by the final proteolytic cleavage of the amyloid precursor protein by the intramembraneous aspartyl protease gamma-secretase. Thus, one approach to lowering levels of Abeta has been via the inhibition of the gamma-secretase enzyme. Here, we report a novel, bioavailable gamma-secretase inhibitor, N-(cis-4-((4-chlorophenyl)sulfonyl)-4-(2,5-difluorophenyl)cyclohexyl)-1,1,1-trifluoromethanesulfonamide (MRK-560) that displayed oral pharmacokinetics suitable for once-a-day dosing. It was able to markedly reduce Abeta in the brain and cerebrospinal fluid (CSF) in the rat, with ED(50) values of 6 and 10 mg/kg, respectively. Time-course experiments using MRK-560 demonstrated these reductions in Abeta could be maintained for 24 h, and comparable temporal reductions in rat brain and CSF Abeta(40) further suggested that these two pools of Abeta are related. This relationship between the brain and CSF Abeta was maintained when MRK-560 was dosed once a day for 2 weeks, and accordingly, when all the data for the dose-response curve and time courses were correlated, a strong association was observed between the brain and CSF Abeta levels. These results demonstrate that MRK-560 is an orally bioavailable gamma-secretase inhibitor with the ability to markedly reduce Abeta peptide in the brain and CSF of the rat and confirm the utility of the rat for assessing the effects of gamma-secretase inhibitors on central nervous system Abeta(40) levels in vivo.\n","denotations":[{"id":"T1","span":{"begin":0,"end":246},"obj":"Background"},{"id":"T2","span":{"begin":247,"end":360},"obj":"Background"},{"id":"T3","span":{"begin":361,"end":520},"obj":"Method"},{"id":"T4","span":{"begin":521,"end":626},"obj":"Background"},{"id":"T5","span":{"begin":627,"end":874},"obj":"Method"},{"id":"T6","span":{"begin":875,"end":1018},"obj":"Result"},{"id":"T7","span":{"begin":1019,"end":1252},"obj":"Method"},{"id":"T8","span":{"begin":1253,"end":1535},"obj":"Result"},{"id":"T9","span":{"begin":1536,"end":1851},"obj":"Conclusion"}],"relations":[]}