{"text":"Effects of secreted oligomers of amyloid beta-protein on hippocampal synaptic plasticity: a potent role for trimers.\nThe accumulation of amyloid beta-protein (Abeta) in brain regions serving memory and cognition is a central pathogenic feature of Alzheimer's disease (AD). We have shown that small soluble oligomers of human Abeta that are naturally secreted by cultured cells inhibit hippocampal long-term potentiation (LTP) in vitro and in vivo and transiently impair the recall of a complex learned behaviour in rats. These results support the hypothesis that diffusible oligomers of Abeta initiate a synaptic dysfunction that may be an early event in AD. We now report detailed electrophysiological analyses that define conditions under which acute application of soluble Abeta inhibits hippocampal synaptic plasticity in wild-type mice. To ascertain which Abeta assemblies contribute to the impairment of LTP, we fractionated oligomers by size-exclusion chromatography and found that Abeta trimers fully inhibit LTP, whereas dimers and tetramers have an intermediate potency. Natural Abeta oligomers are sensitive to heat denaturation, primarily inhibit the induction phase of LTP, and cause a sustained impairment of LTP even after extensive washout. We observed no effects of Abeta oligomers on presynaptic vesicle release. LTP in juvenile mice is resistant to the effects of Abeta oligomers, as is brain-derived-neurotrophic-factor-induced LTP in adult hippocampus. We conclude that specific assemblies, particularly timers, of naturally secreted Abeta oligomers are potent and selective inhibitors of certain forms of hippocampal LTP.\n","denotations":[{"id":"T1","span":{"begin":0,"end":116},"obj":"Background"},{"id":"T2","span":{"begin":117,"end":272},"obj":"Background"},{"id":"T3","span":{"begin":273,"end":520},"obj":"Result"},{"id":"T4","span":{"begin":521,"end":658},"obj":"Method"},{"id":"T5","span":{"begin":659,"end":841},"obj":"Method"},{"id":"T6","span":{"begin":842,"end":1080},"obj":"Result"},{"id":"T7","span":{"begin":1081,"end":1256},"obj":"Result"},{"id":"T8","span":{"begin":1257,"end":1330},"obj":"Result"},{"id":"T9","span":{"begin":1331,"end":1473},"obj":"Result"},{"id":"T10","span":{"begin":1474,"end":1643},"obj":"Conclusion"}],"relations":[]}