{"text":"Intracerebral ERD/ERS in voluntary movement and in cognitive visuomotor task.\nIn order to study cerebral activity related to preparation and execution of movement, evoked and induced brain electrical activities were compared to each other and to fMRI results in voluntary self-paced movements. Also, the event-related desynchronization and synchronization (ERD/ERS) were studied in complex movements with various degrees of cognitive load. The Bereitschaftspotential (BP) and alpha (8-12 Hz) and beta (16-24 Hz) ERD/ERS rhythms in self-paced simple movements were analyzed in 14 epilepsy surgery candidates. In previous studies, the cortical sources of BP were consistently displayed contralateral to the movement in the primary motor cortex and somatosensory cortex, and bilateral in the supplementary motor area (SMA) and in the cingulate cortex. There were also small and inconstant BP generators in the ipsilateral sensorimotor, premotor, and dorsolateral prefrontal cortex. Alpha and beta ERD/ERS were also observed in these cortical regions. The distribution of contacts showing ERD or ERS was larger than of those showing BP. In contrast to BP, ERD, and ERS frequently occurred in the orbitofrontal, lateral and mesial temporal cortices, and inferior parietal lobule. The spatial location of brain activation for self-paced repetitive movements, i.e., writing simple dots, was studied using event-related functional MRI (fMRI) in 10 healthy right-handed subjects. We observed significant activation in regions known to participate in motor control: contralateral to the movement in the primary sensorimotor and supramarginal cortices, the SMA and the underlying cingulate, and, to a lesser extent, the ipsilateral sensorimotor region. When the fMRI was compared with the map of the brain areas electrically active with self-paced movements (intracerebral recordings; Rektor et al., 1994, 1998, 2001b, c; Rektor, 2003), there was an evident overlap of most results. Nevertheless, the electrophysiological studies were more sensitive in uncovering small active areas, i.e., in the premotor and prefrontal cortices. The BP and the event-related hemodynamic changes were displayed in regions known to participate in motor control. The cortical occurrence of oscillatory activities in the alpha-beta range was clearly more widespread. Four epilepsy surgery candidates with implanted depth brain electrodes performed two visuomotor-cognitive tasks with cued complex movements: a simple task--copying randomly presented letters from the monitor; and a more complex task--writing a letter other than that which appears on the monitor. The second task demanded an increased cognitive load, i.e., of executive functions. Alpha and beta ERD/ERS rhythms were evaluated. Similar results for both tasks were found in the majority of the frontal contacts, i.e., in the SMA, anterior cingulate, premotor, and dorsolateral prefrontal cortices. The most frequent observed activity was ERD in the beta rhythm; alpha ERS and ERD were also present. Significant differences between the two tasks appeared in several frontal areas--in the dorsolateral and ventrolateral prefrontal and orbitofrontal cortices (BA 9, 45, 11), and in the temporal neocortex (BA 21). In several contacts localized in these areas, namely in the lateral temporal cortex, there were significant changes only with the complex task--mostly beta ERD. Although the fMRI results fit well with the map of the evoked activity (BP), several discrepant localizations were displayed when the BP was compared with the distribution of the oscillatory activity (ERD-ERS). The BP and hemodynamic changes are closely related to the motor control areas; ERD/ERS represent the broader physiological aspects of motor execution and control. The BP probably reflects regional activation, while the more widespread ERD/ERS may reflect the spread of task-relevant information across relevant areas. In the writing tasks, the spatial distribution of the alpha-beta ERD/ERS in the frontal and lateral temporal cortices was partially task dependent. The ERD/ERS occurred there predominantly in the more complex of the writing tasks. Some sites were only active in the task with the increased demand on executive functions. In the temporal neocortex only, the oscillatory, but not the evoked, activity was recorded in the self-paced movement. The temporal appearance of changes of oscillatory activities in the self-paced movement task as well as in the cued movement task with an increased load of executive functions raises the interesting question of the role of this region in cognitive-movement information processing.\n","denotations":[{"id":"T1","span":{"begin":0,"end":77},"obj":"Background"},{"id":"T2","span":{"begin":78,"end":293},"obj":"Background"},{"id":"T3","span":{"begin":294,"end":439},"obj":"Method"},{"id":"T4","span":{"begin":440,"end":607},"obj":"Method"},{"id":"T5","span":{"begin":608,"end":848},"obj":"Result"},{"id":"T6","span":{"begin":849,"end":978},"obj":"Method"},{"id":"T7","span":{"begin":979,"end":1047},"obj":"Result"},{"id":"T8","span":{"begin":1048,"end":1132},"obj":"Result"},{"id":"T9","span":{"begin":1133,"end":1274},"obj":"Result"},{"id":"T10","span":{"begin":1275,"end":1470},"obj":"Method"},{"id":"T11","span":{"begin":1471,"end":1741},"obj":"Result"},{"id":"T12","span":{"begin":1742,"end":1971},"obj":"Method"},{"id":"T13","span":{"begin":1972,"end":2119},"obj":"Method"},{"id":"T14","span":{"begin":2120,"end":2233},"obj":"Result"},{"id":"T15","span":{"begin":2234,"end":2336},"obj":"Result"},{"id":"T16","span":{"begin":2337,"end":2633},"obj":"Method"},{"id":"T17","span":{"begin":2634,"end":2717},"obj":"Purpose"},{"id":"T18","span":{"begin":2718,"end":2764},"obj":"Result"},{"id":"T19","span":{"begin":2765,"end":2933},"obj":"Result"},{"id":"T20","span":{"begin":2934,"end":3034},"obj":"Result"},{"id":"T21","span":{"begin":3035,"end":3246},"obj":"Result"},{"id":"T22","span":{"begin":3247,"end":3407},"obj":"Result"},{"id":"T23","span":{"begin":3408,"end":3618},"obj":"Method"},{"id":"T24","span":{"begin":3619,"end":3781},"obj":"Result"},{"id":"T25","span":{"begin":3782,"end":3936},"obj":"Result"},{"id":"T26","span":{"begin":3937,"end":4084},"obj":"Result"},{"id":"T27","span":{"begin":4085,"end":4167},"obj":"Result"},{"id":"T28","span":{"begin":4168,"end":4257},"obj":"Purpose"},{"id":"T29","span":{"begin":4258,"end":4376},"obj":"Result"},{"id":"T30","span":{"begin":4377,"end":4657},"obj":"Result"}],"relations":[]}