{"text":"Intracerebral study of gamma oscillations in the human sensorimotor cortex.\nSince few years, gamma oscillations have given rise to an increasing interest. They have been successively described as being involved in cognitive function and various sensory systems. However, their role remains the subject of much debate. Gamma rhythms are difficult to study in scalp recordings due to low amplitudes and because the skull filters out high-frequency signals. Hence, their study makes necessary intracerebral recordings. Here, we report our intracerebral data issuing from study of gamma oscillations in the human sensorimotor cortex during the preparation and execution of voluntary movements. These studies have been performed in epileptic patients explored by stereoelectroencephalography (SEEG). Whereas mu and beta rhythms reactivity was diffused, the gamma rhythm reactivity to the movement was very focused and was observed predominantly in the primary sensorimotor areas that were involved in the movement, as assessed by the electrical cortical stimulations. Gamma oscillations seemed to be related to the movement execution rather than to the movement preparation. We have compared the temporo-spatial relationships between movement-related cortical potentials (MRCPs) and sensorimotor rhythms. We show that (i) the late components of MRCPs (motor potential--MP and post-movement complex--PMc) and the gamma event-related synchronization (ERS) within the 40-60-Hz band always occurred in the same contacts (located in the primary sensorimotor areas) and (ii) the PMc peaked during the gamma ERS, whereas the MP began before it. The PMc, so-called 'Reafferent Potential', is supposed to reflect the somesthetic reafferentation of the sensorimotor cortex. Hence, it seems that the PMc and the gamma ERS represent two electrophysiological facets of the reafferentation of the cortex during the movement. We suggest that gamma oscillations within the 40-60-Hz band serve to facilitate kinesthesic afferences from the muscles and joints involved in the movement to the primary sensorimotor cortex, which would be necessary for controlling the ongoing movement.\n","denotations":[{"id":"T1","span":{"begin":0,"end":75},"obj":"Background"},{"id":"T2","span":{"begin":76,"end":154},"obj":"Background"},{"id":"T3","span":{"begin":155,"end":261},"obj":"Method"},{"id":"T4","span":{"begin":262,"end":317},"obj":"Method"},{"id":"T5","span":{"begin":318,"end":454},"obj":"Result"},{"id":"T6","span":{"begin":455,"end":515},"obj":"Method"},{"id":"T7","span":{"begin":516,"end":689},"obj":"Method"},{"id":"T8","span":{"begin":690,"end":794},"obj":"Method"},{"id":"T9","span":{"begin":795,"end":1062},"obj":"Result"},{"id":"T10","span":{"begin":1063,"end":1169},"obj":"Result"},{"id":"T11","span":{"begin":1170,"end":1299},"obj":"Result"},{"id":"T12","span":{"begin":1300,"end":1632},"obj":"Result"},{"id":"T13","span":{"begin":1633,"end":1758},"obj":"Result"},{"id":"T14","span":{"begin":1759,"end":1905},"obj":"Result"},{"id":"T15","span":{"begin":1906,"end":2160},"obj":"Result"}],"relations":[]}