{"text":"Diphenyleneiodonium and dimethylsulfoxide for treatment of reperfusion injury in cerebral ischemia of the rat.\nDiphenyleneiodonium (DPI) is an inhibitor of the free radical producing NAD(P)H-oxidase. We tested whether DPI shows neuroprotective properties after focal cerebral ischemia and we used dimethylsulfoxide (DMSO), a nonspecific free radical scavenger, as a solvent. In male Wistar rats middle cerebral artery occlusion (1.5 h) and subsequent reperfusion (48 h) (MCAO/R) was induced with the filament model. Immediately after reperfusion the animals received either 0.25 ml normal saline, DMSO, or a combination of DMSO and DPI; each group consisted of 10 animals. MRI was performed at different times after reperfusion. Gelatine zymography of brain tissue for MMP-2 and MMP-9 was performed. The infarct sizes and BBB damage showed a significant difference between controls and the DPI/DMSO group for almost all points in time in all sequences. The activity of MMP-2 and MMP-9 was significantly reduced by DPI/DMSO but not by DMSO alone. DMSO treatment alone resulted in a protective effect with reduced lesion sizes measured by MRI at selected points of time, consistent with its known free radical scavenger effect. The combination of DMSO with DPI partly augmented this effect, presumably due to the additional inhibition of MMP-2 and MMP-9 by DPI. Moreover, the neurological outcome in both therapeutic groups was improved compared to controls with a significant difference between the therapeutic groups in favour of DPI and DMSO. The combination of DPI and DMSO reduced the activity of MMP-2 and MMP-9, attenuated the postischemic blood-brain barrier damage and improved neurological outcome. This was most likely due to reduced oxidative stress.\n","denotations":[{"id":"T1","span":{"begin":0,"end":110},"obj":"Background"},{"id":"T2","span":{"begin":111,"end":199},"obj":"Background"},{"id":"T3","span":{"begin":200,"end":374},"obj":"Method"},{"id":"T4","span":{"begin":375,"end":515},"obj":"Result"},{"id":"T5","span":{"begin":516,"end":672},"obj":"Result"},{"id":"T6","span":{"begin":673,"end":728},"obj":"Method"},{"id":"T7","span":{"begin":729,"end":799},"obj":"Method"},{"id":"T8","span":{"begin":800,"end":952},"obj":"Result"},{"id":"T9","span":{"begin":953,"end":1045},"obj":"Result"},{"id":"T10","span":{"begin":1046,"end":1225},"obj":"Method"},{"id":"T11","span":{"begin":1226,"end":1359},"obj":"Result"},{"id":"T12","span":{"begin":1360,"end":1543},"obj":"Result"},{"id":"T13","span":{"begin":1544,"end":1706},"obj":"Result"},{"id":"T14","span":{"begin":1707,"end":1760},"obj":"Conclusion"}],"relations":[]}