{"text":"NMDA receptor-mediated excitotoxicity contributes to the cerebral hypoxic injury of a rat model of posthypoxic myoclonus.\nCardiac arrest-induced cerebral hypoxic injury could induce posthypoxic movement disorders. Here we investigated the effects of memantine, an NMDA receptor channel blocker, on the neurodegeneration occurred in an established rat model of posthypoxic myoclonus. We found that administration of memantine for 7 days significantly reduced cerebral hypoxia-induced neurodegeneration in the CA1 of the hippocampus, the reticular thalamic nucleus (RTN) and the primary fissure of the cerebellum of the posthypoxic animals. The results suggest that the neurodegeneration observed in specific areas of the brain of the posthypoxic rats is contributed by NMDA receptor-mediated excitotoxicity.\n","denotations":[{"id":"T1","span":{"begin":0,"end":121},"obj":"Background"},{"id":"T2","span":{"begin":122,"end":213},"obj":"Background"},{"id":"T3","span":{"begin":214,"end":382},"obj":"Method"},{"id":"T4","span":{"begin":383,"end":638},"obj":"Result"},{"id":"T5","span":{"begin":639,"end":806},"obj":"Conclusion"}],"relations":[]}