{"text":"Synergistic neuroprotection by bis(7)-tacrine via concurrent blockade of N-methyl-D-aspartate receptors and neuronal nitric-oxide synthase.\nThe excessive activation of the N-methyl-D-aspartate receptor (NMDAR)/nitric oxide (NO) pathway has been proposed to be involved in the neuropathology of various neurodegenerative disorders. In this study, NO was found to mediate glutamate-induced excitotoxicity in primary cultured neurons. Compared with the NO synthase (NOS) inhibitor, N(G)-monomethyl-L-arginine (L-NMMA), and the NMDAR antagonist memantine, bis(7)-tacrine was found to be more potent in reducing NO-mediated excitotoxicity and the release of NO caused by glutamate. Moreover, like L-NMMA but not like 5H-dibenzo(a,d)cyclohepten-5,10-imine (MK-801) and memantine, bis(7)-tacrine showed greater neuroprotection and inhibition on NO release when neurons were pretreated for a prolonged time between 0 and 24 h and remained quite potent even when neurons were post-treated 1 h after the glutamate challenge. Bis(7)-tacrine was additionally found to be as moderately potent as memantine in competing with ((3)H)MK-801, inhibiting NMDA-evoked currents and reducing glutamate-triggered calcium influx, which eventually reduced neuronal NOS activity. More importantly, at neuroprotective concentrations, bis(7)-tacrine substantially reversed the overactivation of neuronal NOS caused by glutamate without interfering with the basal activity of NOS. Furthermore, in vitro pattern analysis demonstrated that bis(7)-tacrine competitively inhibited both purified neuronal and inducible NOS with IC(50) values at 2.9 and 9.3 microM but not endothelial NOS. This result was further supported by molecular docking simulations that showed hydrophobic interactions between bis(7)-tacrine and three NOS isozymes. Taken together, these results strongly suggest that the substantial neuroprotection against glutamate by bis(7)-tacrine might be mediated synergistically through the moderate blockade of NMDAR and selective inhibition of neuronal NOS.\n","denotations":[{"id":"T1","span":{"begin":0,"end":139},"obj":"Background"},{"id":"T2","span":{"begin":140,"end":330},"obj":"Background"},{"id":"T3","span":{"begin":331,"end":431},"obj":"Method"},{"id":"T4","span":{"begin":432,"end":676},"obj":"Result"},{"id":"T5","span":{"begin":677,"end":1014},"obj":"Result"},{"id":"T6","span":{"begin":1015,"end":1253},"obj":"Result"},{"id":"T7","span":{"begin":1254,"end":1451},"obj":"Result"},{"id":"T8","span":{"begin":1452,"end":1654},"obj":"Result"},{"id":"T9","span":{"begin":1655,"end":1805},"obj":"Result"},{"id":"T10","span":{"begin":1806,"end":2040},"obj":"Conclusion"}],"relations":[]}