{"text":"A common leucine-rich repeat kinase 2 gene mutation in familial and sporadic Parkinson's disease in Russia.\nA PARK8 form of Parkinson's disease (PD) is caused by a novel gene, leucine-rich repeat kinase 2 (LRRK2), and a single mutation G2019S was found in a proportion of LRRK2-associated cases of diverse ethnic origins. We performed the LRRK2 G2019S mutation analysis in 304 Russian patients with PD, including 291 sporadic and 13 autosomal dominant cases. The frequency of the LRRK2 G2019S was 0.7% amongst the sporadic patients (2/291) and 7.7% amongst familial PD (1/13). The mutation was also found in three unaffected relatives and absent in 700 control chromosomes. One patient carrying the LRRK2 G2019S was found earlier to have an additional mutation, a heterozygous duplication of exon 5 of the parkin gene. All patients carrying the LRRK2 G2019S exhibited typical levodopa-responsive parkinsonism, and severe levodopa-induced dyskinesia was observed in the patient carrying the LRRK2 and parkin mutations. There was notable variability in ages of the disease onset in G2019S carriers not explained by APOE genotypes. Two subsets of G2019S-positive patients had different PARK8 haplotypes suggesting that the LRRK2 G2019S in Russian patients had arisen independently on different chromosomes. Identification of common LRRK2 mutations in some PD patients without an overt family history has notable implications for genetic counseling.\n","denotations":[{"id":"T1","span":{"begin":0,"end":107},"obj":"Background"},{"id":"T2","span":{"begin":108,"end":321},"obj":"Method"},{"id":"T3","span":{"begin":322,"end":458},"obj":"Method"},{"id":"T4","span":{"begin":459,"end":576},"obj":"Result"},{"id":"T5","span":{"begin":577,"end":673},"obj":"Result"},{"id":"T6","span":{"begin":674,"end":818},"obj":"Result"},{"id":"T7","span":{"begin":819,"end":1017},"obj":"Result"},{"id":"T8","span":{"begin":1018,"end":1128},"obj":"Result"},{"id":"T9","span":{"begin":1129,"end":1303},"obj":"Method"},{"id":"T10","span":{"begin":1304,"end":1445},"obj":"Conclusion"}],"relations":[]}