{"text":"Triplet repeat mutation length gains correlate with cell-type specific vulnerability in Huntington disease brain.\nHuntington disease is caused by the expansion of a CAG repeat encoding an extended glutamine tract in a protein called huntingtin. Here, we provide evidence supporting the hypothesis that somatic increases of mutation length play a role in the progressive nature and cell-selective aspects of HD pathogenesis. Results from micro-dissected tissue and individual laser-dissected cells obtained from human HD cases and knock-in HD mice indicate that the CAG repeat is unstable in all cell types tested although neurons tend to have longer mutation length gains than glia. Mutation length gains occur early in the disease process and continue to accumulate as the disease progresses. In keeping with observed patterns of cell loss, neuronal mutation length gains tend to be more prominent in the striatum than in the cortex of low-grade human HD cases, less so in more advanced cases. Interestingly, neuronal sub-populations of HD mice appear to have different propensities for mutation length gains; in particular, smaller mutation length gains occur in nitric oxide synthase-positive striatal interneurons (a relatively spared cell type in HD) compared with the pan-striatal neuronal population. More generally, the data demonstrate that neuronal changes in HD repeat length can be at least as great, if not greater, than those observed in the germline. The fact that significant CAG repeat length gains occur in non-replicating cells also argues that processes such as inappropriate mismatch repair rather than DNA replication are involved in generating mutation instability in HD brain tissue.\n","denotations":[{"id":"T1","span":{"begin":0,"end":113},"obj":"Background"},{"id":"T2","span":{"begin":114,"end":244},"obj":"Background"},{"id":"T3","span":{"begin":245,"end":423},"obj":"Method"},{"id":"T4","span":{"begin":424,"end":682},"obj":"Method"},{"id":"T5","span":{"begin":683,"end":793},"obj":"Result"},{"id":"T6","span":{"begin":794,"end":994},"obj":"Result"},{"id":"T7","span":{"begin":995,"end":1307},"obj":"Result"},{"id":"T8","span":{"begin":1308,"end":1465},"obj":"Result"},{"id":"T9","span":{"begin":1466,"end":1707},"obj":"Result"}],"relations":[]}