{"text":"Agonist concentration dependency of blocking kinetics but not equilibrium block of N-methyl-D-aspartate receptors by memantine.\nMemantine is an uncompetitive N-methyl-D-aspartate (NMDA) receptor antagonist which is registered in both Europe and the USA for the treatment of Alzheimer's disease (AD). Cultured rat hippocampal neurons were used to evaluate the potency and blocking kinetics of this therapeutically very well-tolerated agent in the presence of various concentrations of the synthetic agonist NMDA and a constant, saturating concentration of the co-agonist D-serine (10 microM). Whole-cell patch-clamp experiments at -70 mV revealed that the degree of 'equilibrium' blockade of NMDA-induced currents by memantine was largely unaffected by the concentration of the agonist NMDA. The IC50 values for NMDA at 300, 100, 30 and 10 microM were 0.80+/-0.12, 1.01+/-0.08, 0.92+/-0.13 and 1.31+/-0.09 microM, respectively, giving an average IC(50) for all agonists concentrations tested of 1.01+/-0.11 microM. In contrast, and as expected, the onset and offset kinetics of blockade were clearly dependent on agonist concentration. For NMDA 300, 100, 30 and 10 microM, kon values were 10.55+/-1.41, 8.60+/-0.17, 4.90+/-0.20 and 3.22+/-0.08x10(4) M(-1) s(-1), respectively; 1/tauon values at the IC50 concentration of memantine-i.e. 1 microM-were 0.58+/-0.11, 0.28+/-0.05, 0.15+/-0.02 and 0.11+/-0.03 s(-1), respectively and koff values were 0.24+/-0.01, 0.19+/-0.01, 0.14+/-0.00 and 0.09+/-0.01 s(-1), respectively. It therefore appears that the kinetics, but not the equilibrium potency, of memantine are agonist concentration-dependent. These fast agonist concentration-dependent kinetic properties, in addition to the clear voltage-dependence of memantine, are proposed to be important for the therapeutic tolerability of this compound in the treatment of AD.\n","denotations":[{"id":"T1","span":{"begin":0,"end":127},"obj":"Background"},{"id":"T2","span":{"begin":128,"end":299},"obj":"Background"},{"id":"T3","span":{"begin":300,"end":591},"obj":"Method"},{"id":"T4","span":{"begin":592,"end":790},"obj":"Result"},{"id":"T5","span":{"begin":791,"end":863},"obj":"Result"},{"id":"T6","span":{"begin":864,"end":876},"obj":"Result"},{"id":"T7","span":{"begin":877,"end":904},"obj":"Result"},{"id":"T8","span":{"begin":905,"end":1005},"obj":"Result"},{"id":"T9","span":{"begin":1006,"end":1013},"obj":"Result"},{"id":"T10","span":{"begin":1014,"end":1134},"obj":"Result"},{"id":"T11","span":{"begin":1135,"end":1201},"obj":"Result"},{"id":"T12","span":{"begin":1202,"end":1214},"obj":"Result"},{"id":"T13","span":{"begin":1215,"end":1248},"obj":"Result"},{"id":"T14","span":{"begin":1249,"end":1361},"obj":"Result"},{"id":"T15","span":{"begin":1362,"end":1374},"obj":"Result"},{"id":"T16","span":{"begin":1375,"end":1386},"obj":"Result"},{"id":"T17","span":{"begin":1387,"end":1402},"obj":"Result"},{"id":"T18","span":{"begin":1403,"end":1456},"obj":"Result"},{"id":"T19","span":{"begin":1457,"end":1469},"obj":"Result"},{"id":"T20","span":{"begin":1470,"end":1497},"obj":"Result"},{"id":"T21","span":{"begin":1498,"end":1518},"obj":"Result"},{"id":"T22","span":{"begin":1519,"end":1641},"obj":"Result"},{"id":"T23","span":{"begin":1642,"end":1865},"obj":"Result"}],"relations":[]}