{"text":"Insulin rescues amyloid beta-induced impairment of hippocampal long-term potentiation.\nCerebral accumulation of amyloid beta-protein (Abeta) is generally believed to play a critical role in the pathogenesis of Alzheimer's disease (AD). Recent evidence suggests that Abeta-induced synaptic dysfunction is one of earliest pathogenic events observed in AD. Here we report that synthetic Abeta(1-42) strongly inhibited the induction of long-term potentiation (LTP) in the CA1 region of rat hippocampal slices. To ascertain which Abeta(1-42) sequences contribute to the impairment of LTP, we compared actions of several Abeta fragments and found that the sequence within 25-35 region of Abeta mainly contributes to the expression of LTP impairment. Importantly, we show that insulin and insulin-like growth factor-1 significantly inhibit Abeta oligomer formation, particularly dimers and trimers, and ameliorate the synthetic Abeta-induced suppression of LTP. Furthermore, dithiothreitol was found to be capable of significantly preventing the inhibitory effect of insulin on Abeta oligomer formation. In contrast, hemoglobin promotes Abeta oligomer formation and enhances Abeta-mediated inhibition of LTP induction. These results suggest that insulin may have utility in treating the earliest stages of Abeta-induced synaptic dysfunction in AD patients.\n","denotations":[{"id":"T1","span":{"begin":0,"end":86},"obj":"Background"},{"id":"T2","span":{"begin":87,"end":235},"obj":"Background"},{"id":"T3","span":{"begin":236,"end":353},"obj":"Result"},{"id":"T4","span":{"begin":354,"end":505},"obj":"Method"},{"id":"T5","span":{"begin":506,"end":743},"obj":"Result"},{"id":"T6","span":{"begin":744,"end":954},"obj":"Result"},{"id":"T7","span":{"begin":955,"end":1096},"obj":"Result"},{"id":"T8","span":{"begin":1097,"end":1211},"obj":"Result"},{"id":"T9","span":{"begin":1212,"end":1349},"obj":"Conclusion"}],"relations":[]}