{"text":"Soluble Abeta inhibits specific signal transduction cascades common to the insulin receptor pathway.\nNumerous studies have now shown that the amyloid beta-protein (Abeta), the principal component of cerebral plaques in Alzheimer disease, rapidly and potently inhibits certain forms of synaptic plasticity. The amyloid (or Abeta) hypothesis proposes that the continuous disruption of normal synaptic physiology by Abeta contributes to the development of Alzheimer disease. However, there is little consensus about how Abeta mediates this inhibition at the molecular level. Using mouse primary hippocampal neurons, we observed that a brief treatment with cell-derived, soluble, human Abeta disrupted the activation of three kinases (Erk/MAPK, CaMKII, and the phosphatidylinositol 3-kinase-activated protein Akt/protein kinase B) that are required for long term potentiation, whereas two other kinases (protein kinase A and protein kinase C) were stimulated normally. An antagonist of the insulin receptor family of tyrosine kinases was found to mimic the pattern of Abeta-mediated kinase inhibition. We then found that soluble Abeta binds to the insulin receptor and interferes with its insulin-induced autophosphorylation. Taken together, these data demonstrate that physiologically relevant levels of naturally secreted Abeta interfere with insulin receptor function in hippocampal neurons and prevent the rapid activation of specific kinases required for long term potentiation.\n","denotations":[{"id":"T1","span":{"begin":0,"end":100},"obj":"Background"},{"id":"T2","span":{"begin":101,"end":305},"obj":"Background"},{"id":"T3","span":{"begin":306,"end":471},"obj":"Method"},{"id":"T4","span":{"begin":472,"end":571},"obj":"Result"},{"id":"T5","span":{"begin":572,"end":964},"obj":"Method"},{"id":"T6","span":{"begin":965,"end":1097},"obj":"Result"},{"id":"T7","span":{"begin":1098,"end":1221},"obj":"Result"},{"id":"T8","span":{"begin":1222,"end":1479},"obj":"Conclusion"}],"relations":[]}