{"text":"Congruent activity during action and action observation in motor cortex.\nA variety of studies have shown that motor cortical areas can be activated by observation of familiar actions. Here, we describe single-neuron responses in monkey primary motor (MI) and dorsal premotor (PMd) cortices during passive observation and execution of a familiar task. We show that the spiking modulation, preferred directions, and encoded information of cells in MI and PMd remain consistent during both observation and movement. Furthermore, we find that the presence of a visual target is necessary to elicit this congruent neural activity during observation. These findings along with results from our analysis of the oscillatory power in the beta frequency of the local field potential are consistent with previous imaging and EEG studies that have suggested that congruence between observation and action is a general feature of the motor system, even outside of canonical 'mirror' areas. Such congruent activity has proposed relevance to motor learning, mimicry, and communication and has practical applications for the development of motor-cortical neuroprostheses in paralyzed patients.\n","denotations":[{"id":"T1","span":{"begin":0,"end":72},"obj":"Background"},{"id":"T2","span":{"begin":73,"end":183},"obj":"Background"},{"id":"T3","span":{"begin":184,"end":350},"obj":"Method"},{"id":"T4","span":{"begin":351,"end":512},"obj":"Result"},{"id":"T5","span":{"begin":513,"end":644},"obj":"Result"},{"id":"T6","span":{"begin":645,"end":976},"obj":"Conclusion"},{"id":"T7","span":{"begin":977,"end":1177},"obj":"Result"}],"relations":[]}