{"text":"In vivo beta-secretase 1 inhibition leads to brain Abeta lowering and increased alpha-secretase processing of amyloid precursor protein without effect on neuregulin-1.\nbeta-Secretase (BACE) cleavage of amyloid precursor protein (APP) is one of the first steps in the production of amyloid beta peptide Abeta42, the putative neurotoxic species in Alzheimer's disease. Recent studies have shown that BACE1 knockdown leads to hypomyelination, putatively caused by a decline in neuregulin (NRG)-1 processing. In this study, we have tested a potent cell-permeable BACE1 inhibitor (IC(50) approximately 30 nM) by administering it directly into the lateral ventricles of mice, expressing human wild-type (WT)-APP, to determine the consequences of BACE1 inhibition on brain APP and NRG-1 processing. BACE1 inhibition, in vivo, led to a significant dose- and time-dependent lowering of brain Abeta40 and Abeta42. BACE1 inhibition also led to a robust brain secreted (s)APPbeta lowering that was accompanied by an increase in brain sAPPalpha levels. Although an increase in full-length NRG-1 levels was evident in 15-day-old BACE1 homozygous knockout (KO) (-/-) mice, in agreement with previous studies, this effect was also observed in 15-day-old heterozygous (+/-) mice, but it was not evident in 30-day-old and 2-year-old BACE1 KO (-/-) mice. Thus, BACE1 knockdown led to a transient decrease in NRG-1 processing in mice. Pharmacological inhibition of BACE1 in adult mice, which led to significant Abeta lowering, was without any significant effect on brain NRG-1 processing. Taken together, these results suggest that BACE1 is the major beta-site cleavage enzyme for APP and that its inhibition can lower brain Abeta and redirect APP processing via the potentially nonamyloidogenic alpha-secretase pathway, without significantly altering NRG-1 processing.\n","denotations":[{"id":"T1","span":{"begin":0,"end":167},"obj":"Background"},{"id":"T2","span":{"begin":168,"end":366},"obj":"Background"},{"id":"T3","span":{"begin":367,"end":504},"obj":"Result"},{"id":"T4","span":{"begin":505,"end":791},"obj":"Method"},{"id":"T5","span":{"begin":792,"end":903},"obj":"Result"},{"id":"T6","span":{"begin":904,"end":1039},"obj":"Result"},{"id":"T7","span":{"begin":1040,"end":1335},"obj":"Result"},{"id":"T8","span":{"begin":1336,"end":1414},"obj":"Result"},{"id":"T9","span":{"begin":1415,"end":1568},"obj":"Result"},{"id":"T10","span":{"begin":1569,"end":1849},"obj":"Conclusion"}],"relations":[]}