{"text":"Inferring spike trains from local field potentials.\nWe investigated whether it is possible to infer spike trains solely on the basis of the underlying local field potentials (LFPs). Using support vector machines and linear regression models, we found that in the primary visual cortex (V1) of monkeys, spikes can indeed be inferred from LFPs, at least with moderate success. Although there is a considerable degree of variation across electrodes, the low-frequency structure in spike trains (in the 100-ms range) can be inferred with reasonable accuracy, whereas exact spike positions are not reliably predicted. Two kinds of features of the LFP are exploited for prediction: the frequency power of bands in the high gamma-range (40-90 Hz) and information contained in low-frequency oscillations ( less than 10 Hz), where both phase and power modulations are informative. Information analysis revealed that both features code (mainly) independent aspects of the spike-to-LFP relationship, with the low-frequency LFP phase coding for temporally clustered spiking activity. Although both features and prediction quality are similar during seminatural movie stimuli and spontaneous activity, prediction performance during spontaneous activity degrades much more slowly with increasing electrode distance. The general trend of data obtained with anesthetized animals is qualitatively mirrored in that of a more limited data set recorded in V1 of non-anesthetized monkeys. In contrast to the cortical field potentials, thalamic LFPs (e.g., LFPs derived from recordings in the dorsal lateral geniculate nucleus) hold no useful information for predicting spiking activity.\n","denotations":[{"id":"T1","span":{"begin":0,"end":51},"obj":"Background"},{"id":"T2","span":{"begin":52,"end":181},"obj":"Method"},{"id":"T3","span":{"begin":182,"end":374},"obj":"Method"},{"id":"T4","span":{"begin":375,"end":612},"obj":"Result"},{"id":"T5","span":{"begin":613,"end":871},"obj":"Method"},{"id":"T6","span":{"begin":872,"end":1071},"obj":"Method"},{"id":"T7","span":{"begin":1072,"end":1301},"obj":"Result"},{"id":"T8","span":{"begin":1302,"end":1467},"obj":"Method"},{"id":"T9","span":{"begin":1468,"end":1665},"obj":"Conclusion"}],"relations":[]}