{"text":"Hand movement direction decoded from MEG and EEG.\nBrain activity can be used as a control signal for brain-machine interfaces (BMIs). A powerful and widely acknowledged BMI approach, so far only applied in invasive recording techniques, uses neuronal signals related to limb movements for equivalent, multidimensional control of an external effector. Here, we investigated whether this approach is also applicable for noninvasive recording techniques. To this end, we recorded whole-head MEG during center-out movements with the hand and found significant power modulation of MEG activity between rest and movement in three frequency bands: an increase for  less than  or = 7 Hz (low-frequency band) and 62-87 Hz (high-gamma band) and a decrease for 10-30 Hz (beta band) during movement. Movement directions could be inferred on a single-trial basis from the low-pass filtered MEG activity as well as from power modulations in the low-frequency band, but not from the beta and high-gamma bands. Using sensors above the motor area, we obtained a surprisingly high decoding accuracy of 67% on average across subjects. Decoding accuracy started to rise significantly above chance level before movement onset. Based on simultaneous MEG and EEG recordings, we show that the inference of movement direction works equally well for both recording techniques. In summary, our results show that neuronal activity associated with different movements of the same effector can be distinguished by means of noninvasive recordings and might, thus, be used to drive a noninvasive BMI.\n","denotations":[{"id":"T1","span":{"begin":0,"end":49},"obj":"Background"},{"id":"T2","span":{"begin":50,"end":133},"obj":"Background"},{"id":"T3","span":{"begin":134,"end":350},"obj":"Method"},{"id":"T4","span":{"begin":351,"end":451},"obj":"Method"},{"id":"T5","span":{"begin":452,"end":787},"obj":"Result"},{"id":"T6","span":{"begin":788,"end":994},"obj":"Result"},{"id":"T7","span":{"begin":995,"end":1115},"obj":"Method"},{"id":"T8","span":{"begin":1116,"end":1205},"obj":"Result"},{"id":"T9","span":{"begin":1206,"end":1350},"obj":"Result"},{"id":"T10","span":{"begin":1351,"end":1568},"obj":"Result"}],"relations":[]}