{"text":"Ductal carcinoma in situ and the emergence of diversity during breast cancer evolution.\nHuman invasive breast cancers (IBC) show enormous histologic and biological diversity. This study comprehensively evaluated diversity in ductal carcinoma in situ (DCIS), the immediate precursors of IBCs. The extent of diversity for conventional histologic grade and standard prognostic biomarkers assessed by immunohistochemistry was evaluated in a series of pure DCIS (n = 200) compared with a contemporaneous series of IBCs (n = 200). A subset of the DCIS (n = 25) was evaluated by DNA microarrays for the presence of luminal, basal, and erbB2 intrinsic subtypes. The extent of diversity within individual cases of DCIS (n = 120) was determined by assessing multiple regions independently for histologic (nuclear) grade and several biomarkers by immunohistochemistry, which approximate microarrays in determining intrinsic subtypes. DCIS showed a broad distribution of conventional histologic grades and standard biomarkers ranging from well to poorly differentiated, nearly identical to IBCs. Microarrays showed the same intrinsic subtypes in DCIS as in IBCs. However, higher resolution analysis showed that multiple histologic grades, biomarker phenotypes, and intrinsic subtypes often coexist within the same DCIS, and these diverse regions probably compete for dominance. Diversity within cases of DCIS was highly correlated with mutated p53 (P = 0.0007). These results support the hypothesis that poorly differentiated DCIS gradually evolve from well-differentiated DCIS by randomly acquiring genetic defects resulting in increasingly abnormal cellular features. This diversity is amplified by defects resulting in genetic instability (e.g., p53 mutation), and the alterations are propagated to IBC in a manner independent of progression to invasion.\n","denotations":[{"id":"T1","span":{"begin":0,"end":87},"obj":"Background"},{"id":"T2","span":{"begin":88,"end":174},"obj":"Background"},{"id":"T3","span":{"begin":175,"end":291},"obj":"Purpose"},{"id":"T4","span":{"begin":292,"end":524},"obj":"Method"},{"id":"T5","span":{"begin":525,"end":653},"obj":"Method"},{"id":"T6","span":{"begin":654,"end":922},"obj":"Method"},{"id":"T7","span":{"begin":923,"end":1083},"obj":"Result"},{"id":"T8","span":{"begin":1084,"end":1150},"obj":"Result"},{"id":"T9","span":{"begin":1151,"end":1365},"obj":"Result"},{"id":"T10","span":{"begin":1366,"end":1449},"obj":"Result"},{"id":"T11","span":{"begin":1450,"end":1657},"obj":"Conclusion"},{"id":"T12","span":{"begin":1658,"end":1845},"obj":"Result"}],"relations":[]}