{"text":"Brain regional and cellular localization of gelatinase activity in rat that have undergone transient middle cerebral artery occlusion.\nMatrix metalloproteinases (MMPs) have been implicated in the pathophysiology of ischemic stroke. In particular, the gelatinases MMP-2 and MMP-9 contribute to disruption of the blood-brain barrier and hemorrhagic transformation following ischemic injury. In addition to extracellular matrix degradation, MMPs may directly regulate neuronal cell death through mechanisms that are not completely understood. Here we describe the spatio-temporal distribution of activated MMP-2 and MMP-9 in the brain of rats subjected to 2 h middle cerebral artery occlusion (MCAo) followed by different periods of reperfusion (15 min, 2 h, 6 h and 22 h). By in situ zymography we have observed that gelatinases become activated 15 min and 2 h after the beginning of reperfusion in the ischemic core and penumbra, respectively. In situ zymography signal broadly co-localized with NeuN-positive cells, thus suggesting that proteolysis mainly occurs in neurons. Gelatinolytic activity was mainly detected in cell nuclei, marginally appearing in the cytosol only at later stages following the insult; we did not detect variations in gelatinolysis in the extracellular matrix. Finally, we report that pharmacological inhibition of MMPs by N-((2R)-2-(hydroxamidocarbonyl-methyl)-4-methylpenthanoyl)-L-tryptophan methylamide (GM6001) significantly reduces brain infarct volume induced by transient MCAo. Taken together our data underscore the crucial role of gelatinases during the early stages of reperfusion and further extend previous observations documenting the detrimental role of these enzymes in the pathophysiology of brain ischemia.\n","denotations":[{"id":"T1","span":{"begin":0,"end":134},"obj":"Background"},{"id":"T2","span":{"begin":135,"end":231},"obj":"Background"},{"id":"T3","span":{"begin":232,"end":388},"obj":"Result"},{"id":"T4","span":{"begin":389,"end":539},"obj":"Result"},{"id":"T5","span":{"begin":540,"end":770},"obj":"Method"},{"id":"T6","span":{"begin":771,"end":942},"obj":"Result"},{"id":"T7","span":{"begin":943,"end":1074},"obj":"Result"},{"id":"T8","span":{"begin":1075,"end":1287},"obj":"Result"},{"id":"T9","span":{"begin":1288,"end":1512},"obj":"Result"},{"id":"T10","span":{"begin":1513,"end":1751},"obj":"Conclusion"}],"relations":[]}