{"text":"A Drosophila model for LRRK2-linked parkinsonism.\nMutations in the leucine-rich repeat kinase (LRRK2) gene cause late-onset autosomal dominant Parkinson's disease (PD) with pleiomorphic pathology. Previously, we and others found that expression of mutant LRRK2 causes neuronal degeneration in cell culture. Here we used the GAL4/UAS system to generate transgenic Drosophila expressing either wild-type human LRRK2 or LRRK2-G2019S, the most common mutation associated with PD. Expression of either wild-type human LRRK2 or LRRK2-G2019S in the photoreceptor cells caused retinal degeneration. Expression of LRRK2 or LRRK2-G2019S in neurons produced adult-onset selective loss of dopaminergic neurons, locomotor dysfunction, and early mortality. Expression of mutant G2019S-LRRK2 caused a more severe parkinsonism-like phenotype than expression of equivalent levels of wild-type LRRK2. Treatment with l-DOPA improved mutant LRRK2-induced locomotor impairment but did not prevent the loss of tyrosine hydroxylase-positive neurons. To our knowledge, this is the first in vivo'gain-of-function' model which recapitulates several key features of LRRK2-linked human parkinsonism. These flies may provide a useful model for studying LRRK2-linked pathogenesis and for future therapeutic screens for PD intervention.\n","denotations":[{"id":"T1","span":{"begin":0,"end":49},"obj":"Background"},{"id":"T2","span":{"begin":50,"end":196},"obj":"Background"},{"id":"T3","span":{"begin":197,"end":306},"obj":"Result"},{"id":"T4","span":{"begin":307,"end":475},"obj":"Method"},{"id":"T5","span":{"begin":476,"end":590},"obj":"Result"},{"id":"T6","span":{"begin":591,"end":742},"obj":"Result"},{"id":"T7","span":{"begin":743,"end":882},"obj":"Result"},{"id":"T8","span":{"begin":883,"end":1026},"obj":"Result"},{"id":"T9","span":{"begin":1027,"end":1171},"obj":"Conclusion"},{"id":"T10","span":{"begin":1172,"end":1305},"obj":"Conclusion"}],"relations":[]}