{"text":"Elucidating a normal function of huntingtin by functional and microarray analysis of huntingtin-null mouse embryonic fibroblasts.\nThe polyglutamine expansion in huntingtin (Htt) protein is a cause of Huntington's disease (HD). Htt is an essential gene as deletion of the mouse Htt gene homolog (Hdh) is embryonic lethal in mice. Therefore, in addition to elucidating the mechanisms responsible for polyQ-mediated pathology, it is also important to understand the normal function of Htt protein for both basic biology and for HD. To systematically search for a mouse Htt function, we took advantage of the Hdh +/- and Hdh-floxed mice and generated four mouse embryonic fibroblast (MEF) cells lines which contain a single copy of the Hdh gene (Hdh-HET) and four MEF lines in which the Hdh gene was deleted (Hdh-KO). The function of Htt in calcium (Ca2+) signaling was analyzed in Ca2+ imaging experiments with generated cell lines. We found that the cytoplasmic Ca2+ spikes resulting from the activation of inositol 1,4,5-trisphosphate receptor (InsP3R) and the ensuing mitochondrial Ca2+ signals were suppressed in the Hdh-KO cells when compared to Hdh-HET cells. Furthermore, in experiments with permeabilized cells we found that the InsP3-sensitivity of Ca2+ mobilization from endoplasmic reticulum was reduced in Hdh-KO cells. These results indicated that Htt plays an important role in modulating InsP3R-mediated Ca2+ signaling. To further evaluate function of Htt, we performed genome-wide transcription profiling of generated Hdh-HET and Hdh-KO cells by microarray. Our results revealed that 106 unique transcripts were downregulated by more than two-fold with p  less than  0.05 and 173 unique transcripts were upregulated at least two-fold with p  less than  0.05 in Hdh-KO cells when compared to Hdh-HET cells. The microarray results were confirmed by quantitative real-time PCR for a number of affected transcripts. Several signaling pathways affected by Hdh gene deletion were identified from annotation of the microarray results. Functional analysis of generated Htt-null MEF cells revealed that Htt plays a direct role in Ca2+ signaling by modulating InsP3R sensitivity to InsP3. The genome-wide transcriptional profiling of Htt-null cells yielded novel and unique information about the normal function of Htt in cells, which may contribute to our understanding and treatment of HD.\n","denotations":[{"id":"T1","span":{"begin":0,"end":129},"obj":"Background"},{"id":"T2","span":{"begin":130,"end":226},"obj":"Background"},{"id":"T3","span":{"begin":227,"end":328},"obj":"Result"},{"id":"T4","span":{"begin":329,"end":528},"obj":"Method"},{"id":"T5","span":{"begin":529,"end":813},"obj":"Method"},{"id":"T6","span":{"begin":814,"end":929},"obj":"Method"},{"id":"T7","span":{"begin":930,"end":1162},"obj":"Result"},{"id":"T8","span":{"begin":1163,"end":1328},"obj":"Result"},{"id":"T9","span":{"begin":1329,"end":1431},"obj":"Result"},{"id":"T10","span":{"begin":1432,"end":1570},"obj":"Method"},{"id":"T11","span":{"begin":1571,"end":1818},"obj":"Result"},{"id":"T12","span":{"begin":1819,"end":1924},"obj":"Method"},{"id":"T13","span":{"begin":1925,"end":2040},"obj":"Method"},{"id":"T14","span":{"begin":2041,"end":2191},"obj":"Result"},{"id":"T15","span":{"begin":2192,"end":2394},"obj":"Result"}],"relations":[]}