{"text":"Tissue inhibitor of metalloproteinases protect blood-brain barrier disruption in focal cerebral ischemia.\nEnhanced matrix metalloproteinases (MMPs) can cause vasogenic edema and hemorrhagic transformation after cerebral ischemia, and affect the extent of ischemic injury. We hypothesized that the endogenous MMP inhibitors, tissue inhibitor of MMPs (TIMPs), were essential to protect against blood-brain barrier (BBB) disruption after ischemia by regulating the activities of MMPs. We confirmed the transition of MMP-2 and MMP-9, and the TIMPs family after 30 mins of middle cerebral artery occlusion, and elucidated the function of TIMP-1 and TIMP-2 in focal ischemia, using TIMP-1(-/-) and TIMP-2(-/-) mice. TIMP-1 mRNA expression was gradually increased until 24 h after reperfusion. In TIMP-1(-/-) mice, MMP-9 protein expression and gelatinolytic activity were significantly more augmented after cerebral ischemia than those in WT mice, and were accompanied by exacerbated BBB disruption, neuronal apoptosis, and ischemic injury. In contrast, TIMP-2 gene deletion mice exhibited no significant difference in MMP expressions and the degree of ischemic injury despite an increased Evans blue leakage. These results suggest that TIMP-1 inhibits MMP-9 activity and can play a neuroprotective role in cerebral ischemia.\n","denotations":[{"id":"T1","span":{"begin":0,"end":105},"obj":"Background"},{"id":"T2","span":{"begin":106,"end":271},"obj":"Background"},{"id":"T3","span":{"begin":272,"end":481},"obj":"Method"},{"id":"T4","span":{"begin":482,"end":709},"obj":"Method"},{"id":"T5","span":{"begin":710,"end":786},"obj":"Result"},{"id":"T6","span":{"begin":787,"end":1033},"obj":"Result"},{"id":"T7","span":{"begin":1034,"end":1202},"obj":"Result"},{"id":"T8","span":{"begin":1203,"end":1318},"obj":"Conclusion"}],"relations":[]}