{"text":"The role of sentinel node biopsy in ductal carcinoma in situ of the breast.\nSentinel node biopsy (SNB) is an accepted alternative to lymphadenectomy in the case of invasive breast carcinoma, although the sentinel node's role in ductal carcinoma in situ (DCIS) diagnosed on core needle biopsy has not been well defined nevertheless guidelines recommend this procedure. The purpose of this study was to determine the diagnostic value of sentinel nodes in female patients with primary DCIS using core needle stereotactic biopsy. Between the years 2000 and 2005, 261 patients were diagnosed with DCIS by core needle biopsy. In this group, 183 patients underwent SNB to determine lymph node involvement. Those patients with metastases to the sentinel node underwent axillary lymphadenectomy. In the group of 183 patients that underwent SNB, 10 patients (5.5%) showed metastases to the sentinel lymph node. Histopathological studies of the primary lesions of these 10 patients revealed invasive ductal carcinoma in 6 cases (3.5%) and 1 case (0.5%) of invasive lobular carcinoma. Only 3 of the patients (1.5%) were given a final diagnosis of DCIS with metastases to sentinel lymph nodes, of which 2 cases were DCIS and 1 case was DCIS with microinvasion. Axillary lymphadenectomy performed on patients with abnormal SNB showed involvement of other axillary lymph nodes in 4 patients. SNB as a diagnostic tool in DCIS remains controversial as the number of cases of axillary lymph node metastases is minuscule. The biggest clinical challenge in this situation is a group of patients with primary diagnosis of DCIS in which invasive components are seen by mammotomic biopsy.\n","denotations":[{"id":"T1","span":{"begin":0,"end":75},"obj":"Background"},{"id":"T2","span":{"begin":76,"end":367},"obj":"Background"},{"id":"T3","span":{"begin":368,"end":525},"obj":"Purpose"},{"id":"T4","span":{"begin":526,"end":619},"obj":"Method"},{"id":"T5","span":{"begin":620,"end":698},"obj":"Method"},{"id":"T6","span":{"begin":699,"end":786},"obj":"Result"},{"id":"T7","span":{"begin":787,"end":900},"obj":"Result"},{"id":"T8","span":{"begin":901,"end":1072},"obj":"Result"},{"id":"T9","span":{"begin":1073,"end":1247},"obj":"Result"},{"id":"T10","span":{"begin":1248,"end":1376},"obj":"Result"},{"id":"T11","span":{"begin":1377,"end":1502},"obj":"Result"},{"id":"T12","span":{"begin":1503,"end":1665},"obj":"Conclusion"}],"relations":[]}