{"text":"Human MLH1 protein participates in genomic damage checkpoint signaling in response to DNA interstrand crosslinks, while MSH2 functions in DNA repair.\nDNA interstrand crosslinks (ICLs) are among the most toxic types of damage to a cell. For this reason, many ICL-inducing agents are effective therapeutic agents. For example, cisplatin and nitrogen mustards are used for treating cancer and psoralen plus UVA (PUVA) is useful for treating psoriasis. However, repair mechanisms for ICLs in the human genome are not clearly defined. Previously, we have shown that MSH2, the common subunit of the human MutSalpha and MutSbeta mismatch recognition complexes, plays a role in the error-free repair of psoralen ICLs. We hypothesized that MLH1, the common subunit of human MutL complexes, is also involved in the cellular response to psoralen ICLs. Surprisingly, we instead found that MLH1-deficient human cells are more resistant to psoralen ICLs, in contrast to the sensitivity to these lesions displayed by MSH2-deficient cells. Apoptosis was not as efficiently induced by psoralen ICLs in MLH1-deficient cells as in MLH1-proficient cells as determined by caspase-3/7 activity and binding of annexin V. Strikingly, CHK2 phosphorylation was undetectable in MLH1-deficient cells, and phosphorylation of CHK1 was reduced after PUVA treatment, indicating that MLH1 is involved in signaling psoralen ICL-induced checkpoint activation. Psoralen ICLs can result in mutations near the crosslinked sites; however, MLH1 function was not required for the mutagenic repair of these lesions, and so its signaling function appears to have a role in maintaining genomic stability following exposure to ICL-induced DNA damage. Distinguishing the genetic status of MMR-deficient tumors as MSH2-deficient or MLH1-deficient is thus potentially important in predicting the efficacy of treatment with psoralen and perhaps with other ICL-inducing agents.\n","denotations":[{"id":"T1","span":{"begin":0,"end":149},"obj":"Background"},{"id":"T2","span":{"begin":150,"end":235},"obj":"Background"},{"id":"T3","span":{"begin":236,"end":311},"obj":"Background"},{"id":"T4","span":{"begin":312,"end":448},"obj":"Method"},{"id":"T5","span":{"begin":449,"end":529},"obj":"Result"},{"id":"T6","span":{"begin":530,"end":709},"obj":"Result"},{"id":"T7","span":{"begin":710,"end":840},"obj":"Method"},{"id":"T8","span":{"begin":841,"end":1023},"obj":"Result"},{"id":"T9","span":{"begin":1024,"end":1424},"obj":"Result"},{"id":"T10","span":{"begin":1425,"end":1705},"obj":"Result"},{"id":"T11","span":{"begin":1706,"end":1927},"obj":"Conclusion"}],"relations":[]}