{"text":"Genetic analysis for five LRRK2 mutations in a Sardinian parkinsonian population: importance of G2019S and R1441C mutations in sporadic Parkinson's disease patients.\nMutations in the LRRK2 gene are the most common known cause of familial and sporadic Parkinson's disease (PD). Few studies performed to date to assess frequency of these mutations are actually only representative of specific areas. Here we study the frequency and clinical phenotype of LRRK2 G2019S, I2020T and R1441C/G/H mutations in 356 Sardinian patients with idiopathic PD and 208 controls. Seventeen additional subjects, relatives of PD mutated probands, were enrolled. Eight patients were mutated in heterozygosis for LRRK2 gene (2.3%): six carried the G2019S (1.7%) and two the R1441C (0.6%) mutation. Three PD patients G2019S carriers (50%) were detected in two contiguous villages comprising 3921 inhabitants while the other three (50%) were identified in the remaining population of 796,079 inhabitants. Only one mutated proband had a family history of PD. LRRK2 G2019S and R1441C mutations associated with PD were not an uncommon mutation in a Sardinian population, especially in sporadic PD patients. The detection of the G2019S variant in ten unaffected relatives confirms a reduced penetrance of the underlying mutation and might explain its prevalence among patients with sporadic PD. These findings may provide new insights into the importance of studies of frequency of LRKK2 mutations in PD patients originating from small ethnically homogeneous populations.\n","denotations":[{"id":"T1","span":{"begin":0,"end":165},"obj":"Background"},{"id":"T2","span":{"begin":166,"end":276},"obj":"Background"},{"id":"T3","span":{"begin":277,"end":397},"obj":"Result"},{"id":"T4","span":{"begin":398,"end":560},"obj":"Method"},{"id":"T5","span":{"begin":561,"end":640},"obj":"Method"},{"id":"T6","span":{"begin":641,"end":774},"obj":"Result"},{"id":"T7","span":{"begin":775,"end":979},"obj":"Result"},{"id":"T8","span":{"begin":980,"end":1032},"obj":"Result"},{"id":"T9","span":{"begin":1033,"end":1178},"obj":"Result"},{"id":"T10","span":{"begin":1179,"end":1365},"obj":"Result"},{"id":"T11","span":{"begin":1366,"end":1542},"obj":"Conclusion"}],"relations":[]}