{"text":"(Relationship between the changes in ischemia/reperfusion cerebro-microvessel basement membrane injury and gelatinase system in senile rat).\nTo study the relationship of cerebro-microvessel basement membrane injury and gelatinase system after cerebral ischemia/reperfusion (I/R) in aged rats. Cerebral I/R injury model was reproduced by intraluminal silk ligature thrombosis of the middle cerebral artery occlusion (MCAO). Rats were divided randomly into sham control and I/R groups in young rats (ischemia 3 hours (I 3 h) and reperfusion 6 hours (I/R 6 h), 12 hours (I/R 12 h), 24 hours (I/R 24 h), 3 days (I/R 3 d), 6 days (I/R 6 d)), and sham control group and I/R group in aged rats (I 3 h and I/R 6 h, I/R 12 h, I/R 24 h , I/R 3 d, I/R 6 d). The change in cerebro-cortex microvessel basement membrane structure, basement membrane type IV collagen (Col IV) and laminin (LN) contents, matrix metalloproteinases (MMPs) and tissue inhibitor of metalloproteinases (TIMPs) expression in every group were determined with immunohistochemical method and zymogram analysis. With the increase in age, Col IV and LN contents of the microvessel basement membrane were increased, and MMP-2 and MMP-9 expressions were stronger. With prolongation of I/R, the degradation of microvessel basement membrane components (Col IV and LN) was positively correlated with the duration of cerebral I/R. MMP-2 expression was increased gradually, and MMP-9 and TIMP-1 expression increased at the beginning and decreased subsequently. Col IV(I 3 h, I/R 6 h , I/R 12 h), LN (I 3 h, I/R 6-24 h), MMP-2 (I 3 h, I/R 6 h-6 d) and MMP-9 (I 3 h, I/R 6-24 h) expression level in aged rats with I/R injury were higher, and TIMP-1 (I/R 24 h) expression was lower than those in young rats (P less than 0.05 or P less than 0.01). In addition, changes in MMP-2 and MMP-9 contents as determined by zymogram analysis method coincided with their immunoexpression. With the increase of age, alteration in membrane components of cerebro-microvessel basement membrane in rats is related with MMPs and TIMP. Cerebro-microvessel basement membrane injury is more serious in aged rats than that of young rats. Changes in cerebro-microvessel basement membrane injury in aged rats is related with gelatinase system change.\n","denotations":[{"id":"T1","span":{"begin":0,"end":140},"obj":"Background"},{"id":"T2","span":{"begin":141,"end":292},"obj":"Background"},{"id":"T3","span":{"begin":293,"end":422},"obj":"Method"},{"id":"T4","span":{"begin":423,"end":746},"obj":"Method"},{"id":"T5","span":{"begin":747,"end":1068},"obj":"Method"},{"id":"T6","span":{"begin":1069,"end":1217},"obj":"Result"},{"id":"T7","span":{"begin":1218,"end":1380},"obj":"Result"},{"id":"T8","span":{"begin":1381,"end":1509},"obj":"Result"},{"id":"T9","span":{"begin":1510,"end":1792},"obj":"Result"},{"id":"T10","span":{"begin":1793,"end":1922},"obj":"Method"},{"id":"T11","span":{"begin":1923,"end":2062},"obj":"Result"},{"id":"T12","span":{"begin":2063,"end":2161},"obj":"Result"},{"id":"T13","span":{"begin":2162,"end":2272},"obj":"Result"}],"relations":[]}