{"text":"Differential representation of arm movement direction in relation to cortical anatomy and function.\nInformation about arm movement direction in neuronal activity of the cerebral cortex can be used for movement control mediated by a brain-machine interface (BMI). Here we provide a topographic analysis of the information related to arm movement direction that can be extracted from single trials of electrocorticographic (ECoG) signals recorded from the human frontal and parietal cortex based on a precise assignment of ECoG recording channels to the subjects' individual cortical anatomy and function. To this aim, each electrode contact was identified on structural MRI scans acquired while the electrodes were implanted and was thus related to the brain anatomy of each patient. Cortical function was assessed by direct cortical electrical stimulation. We show that activity from the primary motor cortex, in particular from the region showing hand and arm motor responses upon electrical stimulation, carries most directional information. The premotor, posterior parietal and lateral prefrontal cortex contributed gradually less, but still significant information. This gradient was observed for decoding from movement-related potentials, and from spectral amplitude modulations in low frequencies and in the high gamma band. Our findings thus demonstrate a close topographic correlation between cortical functional anatomy and direction-related information in humans that might be used for brain-machine interfacing.\n","denotations":[{"id":"T1","span":{"begin":0,"end":99},"obj":"Background"},{"id":"T2","span":{"begin":100,"end":262},"obj":"Background"},{"id":"T3","span":{"begin":263,"end":603},"obj":"Method"},{"id":"T4","span":{"begin":604,"end":782},"obj":"Method"},{"id":"T5","span":{"begin":783,"end":856},"obj":"Method"},{"id":"T6","span":{"begin":857,"end":1043},"obj":"Result"},{"id":"T7","span":{"begin":1044,"end":1169},"obj":"Result"},{"id":"T8","span":{"begin":1170,"end":1330},"obj":"Result"},{"id":"T9","span":{"begin":1331,"end":1522},"obj":"Conclusion"}],"relations":[]}