{"text":"Protective effect of memantine against Doxorubicin toxicity in primary neuronal cell cultures: influence a development stage.\nOne of the serious unwanted effects of the anthracycline anticancer drug doxorubicin (Dox, adriamycin) is its neurotoxicity, which can be evoked by the activation of extracellular (FAS/CD95/Apo-1) pathway of apoptosis in cells. Since memantine, a clinically used N-methyl-D: -aspartic acid (NMDA) receptor antagonist, shows antiapoptotic action in several models of neuronal cell damage, in this study we evaluated the effect of memantine on the cell death induced by Dox in primary neuronal cell cultures. First, we investigated the effect of different concentrations of Dox (0.1-5 microM) on mouse neocortical, hippocampal, striatal, and cerebellar neurons on 7- and 12-day in vitro (DIV). The 7 DIV neuronal cell cultures were more prone to Dox-induced cell death than 12 DIV cultures. The cerebellar neurons were the most resistant to Dox-induced apoptosis in comparison to neuronal cell cultures derived from the forebrain. Memantine (0.1-2 microM) attenuated the Dox-evoked lactate dehydrogenase release in 7 DIV neuronal cell cultures with no significant effect on 12 DIV cultures. The ameliorating effect of memantine on Dox-mediated cell death was also confirmed by an increase in cell viability measured by 3-(4,5-dimethylthiazol-2-yl)-2,5-diphenyltetrazolium bromide reduction assay. There was no effect of memantine on Dox-induced caspase-8 and -3 activity and Dox-evoked decrease in mitochondrial potential, although attenuation in the number of cells with apoptotic DNA fragmentation was observed. We also showed that the antiapoptotic effect of memantine in our model was NMDA receptor-independent, since two other antagonists of this receptor, MK-801 and AP-5, did not attenuate Dox-induced cell death. Furthermore, memantine did not influence the Dox-evoked increase in cytoplasmic Ca2+ level. The obtained data suggest developmental regulation of both, the Dox-mediated neurotoxicity and efficacy of memantine in alleviating the Dox-induced cell damage in neuronal cell cultures. Moreover, this neuroprotective effect of memantine seems not to be dependent on caspase-3 activity and on the antagonistic action on NMDA receptor.\n","denotations":[{"id":"T1","span":{"begin":0,"end":125},"obj":"Background"},{"id":"T2","span":{"begin":126,"end":353},"obj":"Background"},{"id":"T3","span":{"begin":354,"end":632},"obj":"Method"},{"id":"T4","span":{"begin":633,"end":817},"obj":"Method"},{"id":"T5","span":{"begin":818,"end":914},"obj":"Result"},{"id":"T6","span":{"begin":915,"end":1054},"obj":"Result"},{"id":"T7","span":{"begin":1055,"end":1214},"obj":"Result"},{"id":"T8","span":{"begin":1215,"end":1420},"obj":"Result"},{"id":"T9","span":{"begin":1421,"end":1637},"obj":"Result"},{"id":"T10","span":{"begin":1638,"end":1844},"obj":"Result"},{"id":"T11","span":{"begin":1845,"end":1936},"obj":"Result"},{"id":"T12","span":{"begin":1937,"end":2123},"obj":"Conclusion"},{"id":"T13","span":{"begin":2124,"end":2271},"obj":"Conclusion"}],"relations":[]}