{"text":"Somatic expansion of the Huntington's disease CAG repeat in the brain is associated with an earlier age of disease onset.\nThe age of onset of Huntington's disease (HD) is determined primarily by the length of the HD CAG repeat mutation, but is also influenced by other modifying factors. Delineating these modifiers is a critical step towards developing validated therapeutic targets in HD patients. The HD CAG repeat is somatically unstable, undergoing progressive length increases over time, particularly in brain regions that are the targets of neurodegeneration. Here, we have explored the hypothesis that somatic instability of the HD CAG repeat is itself a modifier of disease. Using small-pool PCR, we quantified somatic instability in the cortex region of the brain from a cohort of HD individuals exhibiting phenotypic extremes of young and old disease onset as predicted by the length of their constitutive HD CAG repeat lengths. After accounting for constitutive repeat length, somatic instability was found to be a significant predictor of onset age, with larger repeat length gains associated with earlier disease onset. These data are consistent with the hypothesis that somatic HD CAG repeat length expansions in target tissues contribute to the HD pathogenic process, and support pursuing factors that modify somatic instability as viable therapeutic targets.\n","denotations":[{"id":"T1","span":{"begin":0,"end":121},"obj":"Background"},{"id":"T2","span":{"begin":122,"end":287},"obj":"Method"},{"id":"T3","span":{"begin":288,"end":399},"obj":"Method"},{"id":"T4","span":{"begin":400,"end":566},"obj":"Result"},{"id":"T5","span":{"begin":567,"end":683},"obj":"Method"},{"id":"T6","span":{"begin":684,"end":939},"obj":"Method"},{"id":"T7","span":{"begin":940,"end":1133},"obj":"Result"},{"id":"T8","span":{"begin":1134,"end":1375},"obj":"Result"}],"relations":[]}