{"text":"An intraductal human-in-mouse transplantation model mimics the subtypes of ductal carcinoma in situ.\nHuman models of noninvasive breast tumors are limited, and the existing in vivo models do not mimic inter- and intratumoral heterogeneity. Ductal carcinoma in situ (DCIS) is the most common type (80%) of noninvasive breast lesions. The aim of this study was to develop an in vivo model whereby the natural progression of human DCIS might be reproduced and studied. To accomplish this goal, the intraductal human-in-mouse (HIM) transplantation model was developed. The resulting models, which mimicked some of the diversity of human noninvasive breast cancers in vivo, were used to show whether subtypes of human DCIS might contain distinct subpopulations of tumor-initiating cells. The intraductal models were established by injection of human DCIS cell lines (MCF10DCIS.COM and SUM-225), as well as cells derived from a primary human DCIS (FSK-H7), directly into the primary mouse mammary ducts via cleaved nipple. Six to eight weeks after injections, whole-mount, hematoxylin and eosin, and immunofluorescence staining were performed to evaluate the type and extent of growth of the DCIS-like lesions. To identify tumor-initiating cells, putative human breast stem/progenitor subpopulations were sorted from MCF10DCIS.COM and SUM-225 with flow cytometry, and their in vivo growth fractions were compared with the Fisher's Exact test. Human DCIS cells initially grew within the mammary ducts, followed by progression to invasion in some cases into the stroma. The lesions were histologically almost identical to those of clinical human DCIS. This method was successful for growing DCIS cell lines (MCF10DCIS.COM and SUM-225) as well as a primary human DCIS (FSK-H7). MCF10DCIS.COM represented a basal-like DCIS model, whereas SUM-225 and FSK-H7 cells were models for HER-2+ DCIS. With this approach, we showed that various subtypes of human DCIS appeared to contain distinct subpopulations of tumor-initiating cells. The intraductal HIM transplantation model provides an invaluable tool that mimics human breast heterogeneity at the noninvasive stages and allows the study of the distinct molecular and cellular mechanisms of breast cancer progression.\n","denotations":[{"id":"T1","span":{"begin":0,"end":100},"obj":"Background"},{"id":"T2","span":{"begin":101,"end":239},"obj":"Method"},{"id":"T3","span":{"begin":240,"end":332},"obj":"Result"},{"id":"T4","span":{"begin":333,"end":465},"obj":"Purpose"},{"id":"T5","span":{"begin":466,"end":564},"obj":"Method"},{"id":"T6","span":{"begin":565,"end":782},"obj":"Method"},{"id":"T7","span":{"begin":783,"end":1016},"obj":"Method"},{"id":"T8","span":{"begin":1017,"end":1204},"obj":"Method"},{"id":"T9","span":{"begin":1205,"end":1436},"obj":"Method"},{"id":"T10","span":{"begin":1437,"end":1561},"obj":"Result"},{"id":"T11","span":{"begin":1562,"end":1643},"obj":"Result"},{"id":"T12","span":{"begin":1644,"end":1768},"obj":"Method"},{"id":"T13","span":{"begin":1769,"end":1881},"obj":"Result"},{"id":"T14","span":{"begin":1882,"end":2018},"obj":"Result"},{"id":"T15","span":{"begin":2019,"end":2254},"obj":"Conclusion"}],"relations":[]}