{"text":"Spatial frequency components influence cell activity in the inferotemporal cortex.\nWe studied the correlation between the spatial frequency of complex stimuli and neuronal activity in the monkey inferotemporal (IT) cortex while performing a task that required visual recognition. Single-cell activity was recorded from the right IT cortex. The frequency components of the images used as stimuli were analyzed by using a fast Fourier transform, and a modulus was obtained for 40 spatial frequency ranges from 0.3 to 11.1 cycles/deg. We recorded 82 cells showing statistically significant responses (analysis of variance, P  less than  0.05) to at least one of the images used as a stimulus. Seventy-eight percent of these cells (n = 64) showed significant responses to at least three images, and in two thirds of them (n = 42), we found a statistically significant correlation (P  less than  0.05) between cell response and the modulus amplitude of at least one frequency range present in the images. Our results suggest that information about spatial frequency of the visual images is present in the IT cortex.\n","denotations":[{"id":"T1","span":{"begin":0,"end":82},"obj":"Background"},{"id":"T2","span":{"begin":83,"end":279},"obj":"Method"},{"id":"T3","span":{"begin":280,"end":339},"obj":"Result"},{"id":"T4","span":{"begin":340,"end":531},"obj":"Method"},{"id":"T5","span":{"begin":532,"end":689},"obj":"Method"},{"id":"T6","span":{"begin":690,"end":999},"obj":"Result"},{"id":"T7","span":{"begin":1000,"end":1110},"obj":"Conclusion"}],"relations":[]}