{"text":"Metabotropic glutamate receptor-mediated cell signaling pathways are altered in a mouse model of Huntington's disease.\nHuntington's disease (HD) is an autosomal-dominant neurodegenerative disorder caused by a polyglutamine expansion in the huntingtin protein (Htt). Group I metabotropic glutamate receptors (mGluRs) are coupled to G(alphaq) and play an important role in neuronal survival. We have previously demonstrated that mGluRs interact with Htt. Here we used striatal neuronal primary cultures and acute striatal slices to demonstrate that mGluR-mediated signaling pathways are altered in a presymptomatic mouse model of HD (Hdh(Q111/Q111)), as compared to those of control mice (Hdh(Q20/Q20)). mGluR1/5-mediated inositol phosphate (InsP) formation is desensitized in striatal slices from Hdh(Q111/Q111) mice and this desensitization is PKC-mediated. Despite of decreased InsP formation, (S)-3,5-dihydroxylphenylglycine (DHPG)-mediated Ca(2+) release is higher in Hdh(Q111/Q111) than in Hdh(Q20/Q20) neurons. Furthermore, mGluR1/5-stimulated AKT and extracellular signal-regulated kinase (ERK) activation is altered in Hdh(Q111/Q111) mice. Basal AKT activation is higher in Hdh(Q111/Q111) neurons and this increase is mGluR5 dependent. Moreover, mGluR5 activation leads to higher levels of ERK activation in Hdh(Q111/Q111) than in Hdh(Q20/Q20) striatum. PKC inhibition not only brings Hdh(Q111/Q111) DHPG-stimulated InsP formation to Hdh(Q20/Q20) levels, but also causes an increase in neuronal cell death in Hdh(Q111/Q111) neurons. However, PKC inhibition does not modify neuronal cell death in Hdh(Q20/Q20) neurons, suggesting that PKC-mediated desensitization of mGluR1/5 in Hdh(Q111/Q111) mice might be protective in HD. Together, these data indicate that group I mGluR-mediated signaling pathways are altered in HD and that these cell signaling adaptations could be important for striatal neurons survival.\n","denotations":[{"id":"T1","span":{"begin":0,"end":118},"obj":"Background"},{"id":"T2","span":{"begin":119,"end":265},"obj":"Background"},{"id":"T3","span":{"begin":266,"end":389},"obj":"Method"},{"id":"T4","span":{"begin":390,"end":452},"obj":"Result"},{"id":"T5","span":{"begin":453,"end":701},"obj":"Method"},{"id":"T6","span":{"begin":702,"end":857},"obj":"Method"},{"id":"T7","span":{"begin":858,"end":1015},"obj":"Result"},{"id":"T8","span":{"begin":1016,"end":1146},"obj":"Result"},{"id":"T9","span":{"begin":1147,"end":1242},"obj":"Result"},{"id":"T10","span":{"begin":1243,"end":1360},"obj":"Result"},{"id":"T11","span":{"begin":1361,"end":1539},"obj":"Result"},{"id":"T12","span":{"begin":1540,"end":1731},"obj":"Result"},{"id":"T13","span":{"begin":1732,"end":1918},"obj":"Conclusion"}],"relations":[]}