{"text":"Cyclooxygenase-2 inhibition for the prophylaxis and treatment of preinvasive breast cancer in a her-2/neu mouse model.\nDuctal carcinoma in situ (DCIS) is the most common form of preinvasive breast cancer. Several molecular alterations have been identified in DCIS. Among them, cyclooxygenase 2 (COX-2) overexpression has been shown in 60% to 80% of DCIS cases. Celecoxib is a nonsteroidal anti-inflammatory drug that selectively inhibits COX-2. In this study, we evaluated whether COX-2 inhibition by celecoxib can reduce the incidence of preinvasive breast cancer and its progression to invasive breast cancer in a mouse model exhibiting a similar phenotype to human solid-pattern DCIS. We have used the mouse model mouse mammary tumor virus (MMTV)-Neu to investigate this possibility. These mice carry a rat Her-2/Neu transgene and are known to develop DCIS-like lesions. Our results showed that celecoxib (500 ppm) given as prophylaxis was neither able to prevent tumor development nor delay tumor appearance compared with untreated mice. Furthermore, when the drug was given early in tumorigenesis, it did not reduce the progression of preinvasive to invasive tumors nor prevent lung metastasis. Reduction of prostaglandin levels was, however, achieved in mammary tumors of treated mice. In addition, celecoxib treatment caused an increase in apoptosis and decreased vascular endothelial growth factor expression in treated animals. Our results contrast with some previously published studies and highlight the complexity of the relationship between COX-2 and breast cancer.\n","denotations":[{"id":"T1","span":{"begin":0,"end":118},"obj":"Background"},{"id":"T2","span":{"begin":119,"end":204},"obj":"Background"},{"id":"T3","span":{"begin":205,"end":264},"obj":"Background"},{"id":"T4","span":{"begin":265,"end":360},"obj":"Result"},{"id":"T5","span":{"begin":361,"end":444},"obj":"Result"},{"id":"T6","span":{"begin":445,"end":687},"obj":"Result"},{"id":"T7","span":{"begin":688,"end":786},"obj":"Method"},{"id":"T8","span":{"begin":787,"end":873},"obj":"Result"},{"id":"T9","span":{"begin":874,"end":1041},"obj":"Result"},{"id":"T10","span":{"begin":1042,"end":1199},"obj":"Result"},{"id":"T11","span":{"begin":1200,"end":1291},"obj":"Method"},{"id":"T12","span":{"begin":1292,"end":1436},"obj":"Result"},{"id":"T13","span":{"begin":1437,"end":1578},"obj":"Conclusion"}],"relations":[]}