{"text":"The use of organotypic hippocampal slice cultures to evaluate protection by non-competitive NMDA receptor antagonists against excitotoxicity.\nThere is great interest in testing neuroprotectants which inhibit the neurodegeneration that results from excessive activation of N-methyl-D-aspartate (NMDA) receptors. As an alternative to in vivo testing in animal models, we demonstrate here the use of a complex in vitro model to compare the efficacy and toxicity of NMDA receptor inhibitors. Organotypic hippocampal slice cultures were used to compare the effectiveness of the Alzheimer's disease drug, memantine, the Parkinson's disease drug, procyclidine, and the novel neuroprotectant, gacyclidine (GK11), against NMDA-induced toxicity. All three drugs are non-competitive NMDA receptor open-channel blockers that inhibit excitotoxic injury, and their neuroprotective capacities have been extensively investigated in vivo in animal models. They have also been evaluated as potential countermeasure agents against organophosphate poisoning. Quantitative densitometric image analysis of propidium iodide uptake in hippocampal regions CA1, CA3 and DG, showed that, after exposure to 10microM NMDA for 24 hours, GK11 was the most potent of the three drugs, with an IC50 of about 50nM and complete protection at 250nM. When applied at high doses, GK11 was still the more potent neuroprotectant, and also the least cytotoxic. These findings are consistent with those from in vivo tests in rodents. We conclude that the slice culture model provides valuable pre-clinical data, and that applying the model to the screening of neuroprotectants might significantly limit the use of in vivo tests in animals.\n","denotations":[{"id":"T1","span":{"begin":0,"end":141},"obj":"Background"},{"id":"T2","span":{"begin":142,"end":310},"obj":"Background"},{"id":"T3","span":{"begin":311,"end":487},"obj":"Method"},{"id":"T4","span":{"begin":488,"end":735},"obj":"Method"},{"id":"T5","span":{"begin":736,"end":938},"obj":"Method"},{"id":"T6","span":{"begin":939,"end":1038},"obj":"Method"},{"id":"T7","span":{"begin":1039,"end":1312},"obj":"Result"},{"id":"T8","span":{"begin":1313,"end":1418},"obj":"Result"},{"id":"T9","span":{"begin":1419,"end":1490},"obj":"Conclusion"},{"id":"T10","span":{"begin":1491,"end":1696},"obj":"Conclusion"}],"relations":[]}