{"text":"The effects of Tanshinone IIA on blood-brain barrier and brain edema after transient middle cerebral artery occlusion in rats.\nDisruption of blood-brain barrier (BBB) and edema formation play a key role in the development of neurological dysfunction after cerebral ischemia. In this study, the effects of Tanshinone IIA (Tan IIA), one of the active ingredients of Salvia miltiorrhiza root, on the BBB and brain edema after transient middle cerebral artery occlusion in rats were examined. Our study demonstrated that Tan IIA reduced brain infarct area, water content in the ischemic hemisphere. Furthermore, Tan IIA significantly decreased BBB permeability to Evans blue, suppressed the expression of intercellular adhesion molecule-1 (ICAM-1), matrix metalloproteinase-9 (MMP-9), inhibited the degradation of tight junction proteins zonula occludens-1 (ZO-1) and Occludin. These results demonstrated that Tan IIA was effective for attenuating the extent of brain edema formation in response to ischemia injury in rats, partly by Tan IIA's protective effect on the BBB. Our results may have implications in the treatment of brain edema in cerebral ischemia.\n","denotations":[{"id":"T1","span":{"begin":0,"end":126},"obj":"Background"},{"id":"T2","span":{"begin":127,"end":274},"obj":"Background"},{"id":"T3","span":{"begin":275,"end":488},"obj":"Method"},{"id":"T4","span":{"begin":489,"end":594},"obj":"Result"},{"id":"T5","span":{"begin":595,"end":873},"obj":"Result"},{"id":"T6","span":{"begin":874,"end":1069},"obj":"Result"},{"id":"T7","span":{"begin":1070,"end":1157},"obj":"Conclusion"}],"relations":[]}