{"text":"Progesterone and allopregnanolone attenuate blood-brain barrier dysfunction following permanent focal ischemia by regulating the expression of matrix metalloproteinases.\nBlood-brain barrier (BBB) breakdown after stroke is linked to the up-regulation of metalloproteinases (MMPs) and inflammation. This study examines the effects of progesterone (PROG) and its neuroactive metabolite allopregnanolone (ALLO) on BBB integrity following permanent middle cerebral artery occlusion (pMCAO). Rats underwent pMCAO by electro-coagulation and received intraperitoneal injections of PROG (8 mg/kg), ALLO (8 mg/kg) or vehicle at 1 h post-occlusion and then subcutaneous injections (8 mg/kg) at 6, 24, and 48 h. MMP activation and expression were analyzed by Western blot, immunohistochemistry and gelatin zymography 72 h post-pMCAO. Occludin1, claudin5, tumor necrosis factor-alpha (TNF-α) and Interleukin-6 (IL-6) were analyzed at 72 h post-pMCAO with Western blots. BBB permeability was measured by Evans blue extravasation and infarct size was evaluated by cresyl violet at 72 h after pMCAO. Ischemic injury significantly (p less than 0.05) increased the expression of MMP-9, MMP-2, TNF-α and IL-6, and reduced the levels of occludin1 and claudin5. These changes were followed by increased infarct size (% contralateral hemisphere) and Evans blue extravasation into the brain indicating compromise of the BBB. PROG and ALLO attenuated BBB disruption and infarct size following pMCAO by reducing MMPs and the inflammatory response and by preventing the degradation of occludin1 and claudin5. We conclude that PROG and ALLO can help to protect BBB disruption following pMCAO.\n","denotations":[{"id":"T1","span":{"begin":0,"end":169},"obj":"Background"},{"id":"T2","span":{"begin":170,"end":296},"obj":"Result"},{"id":"T3","span":{"begin":297,"end":485},"obj":"Purpose"},{"id":"T4","span":{"begin":486,"end":699},"obj":"Result"},{"id":"T5","span":{"begin":700,"end":821},"obj":"Method"},{"id":"T6","span":{"begin":822,"end":956},"obj":"Method"},{"id":"T7","span":{"begin":957,"end":1083},"obj":"Method"},{"id":"T8","span":{"begin":1084,"end":1240},"obj":"Result"},{"id":"T9","span":{"begin":1241,"end":1401},"obj":"Result"},{"id":"T10","span":{"begin":1402,"end":1582},"obj":"Result"},{"id":"T11","span":{"begin":1583,"end":1665},"obj":"Conclusion"}],"relations":[]}