{"text":"Evoked potentials in motor cortical local field potentials reflect task timing and behavioral performance.\nEvoked potentials (EPs) are observed in motor cortical local field potentials (LFPs) during movement execution (movement-related potentials (MRPs)) and in response to relevant visual cues (visual evoked potentials (VEPs)). Motor cortical EPs may be directionally selective, but little is known concerning their relation to other aspects of motor behavior, such as task timing and performance. We recorded LFPs in motor cortex of two monkeys during performance of a precued arm-reaching task. A time cue at the start of each trial signaled delay duration and thereby the pace of the task and the available time for movement preparation. VEPs and MRPs were strongly modulated by the delay duration, VEPs being systematically larger in short-delay trials and MRPs larger in long-delay trials. Despite these systematic modulations related to the task timing, directional selectivity was similar in short and long trials. The behavioral reaction time was positively correlated with MRP size and negatively correlated with VEP size, within sessions. In addition, the behavioral performance improved across sessions, in parallel with a slow decrease in the size of VEPs and MRPs. Our results clearly show the strong influence of the behavioral context and performance on motor cortical population activity during movement preparation and execution.\n","denotations":[{"id":"T1","span":{"begin":0,"end":106},"obj":"Background"},{"id":"T2","span":{"begin":107,"end":329},"obj":"Method"},{"id":"T3","span":{"begin":330,"end":499},"obj":"Conclusion"},{"id":"T4","span":{"begin":500,"end":598},"obj":"Method"},{"id":"T5","span":{"begin":599,"end":742},"obj":"Method"},{"id":"T6","span":{"begin":743,"end":896},"obj":"Result"},{"id":"T7","span":{"begin":897,"end":1023},"obj":"Result"},{"id":"T8","span":{"begin":1024,"end":1150},"obj":"Result"},{"id":"T9","span":{"begin":1151,"end":1279},"obj":"Result"},{"id":"T10","span":{"begin":1280,"end":1448},"obj":"Result"}],"relations":[]}