{"text":"Amyloid beta-protein dimers rapidly form stable synaptotoxic protofibrils.\nNonfibrillar, water-soluble low-molecular weight assemblies of the amyloid β-protein (Aβ) are believed to play an important role in Alzheimer's disease (AD). Aqueous extracts of human brain contain Aβ assemblies that migrate on SDS-polyacrylamide gels and elute from size exclusion as dimers (∼8 kDa) and can block long-term potentiation and impair memory consolidation in the rat. Such species are detected specifically and sensitively in extracts of Alzheimer brain suggesting that SDS-stable dimers may be the basic building blocks of AD-associated synaptotoxic assemblies. Consequently, understanding the structure and properties of Aβ dimers is of great interest. In the absence of sufficient brain-derived dimer to facilitate biophysical analysis, we generated synthetic dimers designed to mimic the natural species. For this, Aβ(1-40) containing cysteine in place of serine 26 was used to produce disulphide cross-linked dimer, (AβS26C)2. Such dimers had no detectable secondary structure, produced an analytical ultracentrifugation profile consistent for an ∼8.6 kDa protein, and had no effect on hippocampal long-term potentiation (LTP). However, (AβS26C)2 aggregated more rapidly than either AβS26C or wild-type monomers and formed parastable β-sheet rich, thioflavin T-positive, protofibril-like assemblies. Whereas wild-type Aβ aggregated to form typical amyloid fibrils, the protofibril-like structures formed by (AβS26C)2 persisted for prolonged periods and potently inhibited LTP in mouse hippocampus. These data support the idea that Aβ dimers may stabilize the formation of fibril intermediates by a process distinct from that available to Aβ monomer and that higher molecular weight prefibrillar assemblies are the proximate mediators of Aβ toxicity.\n","denotations":[{"id":"T1","span":{"begin":0,"end":74},"obj":"Background"},{"id":"T2","span":{"begin":75,"end":232},"obj":"Method"},{"id":"T3","span":{"begin":233,"end":456},"obj":"Method"},{"id":"T4","span":{"begin":457,"end":651},"obj":"Method"},{"id":"T5","span":{"begin":652,"end":743},"obj":"Result"},{"id":"T6","span":{"begin":744,"end":897},"obj":"Method"},{"id":"T7","span":{"begin":898,"end":1020},"obj":"Method"},{"id":"T8","span":{"begin":1021,"end":1221},"obj":"Result"},{"id":"T9","span":{"begin":1222,"end":1393},"obj":"Method"},{"id":"T10","span":{"begin":1394,"end":1591},"obj":"Result"},{"id":"T11","span":{"begin":1592,"end":1843},"obj":"Result"}],"relations":[]}