{"text":"Supplementary motor area exerts proactive and reactive control of arm movements.\nAdaptive behavior requires the ability to flexibly control actions. This can occur either proactively to anticipate task requirements, or reactively in response to sudden changes. Here we report neuronal activity in the supplementary motor area (SMA) that is correlated with both forms of behavioral control. Single-unit and multiunit activity and intracranial local field potentials (LFPs) were recorded in macaque monkeys during a stop-signal task, which elicits both proactive and reactive behavioral control. The LFP power in high- (60-150 Hz) and low- (25-40 Hz) frequency bands was significantly correlated with arm movement reaction time, starting before target onset. Multiunit and single-unit activity also showed a significant regression with reaction time. In addition, LFPs and multiunit and single-unit activity changed their activity level depending on the trial history, mirroring adjustments on the behavioral level. Together, these findings indicate that neuronal activity in the SMA exerts proactive control of arm movements by adjusting the level of motor readiness. On trials when the monkeys successfully canceled arm movements in response to an unforeseen stop signal, the LFP power, particularly in a low (10-50 Hz) frequency range, increased early enough to be causally related to the inhibition of the arm movement on those trials. This indicated that neuronal activity in the SMA is also involved in response inhibition in reaction to sudden task changes. Our findings indicate, therefore, that SMA plays a role in the proactive control of motor readiness and the reactive inhibition of unwanted movements.\n","denotations":[{"id":"T1","span":{"begin":0,"end":80},"obj":"Background"},{"id":"T2","span":{"begin":81,"end":148},"obj":"Background"},{"id":"T3","span":{"begin":149,"end":260},"obj":"Result"},{"id":"T4","span":{"begin":261,"end":389},"obj":"Method"},{"id":"T5","span":{"begin":390,"end":593},"obj":"Method"},{"id":"T6","span":{"begin":594,"end":756},"obj":"Result"},{"id":"T7","span":{"begin":757,"end":848},"obj":"Result"},{"id":"T8","span":{"begin":849,"end":1013},"obj":"Result"},{"id":"T9","span":{"begin":1014,"end":1166},"obj":"Conclusion"},{"id":"T10","span":{"begin":1167,"end":1437},"obj":"Result"},{"id":"T11","span":{"begin":1438,"end":1562},"obj":"Result"},{"id":"T12","span":{"begin":1563,"end":1713},"obj":"Conclusion"}],"relations":[]}