{"text":"Continuous and periodic expansion of CAG repeats in Huntington's disease R6/1 mice.\nHuntington's disease (HD) is one of several neurodegenerative disorders caused by expansion of CAG repeats in a coding gene. Somatic CAG expansion rates in HD vary between organs, and the greatest instability is observed in the brain, correlating with neuropathology. The fundamental mechanisms of somatic CAG repeat instability are poorly understood, but locally formed secondary DNA structures generated during replication and/or repair are believed to underlie triplet repeat expansion. Recent studies in HD mice have demonstrated that mismatch repair (MMR) and base excision repair (BER) proteins are expansion inducing components in brain tissues. This study was designed to simultaneously investigate the rates and modes of expansion in different tissues of HD R6/1 mice in order to further understand the expansion mechanisms in vivo. We demonstrate continuous small expansions in most somatic tissues (exemplified by tail), which bear the signature of many short, probably single-repeat expansions and contractions occurring over time. In contrast, striatum and cortex display a dramatic--and apparently irreversible--periodic expansion. Expansion profiles displaying this kind of periodicity in the expansion process have not previously been reported. These in vivo findings imply that mechanistically distinct expansion processes occur in different tissues.\n","denotations":[{"id":"T1","span":{"begin":0,"end":83},"obj":"Background"},{"id":"T2","span":{"begin":84,"end":208},"obj":"Background"},{"id":"T3","span":{"begin":209,"end":351},"obj":"Result"},{"id":"T4","span":{"begin":352,"end":573},"obj":"Method"},{"id":"T5","span":{"begin":574,"end":736},"obj":"Result"},{"id":"T6","span":{"begin":737,"end":925},"obj":"Method"},{"id":"T7","span":{"begin":926,"end":1127},"obj":"Result"},{"id":"T8","span":{"begin":1128,"end":1229},"obj":"Result"},{"id":"T9","span":{"begin":1230,"end":1344},"obj":"Conclusion"},{"id":"T10","span":{"begin":1345,"end":1451},"obj":"Conclusion"}],"relations":[]}