{"text":"Differential effects of the Huntington's disease CAG mutation in striatum and cerebellum are quantitative not qualitative.\nHuntington's disease (HD) involves marked early neurodegeneration in the striatum, whereas the cerebellum is relatively spared despite the ubiquitous expression of full-length mutant huntingtin, implying that inherent tissue-specific differences determine susceptibility to the HD CAG mutation. To understand this tissue specificity, we compared early mutant huntingtin-induced gene expression changes in striatum to those in cerebellum in young Hdh CAG knock-in mice, prior to onset of evident pathological alterations. Endogenous levels of full-length mutant huntingtin caused qualitatively similar, but quantitatively different gene expression changes in the two brain regions. Importantly, the quantitatively different responses in the striatum and cerebellum in mutant mice were well accounted for by the intrinsic molecular differences in gene expression between the striatum and cerebellum in wild-type animals. Tissue-specific gene expression changes in response to the HD mutation, therefore, appear to reflect the different inherent capacities of these tissues to buffer qualitatively similar effects of mutant huntingtin. These findings highlight a role for intrinsic quantitative tissue differences in contributing to HD pathogenesis, and likely to other neurodegenerative disorders exhibiting tissue-specificity, thereby guiding the search for effective therapeutic interventions.\n","denotations":[{"id":"T1","span":{"begin":0,"end":122},"obj":"Background"},{"id":"T2","span":{"begin":123,"end":417},"obj":"Background"},{"id":"T3","span":{"begin":418,"end":643},"obj":"Result"},{"id":"T4","span":{"begin":644,"end":803},"obj":"Result"},{"id":"T5","span":{"begin":804,"end":1041},"obj":"Result"},{"id":"T6","span":{"begin":1042,"end":1255},"obj":"Result"},{"id":"T7","span":{"begin":1256,"end":1516},"obj":"Conclusion"}],"relations":[]}