{"text":"Transcriptional responses to loss or gain of function of the leucine-rich repeat kinase 2 (LRRK2) gene uncover biological processes modulated by LRRK2 activity.\nMutations in the leucine-rich repeat kinase 2 gene (LRRK2) are the most common genetic cause of Parkinson's disease (PD) and cause both autosomal dominant familial and sporadic PD. Currently, the physiological and pathogenic activities of LRRK2 are poorly understood. To decipher the biological functions of LRRK2, including the genes and pathways modulated by LRRK2 kinase activity in vivo, we assayed genome-wide mRNA expression in the brain and peripheral tissues from LRRK2 knockout (KO) and kinase hyperactive G2019S (G2019S) transgenic mice. Subtle but significant differences in mRNA expression were observed relative to wild-type (WT) controls in the cortex, striatum and kidney of KO animals, but only in the striatum in the G2019S model. In contrast, robust, consistent and highly significant differences were identified by the direct comparison of KO and G2019S profiles in the cortex, striatum, kidney and muscle, indicating opposite effects on mRNA expression by the two models relative to WT. Ribosomal and glycolytic biological functions were consistently and significantly up-regulated in LRRK2 G2019S compared with LRRK2 KO tissues. Genes involved in membrane-bound organelles, oxidative phosphorylation, mRNA processing and the endoplasmic reticulum were down-regulated in LRRK2 G2019S mice compared with KO. We confirmed the expression patterns of 35 LRRK2-regulated genes using quantitative reverse transcription polymerase chain reaction. These findings provide the first description of the transcriptional responses to genetically modified LRRK2 activity and provide preclinical target engagement and/or pharmacodynamic biomarker strategies for LRRK2 and may inform future therapeutic strategies for LRRK2-associated PD.\n","denotations":[{"id":"T1","span":{"begin":0,"end":160},"obj":"Background"},{"id":"T2","span":{"begin":161,"end":341},"obj":"Background"},{"id":"T3","span":{"begin":342,"end":428},"obj":"Result"},{"id":"T4","span":{"begin":429,"end":708},"obj":"Method"},{"id":"T5","span":{"begin":709,"end":908},"obj":"Result"},{"id":"T6","span":{"begin":909,"end":1310},"obj":"Result"},{"id":"T7","span":{"begin":1311,"end":1487},"obj":"Result"},{"id":"T8","span":{"begin":1488,"end":1620},"obj":"Method"},{"id":"T9","span":{"begin":1621,"end":1903},"obj":"Conclusion"}],"relations":[]}