{"text":"LRRK2 regulates mitochondrial dynamics and function through direct interaction with DLP1.\nThe leucine-rich repeat kinase 2 (LRRK2) mutations are the most common cause of autosomal-dominant Parkinson disease (PD). Mitochondrial dysfunction represents a critical event in the pathogenesis of PD. We demonstrated that wild-type (WT) LRRK2 expression caused mitochondrial fragmentation along with increased mitochondrial dynamin-like protein (DLP1, also known as DRP1), a fission protein, which was further exacerbated by expression of PD-associated mutants (R1441C or G2019S) in both SH-SY5Y and differentiated primary cortical neurons. We also found that LRRK2 interacted with DLP1, and LRRK2-DLP1 interaction was enhanced by PD-associated mutations that probably results in increased mitochondrial DLP1 levels. Co-expression of dominant-negative DLP1 K38A or WT Mfn2 blocked LRRK2-induced mitochondrial fragmentation, mitochondrial dysfunction and neuronal toxicity. Importantly, mitochondrial fragmentation and dysfunction were not observed in cells expressing either GTP-binding deficient mutant LRRK2 K1347A or kinase-dead mutant D1994A which has minimal interaction with DLP1 and did not increase the mitochondrial DLP1 level. We concluded that LRRK2 regulates mitochondrial dynamics by increasing mitochondrial DLP1 through its direct interaction with DLP1, and LRRK2 kinase activity plays a critical role in this process.\n","denotations":[{"id":"T1","span":{"begin":0,"end":89},"obj":"Background"},{"id":"T2","span":{"begin":90,"end":212},"obj":"Background"},{"id":"T3","span":{"begin":213,"end":293},"obj":"Background"},{"id":"T4","span":{"begin":294,"end":633},"obj":"Result"},{"id":"T5","span":{"begin":634,"end":809},"obj":"Result"},{"id":"T6","span":{"begin":810,"end":965},"obj":"Result"},{"id":"T7","span":{"begin":966,"end":1229},"obj":"Result"},{"id":"T8","span":{"begin":1230,"end":1426},"obj":"Result"}],"relations":[]}