{"text":"Silencing of HSulf-2 expression in MCF10DCIS.com cells attenuate ductal carcinoma in situ progression to invasive ductal carcinoma in vivo.\nDuctal carcinoma in situ (DCIS) of the breast is a heterogeneous group of proliferative cellular lesions that have the potential to become invasive. Very little is known about the molecular alterations involved in the progression from DCIS to invasive ductal carcinoma (IDC). Heparan endosulfatase (HSulf-2) edits sulfate moieties on heparan sulfate proteoglycans (HSPGs) and has been implicated in modulating heparin binding growth factor signaling, angiogenesis and tumorigenesis. However, the role of HSulf-2 in breast cancer progression is poorly understood. MCF10DCIS.com cells (referred as MCF10DCIS) express HSulf-2 and form comedo type DCIS and progress to IDC when transplanted in immune-deficient mice and, therefore, is an ideal model to study breast cancer progression. We evaluated the role of HSulf-2 in progression from DCIS to IDC using mouse fat pad mammary xenografts. Non-target control (NTC) and HSulf-2 knockdown in MCF10DCIS breast cancer cells were achieved by NTC shRNA and two different lentiviral shRNA against HSulf-2 respectively. Xenografts were established by injecting NTC and HSulf-2 deficient MCF10DCIS cells in mouse mammary fat pads. Xenografts were subjected to HandE staining for morphological analysis, TUNEL and Propidium iodide staining (to determine the extent of apoptosis), Western blot analysis and zymography. Using a mouse mammary fat pad derived xenograft model, we observed that compared to control treated xenografts, down-regulation of HSulf-2 was associated with significant delays in growth at Week 7 (P-value  less than  0.05). Histological examination of the tumors demonstrated substantial differences in comedo necrosis, with marked luminal apoptosis and up-regulation of apoptotic markers Bim, cleaved PARP and cleaved caspase 3 in HSulf-2 depleted xenografts. Furthermore, HSulf-2 depleted xenografts retained the basement membrane integrity with decreased activity and expression of matrix metalloproteinase 9 (MMP-9), an enzyme critical for degradation of extracellular matrix compared to nontargeted control. Our data suggest that HSulf-2 expression may be critical for human breast cancer progression. Down-regulation of HSulf-2 leads to retention of comedo type DCIS and delays the progression of DCIS to IDC. Further studies are necessary to determine if therapeutic targeting of HSulf-2 expression might delay the progression of DCIS to IDC.\n","denotations":[{"id":"T1","span":{"begin":0,"end":48},"obj":"Background"},{"id":"T2","span":{"begin":49,"end":139},"obj":"Background"},{"id":"T3","span":{"begin":140,"end":288},"obj":"Result"},{"id":"T4","span":{"begin":289,"end":415},"obj":"Method"},{"id":"T5","span":{"begin":416,"end":622},"obj":"Background"},{"id":"T6","span":{"begin":623,"end":702},"obj":"Result"},{"id":"T7","span":{"begin":35,"end":48},"obj":"Result"},{"id":"T8","span":{"begin":717,"end":921},"obj":"Result"},{"id":"T9","span":{"begin":922,"end":1026},"obj":"Method"},{"id":"T10","span":{"begin":1027,"end":1198},"obj":"Method"},{"id":"T11","span":{"begin":1199,"end":1308},"obj":"Method"},{"id":"T12","span":{"begin":1309,"end":1494},"obj":"Method"},{"id":"T13","span":{"begin":1495,"end":1720},"obj":"Method"},{"id":"T14","span":{"begin":1721,"end":1957},"obj":"Result"},{"id":"T15","span":{"begin":1958,"end":2209},"obj":"Result"},{"id":"T16","span":{"begin":2210,"end":2303},"obj":"Result"},{"id":"T17","span":{"begin":2304,"end":2412},"obj":"Result"},{"id":"T18","span":{"begin":2413,"end":2546},"obj":"Method"}],"relations":[]}