{"text":"The LRRK2 G2019S mutant exacerbates basal autophagy through activation of the MEK/ERK pathway.\nMutations in leucine-rich repeat kinase 2 (LRRK2) are a major cause of familial Parkinsonism, and the G2019S mutation of LRRK2 is one of the most prevalent mutations. The deregulation of autophagic processes in nerve cells is thought to be a possible cause of Parkinson's disease (PD). In this study, we observed that G2019S mutant fibroblasts exhibited higher autophagic activity levels than control fibroblasts. Elevated levels of autophagic activity can trigger cell death, and in our study, G2019S mutant cells exhibited increased apoptosis hallmarks compared to control cells. LRRK2 is able to induce the phosphorylation of MAPK/ERK kinases (MEK). The use of 1,4-diamino-2,3-dicyano-1,4-bis(2-aminophenylthio)butadiene (U0126), a highly selective inhibitor of MEK1/2, reduced the enhanced autophagy and sensibility observed in G2019S LRRK2 mutation cells. These data suggest that the G2019S mutation induces autophagy via MEK/ERK pathway and that the inhibition of this exacerbated autophagy reduces the sensitivity observed in G2019S mutant cells.\n","denotations":[{"id":"T1","span":{"begin":0,"end":94},"obj":"Background"},{"id":"T2","span":{"begin":95,"end":261},"obj":"Background"},{"id":"T3","span":{"begin":262,"end":380},"obj":"Method"},{"id":"T4","span":{"begin":381,"end":508},"obj":"Result"},{"id":"T5","span":{"begin":509,"end":676},"obj":"Result"},{"id":"T6","span":{"begin":677,"end":747},"obj":"Result"},{"id":"T7","span":{"begin":748,"end":955},"obj":"Result"},{"id":"T8","span":{"begin":956,"end":1148},"obj":"Result"}],"relations":[]}