{"text":"Possible involvement of the relationship of LRRK2 and autophagy in Parkinson's disease.\nPD (Parkinson's disease) is a neurodegenerative disorder caused by loss of dopamine-generating cells in the substantia nigra. The implication of genetic factors in the aetiology of PD has an essential importance in our understanding of the development of the disease. Mutations in the LRRK2 (leucine-rich repeat kinase 2) gene cause late-onset PD with a clinical appearance indistinguishable from idiopathic PD. Moreover, LRRK2 has been associated with the process of autophagy regulation. Autophagy is an intracellular catabolic mechanism whereby a cell recycles or degrades damaged proteins and cytoplasmic organelles. In the present paper, we discuss the role of LRRK2 in autophagy, and the importance of this relationship in the development of nigral degeneration in PD.\n","denotations":[{"id":"T1","span":{"begin":0,"end":87},"obj":"Background"},{"id":"T2","span":{"begin":88,"end":213},"obj":"Background"},{"id":"T3","span":{"begin":214,"end":355},"obj":"Method"},{"id":"T4","span":{"begin":356,"end":499},"obj":"Method"},{"id":"T5","span":{"begin":500,"end":577},"obj":"Background"},{"id":"T6","span":{"begin":578,"end":708},"obj":"Conclusion"},{"id":"T7","span":{"begin":709,"end":862},"obj":"Method"}],"relations":[]}