{"text":"Progressive degeneration of human neural stem cells caused by pathogenic LRRK2.\nNuclear-architecture defects have been shown to correlate with the manifestation of a number of human diseases as well as ageing. It is therefore plausible that diseases whose manifestations correlate with ageing might be connected to the appearance of nuclear aberrations over time. We decided to evaluate nuclear organization in the context of ageing-associated disorders by focusing on a leucine-rich repeat kinase 2 (LRRK2) dominant mutation (G2019S; glycine-to-serine substitution at amino acid 2019), which is associated with familial and sporadic Parkinson's disease as well as impairment of adult neurogenesis in mice. Here we report on the generation of induced pluripotent stem cells (iPSCs) derived from Parkinson's disease patients and the implications of LRRK2(G2019S) mutation in human neural-stem-cell (NSC) populations. Mutant NSCs showed increased susceptibility to proteasomal stress as well as passage-dependent deficiencies in nuclear-envelope organization, clonal expansion and neuronal differentiation. Disease phenotypes were rescued by targeted correction of the LRRK2(G2019S) mutation with its wild-type counterpart in Parkinson's disease iPSCs and were recapitulated after targeted knock-in of the LRRK2(G2019S) mutation in human embryonic stem cells. Analysis of human brain tissue showed nuclear-envelope impairment in clinically diagnosed Parkinson's disease patients. Together, our results identify the nucleus as a previously unknown cellular organelle in Parkinson's disease pathology and may help to open new avenues for Parkinson's disease diagnoses as well as for the potential development of therapeutics targeting this fundamental cell structure.\n","denotations":[{"id":"T1","span":{"begin":0,"end":79},"obj":"Background"},{"id":"T2","span":{"begin":80,"end":209},"obj":"Background"},{"id":"T3","span":{"begin":210,"end":363},"obj":"Result"},{"id":"T4","span":{"begin":364,"end":706},"obj":"Method"},{"id":"T5","span":{"begin":707,"end":915},"obj":"Method"},{"id":"T6","span":{"begin":916,"end":1104},"obj":"Result"},{"id":"T7","span":{"begin":1105,"end":1357},"obj":"Method"},{"id":"T8","span":{"begin":1358,"end":1477},"obj":"Result"},{"id":"T9","span":{"begin":1478,"end":1763},"obj":"Conclusion"}],"relations":[]}