{"text":"Identification of PADI2 as a potential breast cancer biomarker and therapeutic target.\nWe have recently reported that the expression of peptidylarginine deiminase 2 (PADI2) is regulated by EGF in mammary cancer cells and appears to play a role in the proliferation of normal mammary epithelium; however, the role of PADI2 in the pathogenesis of human breast cancer has yet to be investigated. Thus, the goals of this study were to examine whether PADI2 plays a role in mammary tumor progression, and whether the inhibition of PADI activity has anti-tumor effects. RNA-seq data from a collection of 57 breast cancer cell lines was queried for PADI2 levels, and correlations with known subtype and HER2/ERBB2 status were evaluated. To examine PADI2 expression levels during breast cancer progression, the cell lines from the MCF10AT model were used. The efficacy of the PADI inhibitor, Cl-amidine, was tested in vitro using MCF10DCIS cells grown in 2D-monolayers and 3D-spheroids, and in vivo using MCF10DCIS tumor xenografts. Treated MCF10DCIS cells were examined by flow-cytometry to determine the extent of apoptosis and by RT2 Profiler PCR Cell Cycle Array to detect alterations in cell cycle associated genes. We show by RNA-seq that PADI2 mRNA expression is highly correlated with HER2/ERBB2 (p = 2.2 × 106) in luminal breast cancer cell lines. Using the MCF10AT model of breast cancer progression, we then demonstrate that PADI2 expression increases during the transition of normal mammary epithelium to fully malignant breast carcinomas, with a strong peak of PADI2 expression and activity being observed in the MCF10DCIS cell line, which models human comedo-DCIS lesions. Next, we show that a PADI inhibitor, Cl-amidine, strongly suppresses the growth of MCF10DCIS monolayers and tumor spheroids in culture. We then carried out preclinical studies in nude (nu/nu) mice and found that Cl-amidine also suppressed the growth of xenografted MCF10DCIS tumors by more than 3-fold. Lastly, we performed cell cycle array analysis of Cl-amidine treated and control MCF10DCIS cells, and found that the PADI inhibitor strongly affects the expression of several cell cycle genes implicated in tumor progression, including p21, GADD45α, and Ki67. Together, these results suggest that PADI2 may function as an important new biomarker for HER2/ERBB2+ tumors and that Cl-amidine represents a new candidate for breast cancer therapy.\n","denotations":[{"id":"T1","span":{"begin":0,"end":86},"obj":"Background"},{"id":"T2","span":{"begin":87,"end":392},"obj":"Method"},{"id":"T3","span":{"begin":393,"end":563},"obj":"Purpose"},{"id":"T4","span":{"begin":564,"end":729},"obj":"Method"},{"id":"T5","span":{"begin":730,"end":847},"obj":"Method"},{"id":"T6","span":{"begin":848,"end":1024},"obj":"Method"},{"id":"T7","span":{"begin":1025,"end":1212},"obj":"Method"},{"id":"T8","span":{"begin":1213,"end":1348},"obj":"Result"},{"id":"T9","span":{"begin":1349,"end":1678},"obj":"Method"},{"id":"T10","span":{"begin":1679,"end":1814},"obj":"Result"},{"id":"T11","span":{"begin":1815,"end":1981},"obj":"Method"},{"id":"T12","span":{"begin":1982,"end":2240},"obj":"Result"},{"id":"T13","span":{"begin":2241,"end":2423},"obj":"Conclusion"}],"relations":[]}