{"text":"MicroRNA-205 regulates the expression of Parkinson's disease-related leucine-rich repeat kinase 2 protein.\nRecent genome-wide association studies indicate that a simple alteration of Leucine-rich repeat kinase 2 (LRRK2) gene expression may contribute to the etiology of sporadic Parkinson's disease (PD). However, the expression and regulation of LRRK2 protein in the sporadic PD brains remain to be determined. Here, we found that the expression of LRRK2 protein was enhanced in the sporadic PD patients using the frontal cortex tissue from a set of 16 PD patients and 7 control samples. In contrast, no significant difference was detected in the level of LRRK2 mRNA expression between the control and PD cases, suggesting a potential post-transcriptional modification of the LRRK2 protein expression in the sporadic PD brains. Indeed, it was identified that microRNA-205 (miR-205) suppressed the expression of LRRK2 protein through a conserved-binding site at the 3'-untranslated region (UTR) of LRRK2 gene. Interestingly, miR-205 expression was significantly downregulated in the brains of patients with sporadic PD, showing the enhanced LRRK2 protein levels. Also, in vitro studies in the cell lines and primary neuron cultures further established the role of miR-205 in modulating the expression of LRRK2 protein. In addition, introduction of miR-205 prevented the neurite outgrowth defects in the neurons expressing a PD-related LRRK2 R1441G mutant. Together, these findings suggest that downregulation of miR-205 may contribute to the potential pathogenic elevation of LRRK2 protein in the brains of patients with sporadic PD, while overexpression of miR-205 may provide an applicable therapeutic strategy to suppress the abnormal upregulation of LRRK2 protein in PD.\n","denotations":[{"id":"T1","span":{"begin":0,"end":106},"obj":"Background"},{"id":"T2","span":{"begin":107,"end":304},"obj":"Background"},{"id":"T3","span":{"begin":305,"end":411},"obj":"Result"},{"id":"T4","span":{"begin":412,"end":588},"obj":"Method"},{"id":"T5","span":{"begin":589,"end":828},"obj":"Result"},{"id":"T6","span":{"begin":829,"end":1009},"obj":"Result"},{"id":"T7","span":{"begin":1010,"end":1162},"obj":"Result"},{"id":"T8","span":{"begin":1163,"end":1318},"obj":"Method"},{"id":"T9","span":{"begin":1319,"end":1455},"obj":"Result"},{"id":"T10","span":{"begin":1456,"end":1774},"obj":"Conclusion"}],"relations":[]}