{"text":"Mutant LRRK2 elicits calcium imbalance and depletion of dendritic mitochondria in neurons.\nMutations in the leucine-rich repeat kinase 2 (LRRK2) have been associated with familial and sporadic cases of Parkinson disease. Mutant LRRK2 causes in vitro and in vivo neurite shortening, mediated in part by autophagy, and a parkinsonian phenotype in transgenic mice; however, the underlying mechanisms remain unclear. Because mitochondrial content/function is essential for dendritic morphogenesis and maintenance, we investigated whether mutant LRRK2 affects mitochondrial homeostasis in neurons. Mouse cortical neurons expressing either LRRK2 G2019S or R1441C mutations exhibited autophagic degradation of mitochondria and dendrite shortening. In addition, mutant LRRK2 altered the ability of the neurons to buffer intracellular calcium levels. Either calcium chelators or inhibitors of voltage-gated L-type calcium channels prevented mitochondrial degradation and dendrite shortening. These data suggest that mutant LRRK2 causes a deficit in calcium homeostasis, leading to enhanced mitophagy and dendrite shortening.\n","denotations":[{"id":"T1","span":{"begin":0,"end":90},"obj":"Background"},{"id":"T2","span":{"begin":91,"end":220},"obj":"Background"},{"id":"T3","span":{"begin":221,"end":412},"obj":"Result"},{"id":"T4","span":{"begin":413,"end":592},"obj":"Method"},{"id":"T5","span":{"begin":593,"end":740},"obj":"Result"},{"id":"T6","span":{"begin":741,"end":841},"obj":"Result"},{"id":"T7","span":{"begin":842,"end":982},"obj":"Result"},{"id":"T8","span":{"begin":983,"end":1115},"obj":"Conclusion"}],"relations":[]}