{"text":"Genetic analysis of mlh3 mutations reveals interactions between crossover promoting factors during meiosis in baker's yeast.\nCrossing over between homologous chromosomes occurs during the prophase of meiosis I and is critical for chromosome segregation. In baker's yeast, two heterodimeric complexes, Msh4-Msh5 and Mlh1-Mlh3, act in meiosis to promote interference-dependent crossing over. Mlh1-Mlh3 also plays a role in DNA mismatch repair (MMR) by interacting with Msh2-Msh3 to repair insertion and deletion mutations. Mlh3 contains an ATP-binding domain that is highly conserved among MLH proteins. To explore roles for Mlh3 in meiosis and MMR, we performed a structure-function analysis of eight mlh3 ATPase mutants. In contrast to previous work, our data suggest that ATP hydrolysis by both Mlh1 and Mlh3 is important for both meiotic and MMR functions. In meiotic assays, these mutants showed a roughly linear relationship between spore viability and genetic map distance. To further understand the relationship between crossing over and meiotic viability, we analyzed crossing over on four chromosomes of varying lengths in mlh3Δ mms4Δ strains and observed strong decreases (6- to 17-fold) in crossing over in all intervals. Curiously, mlh3Δ mms4Δ double mutants displayed spore viability levels that were greater than observed in mms4Δ strains that show modest defects in crossing over. The viability in double mutants also appeared greater than would be expected for strains that show such severe defects in crossing over. Together, these observations provide insights for how Mlh1-Mlh3 acts in crossover resolution and MMR and for how chromosome segregation in Meiosis I can occur in the absence of crossing over.\n","denotations":[{"id":"T1","span":{"begin":0,"end":124},"obj":"Background"},{"id":"T2","span":{"begin":125,"end":253},"obj":"Method"},{"id":"T3","span":{"begin":254,"end":389},"obj":"Background"},{"id":"T4","span":{"begin":390,"end":520},"obj":"Result"},{"id":"T5","span":{"begin":521,"end":601},"obj":"Result"},{"id":"T6","span":{"begin":602,"end":720},"obj":"Method"},{"id":"T7","span":{"begin":721,"end":858},"obj":"Result"},{"id":"T8","span":{"begin":859,"end":978},"obj":"Result"},{"id":"T9","span":{"begin":979,"end":1231},"obj":"Method"},{"id":"T10","span":{"begin":1232,"end":1394},"obj":"Result"},{"id":"T11","span":{"begin":1395,"end":1531},"obj":"Result"},{"id":"T12","span":{"begin":1532,"end":1723},"obj":"Conclusion"}],"relations":[]}