{"text":"Attacking breast cancer at the preinvasion stage by targeting autophagy.\nPreinvasive breast carcinoma cells that proliferate and accumulate within the nonvascular, closed intraductal niche are under severe hypoxic and metabolic stress. Understanding the survival mechanisms used by these cells has revealed therapeutic strategies for killing preinvasive neoplasms. We have found that autophagy ('self-eating') is a major survival strategy used by preinvasive carcinoma and breast cancer stem-like cells. Based on this finding, we have opened a clinical trial that is exploring neoadjuvant oral chloroquine antiautophagy therapy for ductal carcinoma in situ. We envision that antiautophagy therapy can be administered in combination with other treatments such as those that elevate intracellular calcium, to create a state of intolerable stress for preinvasive neoplastic cells, and thereby stop breast cancer before it starts.\n","denotations":[{"id":"T1","span":{"begin":0,"end":72},"obj":"Background"},{"id":"T2","span":{"begin":73,"end":235},"obj":"Background"},{"id":"T3","span":{"begin":236,"end":364},"obj":"Method"},{"id":"T4","span":{"begin":365,"end":503},"obj":"Method"},{"id":"T5","span":{"begin":504,"end":657},"obj":"Conclusion"},{"id":"T6","span":{"begin":658,"end":926},"obj":"Conclusion"}],"relations":[]}