{"text":"Mapping the spatio-temporal structure of motor cortical LFP and spiking activities during reach-to-grasp movements.\nGrasping an object involves shaping the hand and fingers in relation to the object's physical properties. Following object contact, it also requires a fine adjustment of grasp forces for secure manipulation. Earlier studies suggest that the control of hand shaping and grasp force involve partially segregated motor cortical networks. However, it is still unclear how information originating from these networks is processed and integrated. We addressed this issue by analyzing massively parallel signals from population measures (local field potentials, LFPs) and single neuron spiking activities recorded simultaneously during a delayed reach-to-grasp task, by using a 100-electrode array chronically implanted in monkey motor cortex. Motor cortical LFPs exhibit a large multi-component movement-related potential (MRP) around movement onset. Here, we show that the peak amplitude of each MRP component and its latency with respect to movement onset vary along the cortical surface covered by the array. Using a comparative mapping approach, we suggest that the spatio-temporal structure of the MRP reflects the complex physical properties of the reach-to-grasp movement. In addition, we explored how the spatio-temporal structure of the MRP relates to two other measures of neuronal activity: the temporal profile of single neuron spiking activity at each electrode site and the somatosensory receptive field properties of single neuron activities. We observe that the spatial representations of LFP and spiking activities overlap extensively and relate to the spatial distribution of proximal and distal representations of the upper limb. Altogether, these data show that, in motor cortex, a precise spatio-temporal pattern of activation is involved for the control of reach-to-grasp movements and provide some new insight about the functional organization of motor cortex during reaching and object manipulation.\n","denotations":[{"id":"T1","span":{"begin":0,"end":115},"obj":"Background"},{"id":"T2","span":{"begin":116,"end":221},"obj":"Background"},{"id":"T3","span":{"begin":222,"end":323},"obj":"Method"},{"id":"T4","span":{"begin":324,"end":450},"obj":"Conclusion"},{"id":"T5","span":{"begin":451,"end":556},"obj":"Result"},{"id":"T6","span":{"begin":557,"end":852},"obj":"Method"},{"id":"T7","span":{"begin":853,"end":960},"obj":"Result"},{"id":"T8","span":{"begin":961,"end":1121},"obj":"Method"},{"id":"T9","span":{"begin":1122,"end":1289},"obj":"Method"},{"id":"T10","span":{"begin":1290,"end":1567},"obj":"Method"},{"id":"T11","span":{"begin":1568,"end":1758},"obj":"Result"},{"id":"T12","span":{"begin":1759,"end":2033},"obj":"Result"}],"relations":[]}