{"text":"Neuroprotective effects of NMDA and group I metabotropic glutamate receptor antagonists against neurodegeneration induced by homocysteine in rat hippocampus: in vivo study.\nHomocysteine (Hcy), a neurotoxic amino acid, is a risk factor for neurodegenerative diseases. Previous in vitro studies have demonstrated that group I metabotropic glutamate receptors along with N-methyl-D-aspartic acid (NMDA) receptors participate in acute and chronic aspects of Hcy-induced neuronal damage. In the present study, we examined whether the same mechanism may be involved in homocysteine neurotoxicity in vivo. Memantine, MPEP, and LY367385 were used as NMDA, mGlu5, and mGlu1 antagonists, respectively. Repeated i.c.v injection of Hcy was performed for three consecutive days. Neuronal loss in different zones of the hippocampus was assessed by Nissl, Fluoro-Jade B, and TUNEL staining. Neuronal degeneration was observed in both types of apoptosis and necrosis. All glutamate receptor antagonists, even when given alone, provided some degree of neuroprotection. The degree of protection was dependent on the area of the hippocampus. While memantine was more potent against Hcy-induced apoptosis, the potency of mGluR antagonists in neuronal protection against apoptosis and necrosis was almost equal. No more protection was observed when all three antagonists were used simultaneously. It seems that Fluoro-Jade could be a useful marker of apoptotic cell death. Taken together, results demonstrate that, in vivo, Hcy neurotoxicity is mediated mainly by the NMDA receptors and group I mGluRs.\n","denotations":[{"id":"T1","span":{"begin":0,"end":172},"obj":"Purpose"},{"id":"T2","span":{"begin":173,"end":266},"obj":"Background"},{"id":"T3","span":{"begin":267,"end":482},"obj":"Result"},{"id":"T4","span":{"begin":483,"end":598},"obj":"Method"},{"id":"T5","span":{"begin":599,"end":691},"obj":"Method"},{"id":"T6","span":{"begin":692,"end":765},"obj":"Method"},{"id":"T7","span":{"begin":766,"end":875},"obj":"Method"},{"id":"T8","span":{"begin":876,"end":951},"obj":"Result"},{"id":"T9","span":{"begin":952,"end":1051},"obj":"Result"},{"id":"T10","span":{"begin":1052,"end":1122},"obj":"Result"},{"id":"T11","span":{"begin":1123,"end":1290},"obj":"Result"},{"id":"T12","span":{"begin":1291,"end":1375},"obj":"Method"},{"id":"T13","span":{"begin":1376,"end":1451},"obj":"Conclusion"},{"id":"T14","span":{"begin":1452,"end":1581},"obj":"Conclusion"}],"relations":[]}