{"text":"LRRK2 affects vesicle trafficking, neurotransmitter extracellular level and membrane receptor localization.\nThe leucine-rich repeat kinase 2 (LRRK2) gene was found to play a role in the pathogenesis of both familial and sporadic Parkinson's disease (PD). LRRK2 encodes a large multi-domain protein that is expressed in different tissues. To date, the physiological and pathological functions of LRRK2 are not clearly defined. In this study we have explored the role of LRRK2 in controlling vesicle trafficking in different cellular or animal models and using various readouts. In neuronal cells, the presence of LRRK2(G2019S) pathological mutant determines increased extracellular dopamine levels either under basal conditions or upon nicotine stimulation. Moreover, mutant LRRK2 affects the levels of dopamine receptor D1 on the membrane surface in neuronal cells or animal models. Ultrastructural analysis of PC12-derived cells expressing mutant LRRK2(G2019S) shows an altered intracellular vesicle distribution. Taken together, our results point to the key role of LRRK2 to control vesicle trafficking in neuronal cells.\n","denotations":[{"id":"T1","span":{"begin":0,"end":107},"obj":"Background"},{"id":"T2","span":{"begin":108,"end":254},"obj":"Method"},{"id":"T3","span":{"begin":255,"end":337},"obj":"Result"},{"id":"T4","span":{"begin":338,"end":425},"obj":"Result"},{"id":"T5","span":{"begin":426,"end":576},"obj":"Method"},{"id":"T6","span":{"begin":577,"end":756},"obj":"Result"},{"id":"T7","span":{"begin":757,"end":882},"obj":"Result"},{"id":"T8","span":{"begin":883,"end":1014},"obj":"Result"},{"id":"T9","span":{"begin":1015,"end":1123},"obj":"Conclusion"}],"relations":[]}