{"text":"Tumor mismatch repair immunohistochemistry and DNA MLH1 methylation testing of patients with endometrial cancer diagnosed at age younger than 60 years optimizes triage for population-level germline mismatch repair gene mutation testing.\nClinicopathologic data from a population-based endometrial cancer cohort, unselected for age or family history, were analyzed to determine the optimal scheme for identification of patients with germline mismatch repair (MMR) gene mutations. Endometrial cancers from 702 patients recruited into the Australian National Endometrial Cancer Study (ANECS) were tested for MMR protein expression using immunohistochemistry (IHC) and for MLH1 gene promoter methylation in MLH1-deficient cases. MMR mutation testing was performed on germline DNA of patients with MMR-protein deficient tumors. Prediction of germline mutation status was compared for combinations of tumor characteristics, age at diagnosis, and various clinical criteria (Amsterdam, Bethesda, Society of Gynecologic Oncology, ANECS). Tumor MMR-protein deficiency was detected in 170 (24%) of 702 cases. Germline testing of 158 MMR-deficient cases identified 22 truncating mutations (3% of all cases) and four unclassified variants. Tumor MLH1 methylation was detected in 99 (89%) of 111 cases demonstrating MLH1/PMS2 IHC loss; all were germline MLH1 mutation negative. A combination of MMR IHC plus MLH1 methylation testing in women younger than 60 years of age at diagnosis provided the highest positive predictive value for the identification of mutation carriers at 46% versus ≤ 41% for any other criteria considered. Population-level identification of patients with MMR mutation-positive endometrial cancer is optimized by stepwise testing for tumor MMR IHC loss in patients younger than 60 years, tumor MLH1 methylation in individuals with MLH1 IHC loss, and germline mutations in patients exhibiting loss of MSH6, MSH2, or PMS2 or loss of MLH1/PMS2 with absence of MLH1 methylation.\n","denotations":[{"id":"T1","span":{"begin":0,"end":236},"obj":"Purpose"},{"id":"T2","span":{"begin":237,"end":477},"obj":"Method"},{"id":"T3","span":{"begin":478,"end":723},"obj":"Method"},{"id":"T4","span":{"begin":724,"end":821},"obj":"Method"},{"id":"T5","span":{"begin":822,"end":1027},"obj":"Method"},{"id":"T6","span":{"begin":1028,"end":1096},"obj":"Result"},{"id":"T7","span":{"begin":1097,"end":1225},"obj":"Result"},{"id":"T8","span":{"begin":1226,"end":1362},"obj":"Result"},{"id":"T9","span":{"begin":1363,"end":1614},"obj":"Result"},{"id":"T10","span":{"begin":1615,"end":1982},"obj":"Result"}],"relations":[]}