{"text":"Novel LRRK2 GTP-binding inhibitors reduced degeneration in Parkinson's disease cell and mouse models.\nMutations in the leucine-rich repeat kinase-2 (LRRK2) gene cause autosomal-dominant Parkinson's disease (PD) and contribute to sporadic PD. LRRK2 contains Guanosine-5'-triphosphate (GTP) binding, GTPase and kinase activities that have been implicated in the neuronal degeneration of PD pathogenesis, making LRRK2, a potential drug target. To date, there is no disease-modifying drug to slow the neuronal degeneration of PD and no published LRRK2 GTP domain inhibitor. Here, the biological functions of two novel GTP-binding inhibitors of LRRK2 were examined in PD cell and mouse models. Through a combination of computer-aided drug design (CADD) and LRRK2 bio-functional screens, two novel compounds, 68: and 70: , were shown to reduce LRRK2 GTP binding and to inhibit LRRK2 kinase activity in vitro and in cultured cell assays. Moreover, these two compounds attenuated neuronal degeneration in human SH-SY5Y neuroblastoma cells and mouse primary neurons expressing mutant LRRK2 variants. Although both compounds inhibited LRRK2 kinase activity and reduced neuronal degeneration, solubility problems with 70: prevented further testing in mice. Thus, only 68: was tested in a LRRK2-based lipopolysaccharide (LPS)-induced pre-inflammatory mouse model. 68: reduced LRRK2 GTP-binding activity and kinase activity in brains of LRRK2 transgenic mice after intraperitoneal injection. Moreover, LPS induced LRRK2 upregulation and microglia activation in mouse brains. These findings suggest that disruption of GTP binding to LRRK2 represents a potential novel therapeutic approach for PD intervention and that these novel GTP-binding inhibitors provide both tools and lead compounds for future drug development.\n","denotations":[{"id":"T1","span":{"begin":0,"end":101},"obj":"Background"},{"id":"T2","span":{"begin":102,"end":241},"obj":"Background"},{"id":"T3","span":{"begin":242,"end":440},"obj":"Background"},{"id":"T4","span":{"begin":441,"end":569},"obj":"Result"},{"id":"T5","span":{"begin":570,"end":688},"obj":"Method"},{"id":"T6","span":{"begin":689,"end":930},"obj":"Result"},{"id":"T7","span":{"begin":931,"end":1090},"obj":"Result"},{"id":"T8","span":{"begin":1091,"end":1245},"obj":"Result"},{"id":"T9","span":{"begin":1246,"end":1351},"obj":"Method"},{"id":"T10","span":{"begin":1352,"end":1478},"obj":"Result"},{"id":"T11","span":{"begin":1479,"end":1561},"obj":"Result"},{"id":"T12","span":{"begin":1562,"end":1805},"obj":"Conclusion"}],"relations":[]}