{"text":"Self-propagative replication of Aβ oligomers suggests potential transmissibility in Alzheimer disease.\nThe aggregation of amyloid-β (Aβ) peptide and its deposition in parts of the brain form the central processes in the etiology of Alzheimer disease (AD). The low-molecular weight oligomers of Aβ aggregates (2 to 30 mers) are known to be the primary neurotoxic agents whose mechanisms of cellular toxicity and synaptic dysfunction have received substantial attention in the recent years. However, how these toxic agents proliferate and induce widespread amyloid deposition throughout the brain, and what mechanism is involved in the amplification and propagation of toxic oligomer species, are far from clear. Emerging evidence based on transgenic mice models indicates a transmissible nature of Aβ aggregates and implicates a prion-like mechanism of oligomer propagation, which manifests as the dissemination and proliferation of Aβ toxicity. Despite accumulating evidence in support of a transmissible nature of Aβ aggregates, a clear, molecular-level understanding of this intriguing mechanism is lacking. Recently, we reported the characterization of unique replicating oligomers of Aβ42 (12-24 mers) in vitro called Large Fatty Acid-derived Oligomers (LFAOs) (Kumar et al., 2012, J. Biol. Chem). In the current report, we establish that LFAOs possess physiological activity by activating NF-κB in human neuroblastoma cells, and determine the experimental parameters that control the efficiency of LFAO replication by self-propagation. These findings constitute the first detailed report on monomer - oligomer lateral propagation reactions that may constitute potential mechanism governing transmissibility among Aβ oligomers. These data support the previous reports on transmissible mechanisms observed in transgenic animal models.\n","denotations":[{"id":"T1","span":{"begin":0,"end":102},"obj":"Background"},{"id":"T2","span":{"begin":103,"end":255},"obj":"Background"},{"id":"T3","span":{"begin":256,"end":488},"obj":"Result"},{"id":"T4","span":{"begin":489,"end":710},"obj":"Background"},{"id":"T5","span":{"begin":711,"end":944},"obj":"Method"},{"id":"T6","span":{"begin":945,"end":1109},"obj":"Result"},{"id":"T7","span":{"begin":1110,"end":1294},"obj":"Method"},{"id":"T8","span":{"begin":1295,"end":1301},"obj":"Result"},{"id":"T9","span":{"begin":1302,"end":1540},"obj":"Method"},{"id":"T10","span":{"begin":1541,"end":1731},"obj":"Conclusion"},{"id":"T11","span":{"begin":1732,"end":1837},"obj":"Result"}],"relations":[]}