{"text":"Effects on murine behavior and lifespan of selectively decreasing expression of mutant huntingtin allele by supt4h knockdown.\nProduction of protein containing lengthy stretches of polyglutamine encoded by multiple repeats of the trinucleotide CAG is a hallmark of Huntington's disease (HD) and of a variety of other inherited degenerative neurological and neuromuscular disorders. Earlier work has shown that interference with production of the transcription elongation protein SUPT4H results in decreased cellular capacity to transcribe mutant huntingtin gene (Htt) alleles containing long CAG expansions, but has little effect on expression of genes containing short CAG stretches. zQ175 and R6/2 are genetically engineered mouse strains whose genomes contain human HTT alleles that include greatly expanded CAG repeats and which are used as animal models for HD. Here we show that reduction of SUPT4H expression in brains of zQ175 mice by intracerebroventricular bolus injection of antisense 2'-O-methoxyethyl oligonucleotides (ASOs) directed against Supt4h, or in R6/2 mice by deletion of one copy of the Supt4h gene, results in a decrease in mRNA and protein encoded specifically by mutant Htt alleles. We further show that reduction of SUPT4H in mouse brains is associated with decreased HTT protein aggregation, and in R6/2 mice, also with prolonged lifespan and delay of the motor impairment that normally develops in these animals. Our findings support the view that targeting of SUPT4H function may be useful as a therapeutic countermeasure against HD.\n","denotations":[{"id":"T1","span":{"begin":0,"end":125},"obj":"Background"},{"id":"T2","span":{"begin":126,"end":380},"obj":"Background"},{"id":"T3","span":{"begin":381,"end":683},"obj":"Background"},{"id":"T4","span":{"begin":684,"end":865},"obj":"Method"},{"id":"T5","span":{"begin":866,"end":1207},"obj":"Method"},{"id":"T6","span":{"begin":1208,"end":1440},"obj":"Result"},{"id":"T7","span":{"begin":1441,"end":1562},"obj":"Conclusion"}],"relations":[]}