{"text":"Large expansion of CTG•CAG repeats is exacerbated by MutSβ in human cells.\nTrinucleotide repeat expansion disorders (TRED) are caused by genomic expansions of trinucleotide repeats, such as CTG and CAG. These expanded repeats are unstable in germline and somatic cells, with potential consequences for disease severity. Previous studies have demonstrated the involvement of DNA repair proteins in repeat instability, although the key factors affecting large repeat expansion and contraction are unclear. Here we investigated these factors in a human cell model harboring 800 CTG•CAG repeats by individually knocking down various DNA repair proteins using short interfering RNA. Knockdown of MSH2 and MSH3, which form the MutSβ heterodimer and function in mismatch repair, suppressed large repeat expansions, whereas knockdown of MSH6, which forms the MutSα heterodimer with MSH2, promoted large expansions exceeding 200 repeats by compensatory increases in MSH3 and the MutSβ complex. Knockdown of topoisomerase 1 (TOP1) and TDP1, which are involved in single-strand break repair, enhanced large repeat contractions. Furthermore, knockdown of senataxin, an RNA/DNA helicase which affects DNA:RNA hybrid formation and transcription-coupled nucleotide excision repair, exacerbated repeat instability in both directions. These results indicate that DNA repair factors, such as MutSβ play important roles in large repeat expansion and contraction, and can be an excellent therapeutic target for TRED.\n","denotations":[{"id":"T1","span":{"begin":0,"end":74},"obj":"Background"},{"id":"T2","span":{"begin":75,"end":202},"obj":"Background"},{"id":"T3","span":{"begin":203,"end":319},"obj":"Method"},{"id":"T4","span":{"begin":320,"end":503},"obj":"Background"},{"id":"T5","span":{"begin":504,"end":677},"obj":"Method"},{"id":"T6","span":{"begin":678,"end":984},"obj":"Result"},{"id":"T7","span":{"begin":985,"end":1116},"obj":"Method"},{"id":"T8","span":{"begin":1117,"end":1317},"obj":"Method"},{"id":"T9","span":{"begin":1318,"end":1496},"obj":"Result"}],"relations":[]}