{"text":"Epiregulin contributes to breast tumorigenesis through regulating matrix metalloproteinase 1 and promoting cell survival.\nThe epidermal growth factor (EGF) family of ligands has been implicated in promoting breast cancer initiation, growth and progression. The contributions of EGF family ligands and their receptors to breast cancer are complex, and the specific mechanisms through which different ligands regulate breast tumor initiation and growth are not well-defined. These studies focus on the EGF family member epiregulin (EREG) as a mediator of early stage breast tumorigenesis. EREG expression levels were assessed in both cell lines and human samples of ductal carcinoma in situ (DCIS) using quantitative RT-PCR, ELISA and immunohistochemistry. Gene knock-down approaches using shRNA-based strategies were used to determine the requirement of EREG for growth of MCF10DCIS cells in vivo, and for identifying mechanisms through which EREG promotes tumor cell survival. Experiments were performed using a combination of two-dimensional culture, three-dimensional culture and tumor growth in vivo. In comparison with other EGF family members, EREG was induced in MCF10DCIS cells compared with MCF10A and MCF10AT cells and its expression was partially regulated by fibroblast growth factor receptor (FGFR) activity. Reduced EREG expression in MCF10DCIS cells led to decreased tumor growth in vivo, which was associated with reduced cell survival. Furthermore, treatment of MCF10A cells with exogenous EREG enhanced cell survival both in three-dimensional culture and in response to chemotherapeutic agents. Examination of EREG-induced signaling pathways demonstrated that EREG promoted survival of MCF10A cells through regulating expression of matrix metalloproteinase-1 (MMP-1). To determine the relevance of these findings in human tumors, samples of DCIS were analyzed for EREG and MMP-1 expression. EREG was induced in DCIS lesions compared to normal breast epithelium, and EREG and MMP-1 were correlated in a subset of DCIS samples. Together, these studies lead to identification of a novel pathway involving EREG and MMP-1 that contributes to the formation of early stage breast cancer. Understanding these complex pathways could ultimately lead to the development of novel biomarkers of neoplastic progression and/or new therapeutic strategies for patients with early stage cancer.\n","denotations":[{"id":"T1","span":{"begin":0,"end":121},"obj":"Background"},{"id":"T2","span":{"begin":122,"end":256},"obj":"Background"},{"id":"T3","span":{"begin":257,"end":472},"obj":"Result"},{"id":"T4","span":{"begin":473,"end":586},"obj":"Background"},{"id":"T5","span":{"begin":587,"end":976},"obj":"Method"},{"id":"T6","span":{"begin":977,"end":1103},"obj":"Method"},{"id":"T7","span":{"begin":1104,"end":1320},"obj":"Result"},{"id":"T8","span":{"begin":1321,"end":1451},"obj":"Result"},{"id":"T9","span":{"begin":1452,"end":1611},"obj":"Method"},{"id":"T10","span":{"begin":1612,"end":1784},"obj":"Result"},{"id":"T11","span":{"begin":1785,"end":1907},"obj":"Method"},{"id":"T12","span":{"begin":1908,"end":2042},"obj":"Method"},{"id":"T13","span":{"begin":2043,"end":2197},"obj":"Conclusion"},{"id":"T14","span":{"begin":2198,"end":2393},"obj":"Conclusion"}],"relations":[]}