{"text":"Selection and evolution in the genomic landscape of copy number alterations in ductal carcinoma in situ (DCIS) and its progression to invasive carcinoma of ductal/no special type: a meta-analysis.\nDuctal carcinoma in situ (DCIS) is a pre-invasive malignancy detected with an increasing frequency through screening mammography. One of the primary aims of therapy is to prevent local recurrence, as in situ or as invasive carcinoma, the latter arising in half of the recurrent cases. Reliable biomarkers predictive of its association with recurrence, particularly as invasive disease, are however lacking. In this study, we perform a meta-analysis of 26 studies which report somatic copy number aberrations (SCNAs) in 288 cases of 'pure' DCIS and 328 of DCIS associated with invasive carcinoma, along with additional unmatched cases of 145 invasive carcinoma of ductal/no special type (IDC) and 50 of atypical ductal hyperplasia (ADH). SCNA frequencies across the genome were calculated at cytoband resolution (UCSC genome build 19) to maximally utilize the available information in published literature. Fisher's exact test was used to identify significant differences in the gain-loss distribution in each cytoband in different group comparisons. We found synchronous DCIS to be at a more advanced stage of genetic aberrations than pure DCIS and was very similar to IDC. Differences in gains and losses in each disease process (i.e. invasive or in situ) at each cytoband were used to infer evidence of selection and conservation for each cytoband and to define an evolutionary conservation scale (ECS) as a tool to identify and distinguish driver SCNA from the passenger SCNA. Using ECS, we have identified aberrations that show evidence of selection from the early stages of neoplasia (i.e. in ADH and pure DCIS) and persist in IDC; we postulate these to be driver aberrations and that their presence may predict progression to invasive disease.\n","denotations":[{"id":"T1","span":{"begin":0,"end":196},"obj":"Background"},{"id":"T2","span":{"begin":197,"end":326},"obj":"Background"},{"id":"T3","span":{"begin":327,"end":481},"obj":"Method"},{"id":"T4","span":{"begin":482,"end":603},"obj":"Conclusion"},{"id":"T5","span":{"begin":604,"end":933},"obj":"Method"},{"id":"T6","span":{"begin":934,"end":1102},"obj":"Method"},{"id":"T7","span":{"begin":1103,"end":1246},"obj":"Method"},{"id":"T8","span":{"begin":1247,"end":1370},"obj":"Result"},{"id":"T9","span":{"begin":1371,"end":1432},"obj":"Result"},{"id":"T10","span":{"begin":1433,"end":1676},"obj":"Method"},{"id":"T11","span":{"begin":1677,"end":1946},"obj":"Result"}],"relations":[]}