{"text":"HdhQ111 Mice Exhibit Tissue Specific Metabolite Profiles that Include Striatal Lipid Accumulation.\nThe HTT CAG expansion mutation causes Huntington's Disease and is associated with a wide range of cellular consequences, including altered metabolism. The mutant allele is expressed widely, in all tissues, but the striatum and cortex are especially vulnerable to its effects. To more fully understand this tissue-specificity, early in the disease process, we asked whether the metabolic impact of the mutant CAG expanded allele in heterozygous B6.HdhQ111/+ mice would be common across tissues, or whether tissues would have tissue-specific responses and whether such changes may be affected by diet. Specifically, we cross-sectionally examined steady state metabolite concentrations from a range of tissues (plasma, brown adipose tissue, cerebellum, striatum, liver, white adipose tissue), using an established liquid chromatography-mass spectrometry pipeline, from cohorts of 8 month old mutant and wild-type littermate mice that were fed one of two different high-fat diets. The differential response to diet highlighted a proportion of metabolites in all tissues, ranging from 3% (7/219) in the striatum to 12% (25/212) in white adipose tissue. By contrast, the mutant CAG-expanded allele primarily affected brain metabolites, with 14% (30/219) of metabolites significantly altered, compared to wild-type, in striatum and 11% (25/224) in the cerebellum. In general, diet and the CAG-expanded allele both elicited metabolite changes that were predominantly tissue-specific and non-overlapping, with evidence for mutation-by-diet interaction in peripheral tissues most affected by diet. Machine-learning approaches highlighted the accumulation of diverse lipid species as the most genotype-predictive metabolite changes in the striatum. Validation experiments in cell culture demonstrated that lipid accumulation was also a defining feature of mutant HdhQ111 striatal progenitor cells. Thus, metabolite-level responses to the CAG expansion mutation in vivo were tissue specific and most evident in brain, where the striatum featured signature accumulation of a set of lipids including sphingomyelin, phosphatidylcholine, cholesterol ester and triglyceride species. Importantly, in the presence of the CAG mutation, metabolite changes were unmasked in peripheral tissues by an interaction with dietary fat, implying that the design of studies to discover metabolic changes in HD mutation carriers should include metabolic perturbations.\n","denotations":[{"id":"T1","span":{"begin":0,"end":98},"obj":"Background"},{"id":"T2","span":{"begin":99,"end":249},"obj":"Background"},{"id":"T3","span":{"begin":250,"end":374},"obj":"Result"},{"id":"T4","span":{"begin":375,"end":698},"obj":"Method"},{"id":"T5","span":{"begin":699,"end":1075},"obj":"Method"},{"id":"T6","span":{"begin":1076,"end":1246},"obj":"Result"},{"id":"T7","span":{"begin":1247,"end":1455},"obj":"Result"},{"id":"T8","span":{"begin":1456,"end":1686},"obj":"Result"},{"id":"T9","span":{"begin":1687,"end":1836},"obj":"Result"},{"id":"T10","span":{"begin":1837,"end":1985},"obj":"Result"},{"id":"T11","span":{"begin":1986,"end":2264},"obj":"Result"},{"id":"T12","span":{"begin":2265,"end":2535},"obj":"Result"}],"relations":[]}