{"text":"Novel BAC Mouse Model of Huntington's Disease with 225 CAG Repeats Exhibits an Early Widespread and Stable Degenerative Phenotype.\nUnusually large CAG repeat expansions ( greater than 60) in exon one of Huntingtin (HTT) are invariably associated with a juvenile-onset form of Huntington's disease (HD), characterized by a more extensive and rapidly progressing neuropathology than the more prevalent adult-onset form. However, existing mouse models of HD that express the full-length Htt gene with CAG repeat lengths associated with juvenile HD (ranging between ~75 to ~150 repeats in published models) exhibit selective neurodegenerative phenotypes more consistent with adult-onset HD. Objective: To determine if a very large CAG repeat ( greater than 200) in full-length Htt elicits neurodegenerative phenotypes consistent with juvenile HD. Using a …bacterial artificial chromosome (BAC) system, we generated mice expressing full-length mouse Htt with ~225 CAG repeats under control of the mouse Htt promoter. Mice were characterized using behavioral, neuropathological, biochemical and brain imaging methods. BAC-225Q mice exhibit phenotypes consistent with a subset of features seen in juvenile-onset HD: very early motor behavior abnormalities, reduced body weight, widespread and progressive increase in Htt aggregates, gliosis, and neurodegeneration. Early striatal pathology was observed, including reactive gliosis and loss of dopamine receptors, prior to detectable volume loss. HD-related blood markers of impaired energy metabolism and systemic inflammation were also increased. Aside from an age-dependent progression of diffuse nuclear aggregates at 6 months of age to abundant neuropil aggregates at 12 months of age, other pathological and motor phenotypes showed little to no progression. The HD phenotypes present in animals 3 to 12 months of age make the BAC-225Q mice a unique and stable model of full-length mutant Htt associated phenotypes, including body weight loss, behavioral impairment and HD-like neurodegenerative phenotypes characteristic of juvenile-onset HD and/or late-stage adult-onset HD.\n","denotations":[{"id":"T1","span":{"begin":0,"end":130},"obj":"Background"},{"id":"T2","span":{"begin":131,"end":417},"obj":"Background"},{"id":"T3","span":{"begin":418,"end":686},"obj":"Result"},{"id":"T4","span":{"begin":687,"end":842},"obj":"Method"},{"id":"T5","span":{"begin":843,"end":1011},"obj":"Method"},{"id":"T6","span":{"begin":1012,"end":1111},"obj":"Method"},{"id":"T7","span":{"begin":1112,"end":1357},"obj":"Result"},{"id":"T8","span":{"begin":1358,"end":1488},"obj":"Result"},{"id":"T9","span":{"begin":1489,"end":1590},"obj":"Result"},{"id":"T10","span":{"begin":1591,"end":1805},"obj":"Result"},{"id":"T11","span":{"begin":1806,"end":2123},"obj":"Result"}],"relations":[]}