{"text":"Mammographically dense human breast tissue stimulates MCF10DCIS.com progression to invasive lesions and metastasis.\nHigh mammographic density (HMD) not only confers a significantly increased risk of breast cancer (BC) but also is associated with BCs of more advanced stages. However, it is unclear whether BC progression and metastasis are stimulated by HMD. We investigated whether patient-derived HMD breast tissue could stimulate the progression of MCF10DCIS.com cells compared with patient-matched low mammographic density (LMD) tissue. Sterile breast specimens were obtained immediately after prophylactic mastectomy from high-risk women (n = 10). HMD and LMD regions of each specimen were resected under radiological guidance. Human MCF10DCIS.com cells, a model of ductal carcinoma in situ (DCIS), were implanted into silicone biochambers in the groins of severe combined immunodeficiency mice, either alone or with matched LMD or HMD tissue (1:1), and maintained for 6 weeks. We assessed biochamber weight as a measure of primary tumour growth, histological grade of the biochamber material, circulating tumour cells and metastatic burden by luciferase and histology. All statistical tests were two-sided. HMD breast tissue led to increased primary tumour take, increased biochamber weight and increased proportions of high-grade DCIS and grade 3 invasive BCs compared with LMD. This correlated with an increased metastatic burden in the mice co-implanted with HMD tissue. Our study is the first to explore the direct effect of HMD and LMD human breast tissue on the progression and dissemination of BC cells in vivo. The results suggest that HMD status should be a consideration in decision-making for management of patients with DCIS lesions.\n","denotations":[{"id":"T1","span":{"begin":0,"end":67},"obj":"Background"},{"id":"T2","span":{"begin":68,"end":115},"obj":"Background"},{"id":"T3","span":{"begin":116,"end":274},"obj":"Result"},{"id":"T4","span":{"begin":275,"end":358},"obj":"Result"},{"id":"T5","span":{"begin":359,"end":465},"obj":"Method"},{"id":"T6","span":{"begin":466,"end":540},"obj":"Result"},{"id":"T7","span":{"begin":541,"end":652},"obj":"Method"},{"id":"T8","span":{"begin":653,"end":732},"obj":"Method"},{"id":"T9","span":{"begin":733,"end":752},"obj":"Method"},{"id":"T10","span":{"begin":753,"end":982},"obj":"Method"},{"id":"T11","span":{"begin":983,"end":1174},"obj":"Method"},{"id":"T12","span":{"begin":1175,"end":1212},"obj":"Method"},{"id":"T13","span":{"begin":1213,"end":1385},"obj":"Result"},{"id":"T14","span":{"begin":1386,"end":1479},"obj":"Result"},{"id":"T15","span":{"begin":1480,"end":1624},"obj":"Method"},{"id":"T16","span":{"begin":1625,"end":1751},"obj":"Conclusion"}],"relations":[]}